
📘 Processing chapter6_chapter_6_faith_toward_god.md...
📑 Paragraph markers found: 177
🧮 Token-aware batching: 9 batch(es), budget ~106666 tokens, max batch size 20
🟦 Translating batch 1/9 (20 paras, ~892 tokens input)...
🟦 Translating batch 2/9 (20 paras, ~1220 tokens input)...
🟦 Translating batch 3/9 (20 paras, ~1823 tokens input)...
🟦 Translating batch 4/9 (20 paras, ~735 tokens input)...
🟦 Translating batch 5/9 (20 paras, ~1022 tokens input)...
🟦 Translating batch 6/9 (20 paras, ~827 tokens input)...
🟦 Translating batch 7/9 (20 paras, ~559 tokens input)...
🟦 Translating batch 8/9 (20 paras, ~733 tokens input)...
🟦 Translating batch 9/9 (17 paras, ~896 tokens input)...
✅ Done: /Users/andrew/repo/urdu-principles-of-faith/pipeline2/translation/chapters/chapter6_chapter_6_faith_toward_god.md (177/177 translated)

🎯 All files processed.

📘 Processing chapter6_chapter_6_faith_toward_god.md...
📑 Paragraph markers found: 177
🧮 Token-aware batching: 9 batch(es), budget ~106666 tokens, max batch size 20
🟦 Translating batch 1/9 (20 paras, ~1240 tokens input)...
🟦 Translating batch 2/9 (20 paras, ~1712 tokens input)...
🟦 Translating batch 3/9 (20 paras, ~2438 tokens input)...
🟦 Translating batch 4/9 (20 paras, ~959 tokens input)...
🟦 Translating batch 5/9 (20 paras, ~1327 tokens input)...
🟦 Translating batch 6/9 (20 paras, ~1039 tokens input)...
🟦 Translating batch 7/9 (20 paras, ~630 tokens input)...
🟦 Translating batch 8/9 (20 paras, ~932 tokens input)...
🟦 Translating batch 9/9 (17 paras, ~1242 tokens input)...
✅ Done: /Users/andrew/repo/urdu-principles-of-faith/pipeline2/backtranslation/chapters/chapter6_chapter_6_faith_toward_god.md (177/177 translated)

🎯 All files processed.
usage: compute_translation_similarity.py [-h]
                                         [--input-source-file INPUT_SOURCE_FILE]
                                         [--input-back-file INPUT_BACK_FILE]
                                         [--input-source-dir INPUT_SOURCE_DIR]
                                         [--input-back-dir INPUT_BACK_DIR]
                                         [--file-extension FILE_EXTENSION]
                                         [--output-dir OUTPUT_DIR]
compute_translation_similarity.py: error: unrecognized arguments: --source-dir /Users/andrew/repo/urdu-principles-of-faith/pipeline1/AUTOGEN/chapters --backtranslation-dir /Users/andrew/repo/urdu-principles-of-faith/pipeline2/backtranslation/chapters

📘 Processing chapter6_chapter_6_faith_toward_god.md...
📑 Paragraph markers found: 177
⏭️ Skipping <!-- p0 --> (already translated)
⏭️ Skipping <!-- p1 --> (already translated)
⏭️ Skipping <!-- p2 --> (already translated)
⏭️ Skipping <!-- p3 --> (already translated)
⏭️ Skipping <!-- p4 --> (already translated)
⏭️ Skipping <!-- p5 --> (already translated)
⏭️ Skipping <!-- p6 --> (already translated)
⏭️ Skipping <!-- p7 --> (already translated)
⏭️ Skipping <!-- p8 --> (already translated)
⏭️ Skipping <!-- p9 --> (already translated)
⏭️ Skipping <!-- p10 --> (already translated)
⏭️ Skipping <!-- p11 --> (already translated)
⏭️ Skipping <!-- p12 --> (already translated)
⏭️ Skipping <!-- p13 --> (already translated)
⏭️ Skipping <!-- p14 --> (already translated)
⏭️ Skipping <!-- p15 --> (already translated)
⏭️ Skipping <!-- p16 --> (already translated)
⏭️ Skipping <!-- p17 --> (already translated)
⏭️ Skipping <!-- p18 --> (already translated)
⏭️ Skipping <!-- p19 --> (already translated)
⏭️ Skipping <!-- p20 --> (already translated)
⏭️ Skipping <!-- p21 --> (already translated)
⏭️ Skipping <!-- p22 --> (already translated)
⏭️ Skipping <!-- p23 --> (already translated)
⏭️ Skipping <!-- p24 --> (already translated)
⏭️ Skipping <!-- p25 --> (already translated)
⏭️ Skipping <!-- p26 --> (already translated)
⏭️ Skipping <!-- p27 --> (already translated)
⏭️ Skipping <!-- p28 --> (already translated)
⏭️ Skipping <!-- p29 --> (already translated)
⏭️ Skipping <!-- p30 --> (already translated)
⏭️ Skipping <!-- p31 --> (already translated)
⏭️ Skipping <!-- p32 --> (already translated)
⏭️ Skipping <!-- p33 --> (already translated)
⏭️ Skipping <!-- p34 --> (already translated)
⏭️ Skipping <!-- p35 --> (already translated)
⏭️ Skipping <!-- p36 --> (already translated)
⏭️ Skipping <!-- p37 --> (already translated)
⏭️ Skipping <!-- p38 --> (already translated)
⏭️ Skipping <!-- p39 --> (already translated)
⏭️ Skipping <!-- p40 --> (already translated)
⏭️ Skipping <!-- p41 --> (already translated)
⏭️ Skipping <!-- p42 --> (already translated)
⏭️ Skipping <!-- p43 --> (already translated)
⏭️ Skipping <!-- p44 --> (already translated)
⏭️ Skipping <!-- p45 --> (already translated)
⏭️ Skipping <!-- p46 --> (already translated)
⏭️ Skipping <!-- p47 --> (already translated)
⏭️ Skipping <!-- p48 --> (already translated)
⏭️ Skipping <!-- p49 --> (already translated)
⏭️ Skipping <!-- p50 --> (already translated)
⏭️ Skipping <!-- p51 --> (already translated)
⏭️ Skipping <!-- p52 --> (already translated)
⏭️ Skipping <!-- p53 --> (already translated)
⏭️ Skipping <!-- p54 --> (already translated)
⏭️ Skipping <!-- p55 --> (already translated)
⏭️ Skipping <!-- p56 --> (already translated)
⏭️ Skipping <!-- p57 --> (already translated)
⏭️ Skipping <!-- p58 --> (already translated)
⏭️ Skipping <!-- p59 --> (already translated)
⏭️ Skipping <!-- p60 --> (already translated)
⏭️ Skipping <!-- p61 --> (already translated)
⏭️ Skipping <!-- p62 --> (already translated)
⏭️ Skipping <!-- p63 --> (already translated)
⏭️ Skipping <!-- p64 --> (already translated)
⏭️ Skipping <!-- p65 --> (already translated)
⏭️ Skipping <!-- p66 --> (already translated)
⏭️ Skipping <!-- p67 --> (already translated)
⏭️ Skipping <!-- p68 --> (already translated)
⏭️ Skipping <!-- p69 --> (already translated)
⏭️ Skipping <!-- p70 --> (already translated)
⏭️ Skipping <!-- p71 --> (already translated)
⏭️ Skipping <!-- p72 --> (already translated)
⏭️ Skipping <!-- p73 --> (already translated)
⏭️ Skipping <!-- p74 --> (already translated)
⏭️ Skipping <!-- p75 --> (already translated)
⏭️ Skipping <!-- p76 --> (already translated)
⏭️ Skipping <!-- p77 --> (already translated)
⏭️ Skipping <!-- p78 --> (already translated)
⏭️ Skipping <!-- p79 --> (already translated)
⏭️ Skipping <!-- p80 --> (already translated)
⏭️ Skipping <!-- p81 --> (already translated)
⏭️ Skipping <!-- p82 --> (already translated)
⏭️ Skipping <!-- p83 --> (already translated)
⏭️ Skipping <!-- p84 --> (already translated)
⏭️ Skipping <!-- p85 --> (already translated)
⏭️ Skipping <!-- p86 --> (already translated)
⏭️ Skipping <!-- p87 --> (already translated)
⏭️ Skipping <!-- p88 --> (already translated)
⏭️ Skipping <!-- p89 --> (already translated)
⏭️ Skipping <!-- p90 --> (already translated)
⏭️ Skipping <!-- p91 --> (already translated)
⏭️ Skipping <!-- p92 --> (already translated)
⏭️ Skipping <!-- p93 --> (already translated)
⏭️ Skipping <!-- p94 --> (already translated)
⏭️ Skipping <!-- p95 --> (already translated)
⏭️ Skipping <!-- p96 --> (already translated)
⏭️ Skipping <!-- p97 --> (already translated)
⏭️ Skipping <!-- p98 --> (already translated)
⏭️ Skipping <!-- p99 --> (already translated)
⏭️ Skipping <!-- p100 --> (already translated)
⏭️ Skipping <!-- p101 --> (already translated)
⏭️ Skipping <!-- p102 --> (already translated)
⏭️ Skipping <!-- p103 --> (already translated)
⏭️ Skipping <!-- p104 --> (already translated)
⏭️ Skipping <!-- p105 --> (already translated)
⏭️ Skipping <!-- p106 --> (already translated)
⏭️ Skipping <!-- p107 --> (already translated)
⏭️ Skipping <!-- p108 --> (already translated)
⏭️ Skipping <!-- p109 --> (already translated)
⏭️ Skipping <!-- p110 --> (already translated)
⏭️ Skipping <!-- p111 --> (already translated)
⏭️ Skipping <!-- p112 --> (already translated)
⏭️ Skipping <!-- p113 --> (already translated)
⏭️ Skipping <!-- p114 --> (already translated)
⏭️ Skipping <!-- p115 --> (already translated)
⏭️ Skipping <!-- p116 --> (already translated)
⏭️ Skipping <!-- p117 --> (already translated)
⏭️ Skipping <!-- p118 --> (already translated)
⏭️ Skipping <!-- p119 --> (already translated)
⏭️ Skipping <!-- p120 --> (already translated)
⏭️ Skipping <!-- p121 --> (already translated)
⏭️ Skipping <!-- p122 --> (already translated)
⏭️ Skipping <!-- p123 --> (already translated)
⏭️ Skipping <!-- p124 --> (already translated)
⏭️ Skipping <!-- p125 --> (already translated)
⏭️ Skipping <!-- p126 --> (already translated)
⏭️ Skipping <!-- p127 --> (already translated)
⏭️ Skipping <!-- p128 --> (already translated)
⏭️ Skipping <!-- p129 --> (already translated)
⏭️ Skipping <!-- p130 --> (already translated)
⏭️ Skipping <!-- p131 --> (already translated)
⏭️ Skipping <!-- p132 --> (already translated)
⏭️ Skipping <!-- p133 --> (already translated)
⏭️ Skipping <!-- p134 --> (already translated)
⏭️ Skipping <!-- p135 --> (already translated)
⏭️ Skipping <!-- p136 --> (already translated)
⏭️ Skipping <!-- p137 --> (already translated)
⏭️ Skipping <!-- p138 --> (already translated)
⏭️ Skipping <!-- p139 --> (already translated)
⏭️ Skipping <!-- p140 --> (already translated)
⏭️ Skipping <!-- p141 --> (already translated)
⏭️ Skipping <!-- p142 --> (already translated)
⏭️ Skipping <!-- p143 --> (already translated)
⏭️ Skipping <!-- p144 --> (already translated)
⏭️ Skipping <!-- p145 --> (already translated)
⏭️ Skipping <!-- p146 --> (already translated)
⏭️ Skipping <!-- p147 --> (already translated)
⏭️ Skipping <!-- p148 --> (already translated)
⏭️ Skipping <!-- p149 --> (already translated)
⏭️ Skipping <!-- p150 --> (already translated)
⏭️ Skipping <!-- p151 --> (already translated)
⏭️ Skipping <!-- p152 --> (already translated)
⏭️ Skipping <!-- p153 --> (already translated)
⏭️ Skipping <!-- p154 --> (already translated)
⏭️ Skipping <!-- p155 --> (already translated)
⏭️ Skipping <!-- p156 --> (already translated)
⏭️ Skipping <!-- p157 --> (already translated)
⏭️ Skipping <!-- p158 --> (already translated)
⏭️ Skipping <!-- p159 --> (already translated)
⏭️ Skipping <!-- p160 --> (already translated)
⏭️ Skipping <!-- p161 --> (already translated)
⏭️ Skipping <!-- p162 --> (already translated)
⏭️ Skipping <!-- p163 --> (already translated)
⏭️ Skipping <!-- p164 --> (already translated)
⏭️ Skipping <!-- p165 --> (already translated)
⏭️ Skipping <!-- p166 --> (already translated)
⏭️ Skipping <!-- p167 --> (already translated)
⏭️ Skipping <!-- p168 --> (already translated)
⏭️ Skipping <!-- p169 --> (already translated)
⏭️ Skipping <!-- p170 --> (already translated)
⏭️ Skipping <!-- p171 --> (already translated)
⏭️ Skipping <!-- p172 --> (already translated)
⏭️ Skipping <!-- p173 --> (already translated)
⏭️ Skipping <!-- p174 --> (already translated)
⏭️ Skipping <!-- p175 --> (already translated)
⏭️ Skipping <!-- p176 --> (already translated)
🧮 Token-aware batching: 0 batch(es), budget ~106666 tokens, max batch size 20
✅ Done: /Users/andrew/repo/urdu-principles-of-faith/pipeline2/translation/chapters/chapter6_chapter_6_faith_toward_god.md (0/177 translated)

🎯 All files processed.

📘 Processing chapter6_chapter_6_faith_toward_god.md...
📑 Paragraph markers found: 177
⏭️ Skipping <!-- p0 --> (already translated)
⏭️ Skipping <!-- p1 --> (already translated)
⏭️ Skipping <!-- p2 --> (already translated)
⏭️ Skipping <!-- p3 --> (already translated)
⏭️ Skipping <!-- p4 --> (already translated)
⏭️ Skipping <!-- p5 --> (already translated)
⏭️ Skipping <!-- p6 --> (already translated)
⏭️ Skipping <!-- p7 --> (already translated)
⏭️ Skipping <!-- p8 --> (already translated)
⏭️ Skipping <!-- p9 --> (already translated)
⏭️ Skipping <!-- p10 --> (already translated)
⏭️ Skipping <!-- p11 --> (already translated)
⏭️ Skipping <!-- p12 --> (already translated)
⏭️ Skipping <!-- p13 --> (already translated)
⏭️ Skipping <!-- p14 --> (already translated)
⏭️ Skipping <!-- p15 --> (already translated)
⏭️ Skipping <!-- p16 --> (already translated)
⏭️ Skipping <!-- p17 --> (already translated)
⏭️ Skipping <!-- p18 --> (already translated)
⏭️ Skipping <!-- p19 --> (already translated)
⏭️ Skipping <!-- p20 --> (already translated)
⏭️ Skipping <!-- p21 --> (already translated)
⏭️ Skipping <!-- p22 --> (already translated)
⏭️ Skipping <!-- p23 --> (already translated)
⏭️ Skipping <!-- p24 --> (already translated)
⏭️ Skipping <!-- p25 --> (already translated)
⏭️ Skipping <!-- p26 --> (already translated)
⏭️ Skipping <!-- p27 --> (already translated)
⏭️ Skipping <!-- p28 --> (already translated)
⏭️ Skipping <!-- p29 --> (already translated)
⏭️ Skipping <!-- p30 --> (already translated)
⏭️ Skipping <!-- p31 --> (already translated)
⏭️ Skipping <!-- p32 --> (already translated)
⏭️ Skipping <!-- p33 --> (already translated)
⏭️ Skipping <!-- p34 --> (already translated)
⏭️ Skipping <!-- p35 --> (already translated)
⏭️ Skipping <!-- p36 --> (already translated)
⏭️ Skipping <!-- p37 --> (already translated)
⏭️ Skipping <!-- p38 --> (already translated)
⏭️ Skipping <!-- p39 --> (already translated)
⏭️ Skipping <!-- p40 --> (already translated)
⏭️ Skipping <!-- p41 --> (already translated)
⏭️ Skipping <!-- p42 --> (already translated)
⏭️ Skipping <!-- p43 --> (already translated)
⏭️ Skipping <!-- p44 --> (already translated)
⏭️ Skipping <!-- p45 --> (already translated)
⏭️ Skipping <!-- p46 --> (already translated)
⏭️ Skipping <!-- p47 --> (already translated)
⏭️ Skipping <!-- p48 --> (already translated)
⏭️ Skipping <!-- p49 --> (already translated)
⏭️ Skipping <!-- p50 --> (already translated)
⏭️ Skipping <!-- p51 --> (already translated)
⏭️ Skipping <!-- p52 --> (already translated)
⏭️ Skipping <!-- p53 --> (already translated)
⏭️ Skipping <!-- p54 --> (already translated)
⏭️ Skipping <!-- p55 --> (already translated)
⏭️ Skipping <!-- p56 --> (already translated)
⏭️ Skipping <!-- p57 --> (already translated)
⏭️ Skipping <!-- p58 --> (already translated)
⏭️ Skipping <!-- p59 --> (already translated)
⏭️ Skipping <!-- p60 --> (already translated)
⏭️ Skipping <!-- p61 --> (already translated)
⏭️ Skipping <!-- p62 --> (already translated)
⏭️ Skipping <!-- p63 --> (already translated)
⏭️ Skipping <!-- p64 --> (already translated)
⏭️ Skipping <!-- p65 --> (already translated)
⏭️ Skipping <!-- p66 --> (already translated)
⏭️ Skipping <!-- p67 --> (already translated)
⏭️ Skipping <!-- p68 --> (already translated)
⏭️ Skipping <!-- p69 --> (already translated)
⏭️ Skipping <!-- p70 --> (already translated)
⏭️ Skipping <!-- p71 --> (already translated)
⏭️ Skipping <!-- p72 --> (already translated)
⏭️ Skipping <!-- p73 --> (already translated)
⏭️ Skipping <!-- p74 --> (already translated)
⏭️ Skipping <!-- p75 --> (already translated)
⏭️ Skipping <!-- p76 --> (already translated)
⏭️ Skipping <!-- p77 --> (already translated)
⏭️ Skipping <!-- p78 --> (already translated)
⏭️ Skipping <!-- p79 --> (already translated)
⏭️ Skipping <!-- p80 --> (already translated)
⏭️ Skipping <!-- p81 --> (already translated)
⏭️ Skipping <!-- p82 --> (already translated)
⏭️ Skipping <!-- p83 --> (already translated)
⏭️ Skipping <!-- p84 --> (already translated)
⏭️ Skipping <!-- p85 --> (already translated)
⏭️ Skipping <!-- p86 --> (already translated)
⏭️ Skipping <!-- p87 --> (already translated)
⏭️ Skipping <!-- p88 --> (already translated)
⏭️ Skipping <!-- p89 --> (already translated)
⏭️ Skipping <!-- p90 --> (already translated)
⏭️ Skipping <!-- p91 --> (already translated)
⏭️ Skipping <!-- p92 --> (already translated)
⏭️ Skipping <!-- p93 --> (already translated)
⏭️ Skipping <!-- p94 --> (already translated)
⏭️ Skipping <!-- p95 --> (already translated)
⏭️ Skipping <!-- p96 --> (already translated)
⏭️ Skipping <!-- p97 --> (already translated)
⏭️ Skipping <!-- p98 --> (already translated)
⏭️ Skipping <!-- p99 --> (already translated)
⏭️ Skipping <!-- p100 --> (already translated)
⏭️ Skipping <!-- p101 --> (already translated)
⏭️ Skipping <!-- p102 --> (already translated)
⏭️ Skipping <!-- p103 --> (already translated)
⏭️ Skipping <!-- p104 --> (already translated)
⏭️ Skipping <!-- p105 --> (already translated)
⏭️ Skipping <!-- p106 --> (already translated)
⏭️ Skipping <!-- p107 --> (already translated)
⏭️ Skipping <!-- p108 --> (already translated)
⏭️ Skipping <!-- p109 --> (already translated)
⏭️ Skipping <!-- p110 --> (already translated)
⏭️ Skipping <!-- p111 --> (already translated)
⏭️ Skipping <!-- p112 --> (already translated)
⏭️ Skipping <!-- p113 --> (already translated)
⏭️ Skipping <!-- p114 --> (already translated)
⏭️ Skipping <!-- p115 --> (already translated)
⏭️ Skipping <!-- p116 --> (already translated)
⏭️ Skipping <!-- p117 --> (already translated)
⏭️ Skipping <!-- p118 --> (already translated)
⏭️ Skipping <!-- p119 --> (already translated)
⏭️ Skipping <!-- p120 --> (already translated)
⏭️ Skipping <!-- p121 --> (already translated)
⏭️ Skipping <!-- p122 --> (already translated)
⏭️ Skipping <!-- p123 --> (already translated)
⏭️ Skipping <!-- p124 --> (already translated)
⏭️ Skipping <!-- p125 --> (already translated)
⏭️ Skipping <!-- p126 --> (already translated)
⏭️ Skipping <!-- p127 --> (already translated)
⏭️ Skipping <!-- p128 --> (already translated)
⏭️ Skipping <!-- p129 --> (already translated)
⏭️ Skipping <!-- p130 --> (already translated)
⏭️ Skipping <!-- p131 --> (already translated)
⏭️ Skipping <!-- p132 --> (already translated)
⏭️ Skipping <!-- p133 --> (already translated)
⏭️ Skipping <!-- p134 --> (already translated)
⏭️ Skipping <!-- p135 --> (already translated)
⏭️ Skipping <!-- p136 --> (already translated)
⏭️ Skipping <!-- p137 --> (already translated)
⏭️ Skipping <!-- p138 --> (already translated)
⏭️ Skipping <!-- p139 --> (already translated)
⏭️ Skipping <!-- p140 --> (already translated)
⏭️ Skipping <!-- p141 --> (already translated)
⏭️ Skipping <!-- p142 --> (already translated)
⏭️ Skipping <!-- p143 --> (already translated)
⏭️ Skipping <!-- p144 --> (already translated)
⏭️ Skipping <!-- p145 --> (already translated)
⏭️ Skipping <!-- p146 --> (already translated)
⏭️ Skipping <!-- p147 --> (already translated)
⏭️ Skipping <!-- p148 --> (already translated)
⏭️ Skipping <!-- p149 --> (already translated)
⏭️ Skipping <!-- p150 --> (already translated)
⏭️ Skipping <!-- p151 --> (already translated)
⏭️ Skipping <!-- p152 --> (already translated)
⏭️ Skipping <!-- p153 --> (already translated)
⏭️ Skipping <!-- p154 --> (already translated)
⏭️ Skipping <!-- p155 --> (already translated)
⏭️ Skipping <!-- p156 --> (already translated)
⏭️ Skipping <!-- p157 --> (already translated)
⏭️ Skipping <!-- p158 --> (already translated)
⏭️ Skipping <!-- p159 --> (already translated)
⏭️ Skipping <!-- p160 --> (already translated)
⏭️ Skipping <!-- p161 --> (already translated)
⏭️ Skipping <!-- p162 --> (already translated)
⏭️ Skipping <!-- p163 --> (already translated)
⏭️ Skipping <!-- p164 --> (already translated)
⏭️ Skipping <!-- p165 --> (already translated)
⏭️ Skipping <!-- p166 --> (already translated)
⏭️ Skipping <!-- p167 --> (already translated)
⏭️ Skipping <!-- p168 --> (already translated)
⏭️ Skipping <!-- p169 --> (already translated)
⏭️ Skipping <!-- p170 --> (already translated)
⏭️ Skipping <!-- p171 --> (already translated)
⏭️ Skipping <!-- p172 --> (already translated)
⏭️ Skipping <!-- p173 --> (already translated)
⏭️ Skipping <!-- p174 --> (already translated)
⏭️ Skipping <!-- p175 --> (already translated)
⏭️ Skipping <!-- p176 --> (already translated)
🧮 Token-aware batching: 0 batch(es), budget ~106666 tokens, max batch size 20
✅ Done: /Users/andrew/repo/urdu-principles-of-faith/pipeline2/backtranslation/chapters/chapter6_chapter_6_faith_toward_god.md (0/177 translated)

🎯 All files processed.
🔍 Found 1 matching file pairs:
  - chapter6_chapter_6_faith_toward_god.md

=== Processing: chapter6_chapter_6_faith_toward_god.md ===
Detected languages → Source: en, Back: en

Embedding batches:   0%|          | 0/3 [00:00<?, ?it/s]
Embedding batches:  33%|███▎      | 1/3 [00:01<00:03,  1.55s/it]
Embedding batches:  67%|██████▋   | 2/3 [00:03<00:01,  1.66s/it]
Embedding batches: 100%|██████████| 3/3 [00:04<00:00,  1.56s/it]
Embedding batches: 100%|██████████| 3/3 [00:04<00:00,  1.57s/it]
✅ Saved: /Users/andrew/repo/urdu-principles-of-faith/pipeline2/analysis/chapters/drift_report_chapter6_chapter_6_faith_toward_god_vs_chapter6_chapter_6_faith_toward_god_20251219-233250.csv
translation_quality
HIGH      153
MEDIUM     17
LOW         6
Name: count, dtype: int64
🗂 Found 1 drift reports in /Users/andrew/repo/urdu-principles-of-faith/pipeline2/analysis/chapters. Processing...

Analyzing 23 flagged paragraphs in drift_report_chapter6_chapter_6_faith_toward_god_vs_chapter6_chapter_6_faith_toward_god_20251219-233250.csv...

Explaining differences: 0it [00:00, ?it/s]
Explaining differences: 1it [00:02,  2.01s/it]
Explaining differences: 2it [00:03,  1.97s/it]
Explaining differences: 3it [00:05,  1.85s/it]
Explaining differences: 4it [00:06,  1.59s/it]
Explaining differences: 5it [00:08,  1.64s/it]
Explaining differences: 6it [00:11,  2.12s/it]
Explaining differences: 7it [00:13,  2.10s/it]
Explaining differences: 8it [00:14,  1.79s/it]
Explaining differences: 9it [00:16,  1.84s/it]
Explaining differences: 10it [00:18,  1.83s/it]
Explaining differences: 11it [00:19,  1.68s/it]
Explaining differences: 12it [00:21,  1.58s/it]
Explaining differences: 13it [00:23,  1.65s/it]
Explaining differences: 14it [00:24,  1.69s/it]
Explaining differences: 15it [00:26,  1.66s/it]
Explaining differences: 16it [00:27,  1.55s/it]
Explaining differences: 17it [00:30,  1.91s/it]
Explaining differences: 18it [00:32,  1.88s/it]
Explaining differences: 19it [00:34,  1.84s/it]
Explaining differences: 20it [00:35,  1.72s/it]
Explaining differences: 21it [00:37,  1.76s/it]
Explaining differences: 22it [00:38,  1.60s/it]
Explaining differences: 23it [00:41,  1.88s/it]
Explaining differences: 23it [00:41,  1.79s/it]
✅ Saved explained drift report: /Users/andrew/repo/urdu-principles-of-faith/pipeline2/analysis/explained/chapters/drift_report_chapter6_chapter_6_faith_toward_god_vs_chapter6_chapter_6_faith_toward_god_20251219-233250_explained.csv
📊 Summary: 23 analyzed | 6 changed | 0 failed to parse

🎉 All files processed.
Traceback (most recent call last):
  File "/Users/andrew/repo/ai_translation/./scripts/translate_table.py", line 377, in <module>
    main()
    ~~~~^^
  File "/Users/andrew/repo/ai_translation/./scripts/translate_table.py", line 323, in main
    context_tokens, max_output_tokens = load_model_limits(args.model_limits_path, args.model)
                                        ~~~~~~~~~~~~~~~~~^^^^^^^^^^^^^^^^^^^^^^^^^^^^^^^^^^^^
  File "/Users/andrew/repo/ai_translation/./scripts/translate_table.py", line 124, in load_model_limits
    return info["context_window_tokens"], info["max_output_tokens"]
           ~~~~^^^^^^^^^^^^^^^^^^^^^^^^^
KeyError: 'context_window_tokens'

📘 Processing chapter6_chapter_6_faith_toward_god.md...
📑 Paragraph markers found: 177
⏭️ Skipping <!-- p0 --> (already translated)
⏭️ Skipping <!-- p1 --> (already translated)
⏭️ Skipping <!-- p2 --> (already translated)
⏭️ Skipping <!-- p3 --> (already translated)
⏭️ Skipping <!-- p4 --> (already translated)
⏭️ Skipping <!-- p5 --> (already translated)
⏭️ Skipping <!-- p6 --> (already translated)
⏭️ Skipping <!-- p7 --> (already translated)
⏭️ Skipping <!-- p8 --> (already translated)
⏭️ Skipping <!-- p9 --> (already translated)
⏭️ Skipping <!-- p10 --> (already translated)
⏭️ Skipping <!-- p11 --> (already translated)
⏭️ Skipping <!-- p12 --> (already translated)
⏭️ Skipping <!-- p13 --> (already translated)
⏭️ Skipping <!-- p14 --> (already translated)
⏭️ Skipping <!-- p15 --> (already translated)
⏭️ Skipping <!-- p16 --> (already translated)
⏭️ Skipping <!-- p17 --> (already translated)
⏭️ Skipping <!-- p18 --> (already translated)
⏭️ Skipping <!-- p19 --> (already translated)
⏭️ Skipping <!-- p20 --> (already translated)
⏭️ Skipping <!-- p21 --> (already translated)
⏭️ Skipping <!-- p22 --> (already translated)
⏭️ Skipping <!-- p23 --> (already translated)
⏭️ Skipping <!-- p24 --> (already translated)
⏭️ Skipping <!-- p25 --> (already translated)
⏭️ Skipping <!-- p26 --> (already translated)
⏭️ Skipping <!-- p27 --> (already translated)
⏭️ Skipping <!-- p28 --> (already translated)
⏭️ Skipping <!-- p29 --> (already translated)
⏭️ Skipping <!-- p30 --> (already translated)
⏭️ Skipping <!-- p31 --> (already translated)
⏭️ Skipping <!-- p32 --> (already translated)
⏭️ Skipping <!-- p33 --> (already translated)
⏭️ Skipping <!-- p34 --> (already translated)
⏭️ Skipping <!-- p35 --> (already translated)
⏭️ Skipping <!-- p36 --> (already translated)
⏭️ Skipping <!-- p37 --> (already translated)
⏭️ Skipping <!-- p38 --> (already translated)
⏭️ Skipping <!-- p39 --> (already translated)
⏭️ Skipping <!-- p40 --> (already translated)
⏭️ Skipping <!-- p41 --> (already translated)
⏭️ Skipping <!-- p42 --> (already translated)
⏭️ Skipping <!-- p43 --> (already translated)
⏭️ Skipping <!-- p44 --> (already translated)
⏭️ Skipping <!-- p45 --> (already translated)
⏭️ Skipping <!-- p46 --> (already translated)
⏭️ Skipping <!-- p47 --> (already translated)
⏭️ Skipping <!-- p48 --> (already translated)
⏭️ Skipping <!-- p49 --> (already translated)
⏭️ Skipping <!-- p50 --> (already translated)
⏭️ Skipping <!-- p51 --> (already translated)
⏭️ Skipping <!-- p52 --> (already translated)
⏭️ Skipping <!-- p53 --> (already translated)
⏭️ Skipping <!-- p54 --> (already translated)
⏭️ Skipping <!-- p55 --> (already translated)
⏭️ Skipping <!-- p56 --> (already translated)
⏭️ Skipping <!-- p57 --> (already translated)
⏭️ Skipping <!-- p58 --> (already translated)
⏭️ Skipping <!-- p59 --> (already translated)
⏭️ Skipping <!-- p60 --> (already translated)
⏭️ Skipping <!-- p61 --> (already translated)
⏭️ Skipping <!-- p62 --> (already translated)
⏭️ Skipping <!-- p63 --> (already translated)
⏭️ Skipping <!-- p64 --> (already translated)
⏭️ Skipping <!-- p65 --> (already translated)
⏭️ Skipping <!-- p66 --> (already translated)
⏭️ Skipping <!-- p67 --> (already translated)
⏭️ Skipping <!-- p68 --> (already translated)
⏭️ Skipping <!-- p69 --> (already translated)
⏭️ Skipping <!-- p70 --> (already translated)
⏭️ Skipping <!-- p71 --> (already translated)
⏭️ Skipping <!-- p72 --> (already translated)
⏭️ Skipping <!-- p73 --> (already translated)
⏭️ Skipping <!-- p74 --> (already translated)
⏭️ Skipping <!-- p75 --> (already translated)
⏭️ Skipping <!-- p76 --> (already translated)
⏭️ Skipping <!-- p77 --> (already translated)
⏭️ Skipping <!-- p78 --> (already translated)
⏭️ Skipping <!-- p79 --> (already translated)
⏭️ Skipping <!-- p80 --> (already translated)
⏭️ Skipping <!-- p81 --> (already translated)
⏭️ Skipping <!-- p82 --> (already translated)
⏭️ Skipping <!-- p83 --> (already translated)
⏭️ Skipping <!-- p84 --> (already translated)
⏭️ Skipping <!-- p85 --> (already translated)
⏭️ Skipping <!-- p86 --> (already translated)
⏭️ Skipping <!-- p87 --> (already translated)
⏭️ Skipping <!-- p88 --> (already translated)
⏭️ Skipping <!-- p89 --> (already translated)
⏭️ Skipping <!-- p90 --> (already translated)
⏭️ Skipping <!-- p91 --> (already translated)
⏭️ Skipping <!-- p92 --> (already translated)
⏭️ Skipping <!-- p93 --> (already translated)
⏭️ Skipping <!-- p94 --> (already translated)
⏭️ Skipping <!-- p95 --> (already translated)
⏭️ Skipping <!-- p96 --> (already translated)
⏭️ Skipping <!-- p97 --> (already translated)
⏭️ Skipping <!-- p98 --> (already translated)
⏭️ Skipping <!-- p99 --> (already translated)
⏭️ Skipping <!-- p100 --> (already translated)
⏭️ Skipping <!-- p101 --> (already translated)
⏭️ Skipping <!-- p102 --> (already translated)
⏭️ Skipping <!-- p103 --> (already translated)
⏭️ Skipping <!-- p104 --> (already translated)
⏭️ Skipping <!-- p105 --> (already translated)
⏭️ Skipping <!-- p106 --> (already translated)
⏭️ Skipping <!-- p107 --> (already translated)
⏭️ Skipping <!-- p108 --> (already translated)
⏭️ Skipping <!-- p109 --> (already translated)
⏭️ Skipping <!-- p110 --> (already translated)
⏭️ Skipping <!-- p111 --> (already translated)
⏭️ Skipping <!-- p112 --> (already translated)
⏭️ Skipping <!-- p113 --> (already translated)
⏭️ Skipping <!-- p114 --> (already translated)
⏭️ Skipping <!-- p115 --> (already translated)
⏭️ Skipping <!-- p116 --> (already translated)
⏭️ Skipping <!-- p117 --> (already translated)
⏭️ Skipping <!-- p118 --> (already translated)
⏭️ Skipping <!-- p119 --> (already translated)
⏭️ Skipping <!-- p120 --> (already translated)
⏭️ Skipping <!-- p121 --> (already translated)
⏭️ Skipping <!-- p122 --> (already translated)
⏭️ Skipping <!-- p123 --> (already translated)
⏭️ Skipping <!-- p124 --> (already translated)
⏭️ Skipping <!-- p125 --> (already translated)
⏭️ Skipping <!-- p126 --> (already translated)
⏭️ Skipping <!-- p127 --> (already translated)
⏭️ Skipping <!-- p128 --> (already translated)
⏭️ Skipping <!-- p129 --> (already translated)
⏭️ Skipping <!-- p130 --> (already translated)
⏭️ Skipping <!-- p131 --> (already translated)
⏭️ Skipping <!-- p132 --> (already translated)
⏭️ Skipping <!-- p133 --> (already translated)
⏭️ Skipping <!-- p134 --> (already translated)
⏭️ Skipping <!-- p135 --> (already translated)
⏭️ Skipping <!-- p136 --> (already translated)
⏭️ Skipping <!-- p137 --> (already translated)
⏭️ Skipping <!-- p138 --> (already translated)
⏭️ Skipping <!-- p139 --> (already translated)
⏭️ Skipping <!-- p140 --> (already translated)
⏭️ Skipping <!-- p141 --> (already translated)
⏭️ Skipping <!-- p142 --> (already translated)
⏭️ Skipping <!-- p143 --> (already translated)
⏭️ Skipping <!-- p144 --> (already translated)
⏭️ Skipping <!-- p145 --> (already translated)
⏭️ Skipping <!-- p146 --> (already translated)
⏭️ Skipping <!-- p147 --> (already translated)
⏭️ Skipping <!-- p148 --> (already translated)
⏭️ Skipping <!-- p149 --> (already translated)
⏭️ Skipping <!-- p150 --> (already translated)
⏭️ Skipping <!-- p151 --> (already translated)
⏭️ Skipping <!-- p152 --> (already translated)
⏭️ Skipping <!-- p153 --> (already translated)
⏭️ Skipping <!-- p154 --> (already translated)
⏭️ Skipping <!-- p155 --> (already translated)
⏭️ Skipping <!-- p156 --> (already translated)
⏭️ Skipping <!-- p157 --> (already translated)
⏭️ Skipping <!-- p158 --> (already translated)
⏭️ Skipping <!-- p159 --> (already translated)
⏭️ Skipping <!-- p160 --> (already translated)
⏭️ Skipping <!-- p161 --> (already translated)
⏭️ Skipping <!-- p162 --> (already translated)
⏭️ Skipping <!-- p163 --> (already translated)
⏭️ Skipping <!-- p164 --> (already translated)
⏭️ Skipping <!-- p165 --> (already translated)
⏭️ Skipping <!-- p166 --> (already translated)
⏭️ Skipping <!-- p167 --> (already translated)
⏭️ Skipping <!-- p168 --> (already translated)
⏭️ Skipping <!-- p169 --> (already translated)
⏭️ Skipping <!-- p170 --> (already translated)
⏭️ Skipping <!-- p171 --> (already translated)
⏭️ Skipping <!-- p172 --> (already translated)
⏭️ Skipping <!-- p173 --> (already translated)
⏭️ Skipping <!-- p174 --> (already translated)
⏭️ Skipping <!-- p175 --> (already translated)
⏭️ Skipping <!-- p176 --> (already translated)
🧮 Token-aware batching: 0 batch(es), budget ~106666 tokens, max batch size 20
✅ Done: /Users/andrew/repo/urdu-principles-of-faith/pipeline2/translation/chapters/chapter6_chapter_6_faith_toward_god.md (0/177 translated)

🎯 All files processed.

📘 Processing chapter6_chapter_6_faith_toward_god.md...
📑 Paragraph markers found: 177
⏭️ Skipping <!-- p0 --> (already translated)
⏭️ Skipping <!-- p1 --> (already translated)
⏭️ Skipping <!-- p2 --> (already translated)
⏭️ Skipping <!-- p3 --> (already translated)
⏭️ Skipping <!-- p4 --> (already translated)
⏭️ Skipping <!-- p5 --> (already translated)
⏭️ Skipping <!-- p6 --> (already translated)
⏭️ Skipping <!-- p7 --> (already translated)
⏭️ Skipping <!-- p8 --> (already translated)
⏭️ Skipping <!-- p9 --> (already translated)
⏭️ Skipping <!-- p10 --> (already translated)
⏭️ Skipping <!-- p11 --> (already translated)
⏭️ Skipping <!-- p12 --> (already translated)
⏭️ Skipping <!-- p13 --> (already translated)
⏭️ Skipping <!-- p14 --> (already translated)
⏭️ Skipping <!-- p15 --> (already translated)
⏭️ Skipping <!-- p16 --> (already translated)
⏭️ Skipping <!-- p17 --> (already translated)
⏭️ Skipping <!-- p18 --> (already translated)
⏭️ Skipping <!-- p19 --> (already translated)
⏭️ Skipping <!-- p20 --> (already translated)
⏭️ Skipping <!-- p21 --> (already translated)
⏭️ Skipping <!-- p22 --> (already translated)
⏭️ Skipping <!-- p23 --> (already translated)
⏭️ Skipping <!-- p24 --> (already translated)
⏭️ Skipping <!-- p25 --> (already translated)
⏭️ Skipping <!-- p26 --> (already translated)
⏭️ Skipping <!-- p27 --> (already translated)
⏭️ Skipping <!-- p28 --> (already translated)
⏭️ Skipping <!-- p29 --> (already translated)
⏭️ Skipping <!-- p30 --> (already translated)
⏭️ Skipping <!-- p31 --> (already translated)
⏭️ Skipping <!-- p32 --> (already translated)
⏭️ Skipping <!-- p33 --> (already translated)
⏭️ Skipping <!-- p34 --> (already translated)
⏭️ Skipping <!-- p35 --> (already translated)
⏭️ Skipping <!-- p36 --> (already translated)
⏭️ Skipping <!-- p37 --> (already translated)
⏭️ Skipping <!-- p38 --> (already translated)
⏭️ Skipping <!-- p39 --> (already translated)
⏭️ Skipping <!-- p40 --> (already translated)
⏭️ Skipping <!-- p41 --> (already translated)
⏭️ Skipping <!-- p42 --> (already translated)
⏭️ Skipping <!-- p43 --> (already translated)
⏭️ Skipping <!-- p44 --> (already translated)
⏭️ Skipping <!-- p45 --> (already translated)
⏭️ Skipping <!-- p46 --> (already translated)
⏭️ Skipping <!-- p47 --> (already translated)
⏭️ Skipping <!-- p48 --> (already translated)
⏭️ Skipping <!-- p49 --> (already translated)
⏭️ Skipping <!-- p50 --> (already translated)
⏭️ Skipping <!-- p51 --> (already translated)
⏭️ Skipping <!-- p52 --> (already translated)
⏭️ Skipping <!-- p53 --> (already translated)
⏭️ Skipping <!-- p54 --> (already translated)
⏭️ Skipping <!-- p55 --> (already translated)
⏭️ Skipping <!-- p56 --> (already translated)
⏭️ Skipping <!-- p57 --> (already translated)
⏭️ Skipping <!-- p58 --> (already translated)
⏭️ Skipping <!-- p59 --> (already translated)
⏭️ Skipping <!-- p60 --> (already translated)
⏭️ Skipping <!-- p61 --> (already translated)
⏭️ Skipping <!-- p62 --> (already translated)
⏭️ Skipping <!-- p63 --> (already translated)
⏭️ Skipping <!-- p64 --> (already translated)
⏭️ Skipping <!-- p65 --> (already translated)
⏭️ Skipping <!-- p66 --> (already translated)
⏭️ Skipping <!-- p67 --> (already translated)
⏭️ Skipping <!-- p68 --> (already translated)
⏭️ Skipping <!-- p69 --> (already translated)
⏭️ Skipping <!-- p70 --> (already translated)
⏭️ Skipping <!-- p71 --> (already translated)
⏭️ Skipping <!-- p72 --> (already translated)
⏭️ Skipping <!-- p73 --> (already translated)
⏭️ Skipping <!-- p74 --> (already translated)
⏭️ Skipping <!-- p75 --> (already translated)
⏭️ Skipping <!-- p76 --> (already translated)
⏭️ Skipping <!-- p77 --> (already translated)
⏭️ Skipping <!-- p78 --> (already translated)
⏭️ Skipping <!-- p79 --> (already translated)
⏭️ Skipping <!-- p80 --> (already translated)
⏭️ Skipping <!-- p81 --> (already translated)
⏭️ Skipping <!-- p82 --> (already translated)
⏭️ Skipping <!-- p83 --> (already translated)
⏭️ Skipping <!-- p84 --> (already translated)
⏭️ Skipping <!-- p85 --> (already translated)
⏭️ Skipping <!-- p86 --> (already translated)
⏭️ Skipping <!-- p87 --> (already translated)
⏭️ Skipping <!-- p88 --> (already translated)
⏭️ Skipping <!-- p89 --> (already translated)
⏭️ Skipping <!-- p90 --> (already translated)
⏭️ Skipping <!-- p91 --> (already translated)
⏭️ Skipping <!-- p92 --> (already translated)
⏭️ Skipping <!-- p93 --> (already translated)
⏭️ Skipping <!-- p94 --> (already translated)
⏭️ Skipping <!-- p95 --> (already translated)
⏭️ Skipping <!-- p96 --> (already translated)
⏭️ Skipping <!-- p97 --> (already translated)
⏭️ Skipping <!-- p98 --> (already translated)
⏭️ Skipping <!-- p99 --> (already translated)
⏭️ Skipping <!-- p100 --> (already translated)
⏭️ Skipping <!-- p101 --> (already translated)
⏭️ Skipping <!-- p102 --> (already translated)
⏭️ Skipping <!-- p103 --> (already translated)
⏭️ Skipping <!-- p104 --> (already translated)
⏭️ Skipping <!-- p105 --> (already translated)
⏭️ Skipping <!-- p106 --> (already translated)
⏭️ Skipping <!-- p107 --> (already translated)
⏭️ Skipping <!-- p108 --> (already translated)
⏭️ Skipping <!-- p109 --> (already translated)
⏭️ Skipping <!-- p110 --> (already translated)
⏭️ Skipping <!-- p111 --> (already translated)
⏭️ Skipping <!-- p112 --> (already translated)
⏭️ Skipping <!-- p113 --> (already translated)
⏭️ Skipping <!-- p114 --> (already translated)
⏭️ Skipping <!-- p115 --> (already translated)
⏭️ Skipping <!-- p116 --> (already translated)
⏭️ Skipping <!-- p117 --> (already translated)
⏭️ Skipping <!-- p118 --> (already translated)
⏭️ Skipping <!-- p119 --> (already translated)
⏭️ Skipping <!-- p120 --> (already translated)
⏭️ Skipping <!-- p121 --> (already translated)
⏭️ Skipping <!-- p122 --> (already translated)
⏭️ Skipping <!-- p123 --> (already translated)
⏭️ Skipping <!-- p124 --> (already translated)
⏭️ Skipping <!-- p125 --> (already translated)
⏭️ Skipping <!-- p126 --> (already translated)
⏭️ Skipping <!-- p127 --> (already translated)
⏭️ Skipping <!-- p128 --> (already translated)
⏭️ Skipping <!-- p129 --> (already translated)
⏭️ Skipping <!-- p130 --> (already translated)
⏭️ Skipping <!-- p131 --> (already translated)
⏭️ Skipping <!-- p132 --> (already translated)
⏭️ Skipping <!-- p133 --> (already translated)
⏭️ Skipping <!-- p134 --> (already translated)
⏭️ Skipping <!-- p135 --> (already translated)
⏭️ Skipping <!-- p136 --> (already translated)
⏭️ Skipping <!-- p137 --> (already translated)
⏭️ Skipping <!-- p138 --> (already translated)
⏭️ Skipping <!-- p139 --> (already translated)
⏭️ Skipping <!-- p140 --> (already translated)
⏭️ Skipping <!-- p141 --> (already translated)
⏭️ Skipping <!-- p142 --> (already translated)
⏭️ Skipping <!-- p143 --> (already translated)
⏭️ Skipping <!-- p144 --> (already translated)
⏭️ Skipping <!-- p145 --> (already translated)
⏭️ Skipping <!-- p146 --> (already translated)
⏭️ Skipping <!-- p147 --> (already translated)
⏭️ Skipping <!-- p148 --> (already translated)
⏭️ Skipping <!-- p149 --> (already translated)
⏭️ Skipping <!-- p150 --> (already translated)
⏭️ Skipping <!-- p151 --> (already translated)
⏭️ Skipping <!-- p152 --> (already translated)
⏭️ Skipping <!-- p153 --> (already translated)
⏭️ Skipping <!-- p154 --> (already translated)
⏭️ Skipping <!-- p155 --> (already translated)
⏭️ Skipping <!-- p156 --> (already translated)
⏭️ Skipping <!-- p157 --> (already translated)
⏭️ Skipping <!-- p158 --> (already translated)
⏭️ Skipping <!-- p159 --> (already translated)
⏭️ Skipping <!-- p160 --> (already translated)
⏭️ Skipping <!-- p161 --> (already translated)
⏭️ Skipping <!-- p162 --> (already translated)
⏭️ Skipping <!-- p163 --> (already translated)
⏭️ Skipping <!-- p164 --> (already translated)
⏭️ Skipping <!-- p165 --> (already translated)
⏭️ Skipping <!-- p166 --> (already translated)
⏭️ Skipping <!-- p167 --> (already translated)
⏭️ Skipping <!-- p168 --> (already translated)
⏭️ Skipping <!-- p169 --> (already translated)
⏭️ Skipping <!-- p170 --> (already translated)
⏭️ Skipping <!-- p171 --> (already translated)
⏭️ Skipping <!-- p172 --> (already translated)
⏭️ Skipping <!-- p173 --> (already translated)
⏭️ Skipping <!-- p174 --> (already translated)
⏭️ Skipping <!-- p175 --> (already translated)
⏭️ Skipping <!-- p176 --> (already translated)
🧮 Token-aware batching: 0 batch(es), budget ~106666 tokens, max batch size 20
✅ Done: /Users/andrew/repo/urdu-principles-of-faith/pipeline2/backtranslation/chapters/chapter6_chapter_6_faith_toward_god.md (0/177 translated)

🎯 All files processed.
🔍 Found 1 matching file pairs:
  - chapter6_chapter_6_faith_toward_god.md

=== Processing: chapter6_chapter_6_faith_toward_god.md ===
Detected languages → Source: en, Back: en

Embedding batches:   0%|          | 0/3 [00:00<?, ?it/s]
Embedding batches:  33%|███▎      | 1/3 [00:01<00:03,  1.80s/it]
Embedding batches:  67%|██████▋   | 2/3 [00:02<00:01,  1.00s/it]
Embedding batches: 100%|██████████| 3/3 [00:02<00:00,  1.24it/s]
Embedding batches: 100%|██████████| 3/3 [00:02<00:00,  1.07it/s]
✅ Saved: /Users/andrew/repo/urdu-principles-of-faith/pipeline2/analysis/chapters/drift_report_chapter6_chapter_6_faith_toward_god_vs_chapter6_chapter_6_faith_toward_god_20251219-233446.csv
translation_quality
HIGH      153
MEDIUM     17
LOW         6
Name: count, dtype: int64
🗂 Found 2 drift reports in /Users/andrew/repo/urdu-principles-of-faith/pipeline2/analysis/chapters. Processing...

Analyzing 23 flagged paragraphs in drift_report_chapter6_chapter_6_faith_toward_god_vs_chapter6_chapter_6_faith_toward_god_20251219-233250.csv...

Explaining differences: 0it [00:00, ?it/s]
Explaining differences: 1it [00:01,  1.70s/it]
Explaining differences: 2it [00:03,  1.48s/it]
Explaining differences: 3it [00:04,  1.69s/it]
Explaining differences: 4it [00:06,  1.51s/it]
Explaining differences: 5it [00:07,  1.46s/it]
Explaining differences: 6it [00:09,  1.65s/it]
Explaining differences: 7it [00:11,  1.69s/it]
Explaining differences: 8it [00:12,  1.60s/it]
Explaining differences: 9it [00:14,  1.51s/it]
Explaining differences: 10it [00:15,  1.45s/it]
Explaining differences: 11it [00:16,  1.39s/it]
Explaining differences: 12it [00:18,  1.40s/it]
Explaining differences: 13it [00:20,  1.63s/it]
Explaining differences: 14it [00:21,  1.57s/it]
Explaining differences: 15it [00:23,  1.59s/it]
Explaining differences: 16it [00:24,  1.46s/it]
Explaining differences: 17it [00:26,  1.74s/it]
Explaining differences: 18it [00:28,  1.63s/it]
Explaining differences: 19it [00:30,  1.93s/it]
Explaining differences: 20it [00:33,  2.12s/it]
Explaining differences: 21it [00:34,  1.93s/it]
Explaining differences: 22it [00:36,  1.69s/it]
Explaining differences: 23it [00:37,  1.73s/it]
Explaining differences: 23it [00:37,  1.65s/it]
✅ Saved explained drift report: /Users/andrew/repo/urdu-principles-of-faith/pipeline2/analysis/explained/chapters/drift_report_chapter6_chapter_6_faith_toward_god_vs_chapter6_chapter_6_faith_toward_god_20251219-233250_explained.csv
📊 Summary: 23 analyzed | 5 changed | 0 failed to parse

Analyzing 23 flagged paragraphs in drift_report_chapter6_chapter_6_faith_toward_god_vs_chapter6_chapter_6_faith_toward_god_20251219-233446.csv...

Explaining differences: 0it [00:00, ?it/s]
Explaining differences: 1it [00:02,  2.55s/it]
Explaining differences: 2it [00:04,  2.25s/it]
Explaining differences: 3it [00:05,  1.79s/it]
Explaining differences: 4it [00:06,  1.54s/it]
Explaining differences: 5it [00:08,  1.53s/it]
Explaining differences: 6it [00:10,  1.61s/it]
Explaining differences: 7it [00:12,  1.67s/it]
Explaining differences: 8it [00:13,  1.60s/it]
Explaining differences: 9it [00:16,  1.90s/it]
Explaining differences: 10it [00:17,  1.82s/it]
Explaining differences: 11it [00:19,  1.89s/it]
Explaining differences: 12it [00:21,  1.78s/it]
Explaining differences: 13it [00:23,  1.89s/it]
Explaining differences: 14it [00:24,  1.72s/it]
Explaining differences: 15it [00:26,  1.66s/it]
Explaining differences: 16it [00:27,  1.62s/it]
Explaining differences: 17it [00:30,  1.85s/it]
Explaining differences: 18it [00:32,  1.85s/it]
Explaining differences: 19it [00:33,  1.70s/it]
Explaining differences: 20it [00:34,  1.57s/it]
Explaining differences: 21it [00:36,  1.72s/it]
Explaining differences: 22it [00:37,  1.57s/it]
Explaining differences: 23it [00:39,  1.55s/it]
Explaining differences: 23it [00:39,  1.72s/it]
✅ Saved explained drift report: /Users/andrew/repo/urdu-principles-of-faith/pipeline2/analysis/explained/chapters/drift_report_chapter6_chapter_6_faith_toward_god_vs_chapter6_chapter_6_faith_toward_god_20251219-233446_explained.csv
📊 Summary: 23 analyzed | 5 changed | 0 failed to parse

🎉 All files processed.
/Users/andrew/repo/ai_translation/./scripts/translate_table.py:146: DeprecationWarning: 'maxsplit' is passed as positional argument
  pre_split = re.split(r'<!--\s*p\d+\s*-->', content, 1)

📘 Processing table7.md...
🧮 Auto batch size determined: 20 paragraphs per request (input budget ≈ 246400.0 tokens)
🟦 Translating batch of 1 paragraphs (1/1)...
⚠️ API error Error code: 400 - {'error': {'message': "Unsupported parameter: 'max_tokens' is not supported with this model. Use 'max_completion_tokens' instead.", 'type': 'invalid_request_error', 'param': 'max_tokens', 'code': 'unsupported_parameter'}}. Retrying in 2s...
⚠️ API error Error code: 400 - {'error': {'message': "Unsupported parameter: 'max_tokens' is not supported with this model. Use 'max_completion_tokens' instead.", 'type': 'invalid_request_error', 'param': 'max_tokens', 'code': 'unsupported_parameter'}}. Retrying in 3s...
⚠️ API error Error code: 400 - {'error': {'message': "Unsupported parameter: 'max_tokens' is not supported with this model. Use 'max_completion_tokens' instead.", 'type': 'invalid_request_error', 'param': 'max_tokens', 'code': 'unsupported_parameter'}}. Retrying in 5s...
⚠️ API error Error code: 400 - {'error': {'message': "Unsupported parameter: 'max_tokens' is not supported with this model. Use 'max_completion_tokens' instead.", 'type': 'invalid_request_error', 'param': 'max_tokens', 'code': 'unsupported_parameter'}}. Retrying in 9s...
⚠️ API error Error code: 400 - {'error': {'message': "Unsupported parameter: 'max_tokens' is not supported with this model. Use 'max_completion_tokens' instead.", 'type': 'invalid_request_error', 'param': 'max_tokens', 'code': 'unsupported_parameter'}}. Retrying in 17s...
⚠️ API error Error code: 400 - {'error': {'message': "Unsupported parameter: 'max_tokens' is not supported with this model. Use 'max_completion_tokens' instead.", 'type': 'invalid_request_error', 'param': 'max_tokens', 'code': 'unsupported_parameter'}}. Retrying in 33s...
Traceback (most recent call last):
  File "/Users/andrew/repo/ai_translation/./scripts/translate_table.py", line 380, in <module>
    main()
    ~~~~^^
  File "/Users/andrew/repo/ai_translation/./scripts/translate_table.py", line 356, in main
    process_file(
    ~~~~~~~~~~~~^
        in_path,
        ^^^^^^^^
    ...<12 lines>...
        max_output_tokens,
        ^^^^^^^^^^^^^^^^^^
    )
    ^
  File "/Users/andrew/repo/ai_translation/./scripts/translate_table.py", line 274, in process_file
    translated_block = translate_batch(batch, system_prompt, model, max_tokens)
  File "/Users/andrew/repo/ai_translation/./scripts/translate_table.py", line 198, in translate_batch
    raise RuntimeError("Max retries exceeded for translation batch")
RuntimeError: Max retries exceeded for translation batch

📘 Processing chapter6_chapter_6_faith_toward_god.md...
📑 Paragraph markers found: 177
⏭️ Skipping <!-- p0 --> (already translated)
⏭️ Skipping <!-- p1 --> (already translated)
⏭️ Skipping <!-- p2 --> (already translated)
⏭️ Skipping <!-- p3 --> (already translated)
⏭️ Skipping <!-- p4 --> (already translated)
⏭️ Skipping <!-- p5 --> (already translated)
⏭️ Skipping <!-- p6 --> (already translated)
⏭️ Skipping <!-- p7 --> (already translated)
⏭️ Skipping <!-- p8 --> (already translated)
⏭️ Skipping <!-- p9 --> (already translated)
⏭️ Skipping <!-- p10 --> (already translated)
⏭️ Skipping <!-- p11 --> (already translated)
⏭️ Skipping <!-- p12 --> (already translated)
⏭️ Skipping <!-- p13 --> (already translated)
⏭️ Skipping <!-- p14 --> (already translated)
⏭️ Skipping <!-- p15 --> (already translated)
⏭️ Skipping <!-- p16 --> (already translated)
⏭️ Skipping <!-- p17 --> (already translated)
⏭️ Skipping <!-- p18 --> (already translated)
⏭️ Skipping <!-- p19 --> (already translated)
⏭️ Skipping <!-- p20 --> (already translated)
⏭️ Skipping <!-- p21 --> (already translated)
⏭️ Skipping <!-- p22 --> (already translated)
⏭️ Skipping <!-- p23 --> (already translated)
⏭️ Skipping <!-- p24 --> (already translated)
⏭️ Skipping <!-- p25 --> (already translated)
⏭️ Skipping <!-- p26 --> (already translated)
⏭️ Skipping <!-- p27 --> (already translated)
⏭️ Skipping <!-- p28 --> (already translated)
⏭️ Skipping <!-- p29 --> (already translated)
⏭️ Skipping <!-- p30 --> (already translated)
⏭️ Skipping <!-- p31 --> (already translated)
⏭️ Skipping <!-- p32 --> (already translated)
⏭️ Skipping <!-- p33 --> (already translated)
⏭️ Skipping <!-- p34 --> (already translated)
⏭️ Skipping <!-- p35 --> (already translated)
⏭️ Skipping <!-- p36 --> (already translated)
⏭️ Skipping <!-- p37 --> (already translated)
⏭️ Skipping <!-- p38 --> (already translated)
⏭️ Skipping <!-- p39 --> (already translated)
⏭️ Skipping <!-- p40 --> (already translated)
⏭️ Skipping <!-- p41 --> (already translated)
⏭️ Skipping <!-- p42 --> (already translated)
⏭️ Skipping <!-- p43 --> (already translated)
⏭️ Skipping <!-- p44 --> (already translated)
⏭️ Skipping <!-- p45 --> (already translated)
⏭️ Skipping <!-- p46 --> (already translated)
⏭️ Skipping <!-- p47 --> (already translated)
⏭️ Skipping <!-- p48 --> (already translated)
⏭️ Skipping <!-- p49 --> (already translated)
⏭️ Skipping <!-- p50 --> (already translated)
⏭️ Skipping <!-- p51 --> (already translated)
⏭️ Skipping <!-- p52 --> (already translated)
⏭️ Skipping <!-- p53 --> (already translated)
⏭️ Skipping <!-- p54 --> (already translated)
⏭️ Skipping <!-- p55 --> (already translated)
⏭️ Skipping <!-- p56 --> (already translated)
⏭️ Skipping <!-- p57 --> (already translated)
⏭️ Skipping <!-- p58 --> (already translated)
⏭️ Skipping <!-- p59 --> (already translated)
⏭️ Skipping <!-- p60 --> (already translated)
⏭️ Skipping <!-- p61 --> (already translated)
⏭️ Skipping <!-- p62 --> (already translated)
⏭️ Skipping <!-- p63 --> (already translated)
⏭️ Skipping <!-- p64 --> (already translated)
⏭️ Skipping <!-- p65 --> (already translated)
⏭️ Skipping <!-- p66 --> (already translated)
⏭️ Skipping <!-- p67 --> (already translated)
⏭️ Skipping <!-- p68 --> (already translated)
⏭️ Skipping <!-- p69 --> (already translated)
⏭️ Skipping <!-- p70 --> (already translated)
⏭️ Skipping <!-- p71 --> (already translated)
⏭️ Skipping <!-- p72 --> (already translated)
⏭️ Skipping <!-- p73 --> (already translated)
⏭️ Skipping <!-- p74 --> (already translated)
⏭️ Skipping <!-- p75 --> (already translated)
⏭️ Skipping <!-- p76 --> (already translated)
⏭️ Skipping <!-- p77 --> (already translated)
⏭️ Skipping <!-- p78 --> (already translated)
⏭️ Skipping <!-- p79 --> (already translated)
⏭️ Skipping <!-- p80 --> (already translated)
⏭️ Skipping <!-- p81 --> (already translated)
⏭️ Skipping <!-- p82 --> (already translated)
⏭️ Skipping <!-- p83 --> (already translated)
⏭️ Skipping <!-- p84 --> (already translated)
⏭️ Skipping <!-- p85 --> (already translated)
⏭️ Skipping <!-- p86 --> (already translated)
⏭️ Skipping <!-- p87 --> (already translated)
⏭️ Skipping <!-- p88 --> (already translated)
⏭️ Skipping <!-- p89 --> (already translated)
⏭️ Skipping <!-- p90 --> (already translated)
⏭️ Skipping <!-- p91 --> (already translated)
⏭️ Skipping <!-- p92 --> (already translated)
⏭️ Skipping <!-- p93 --> (already translated)
⏭️ Skipping <!-- p94 --> (already translated)
⏭️ Skipping <!-- p95 --> (already translated)
⏭️ Skipping <!-- p96 --> (already translated)
⏭️ Skipping <!-- p97 --> (already translated)
⏭️ Skipping <!-- p98 --> (already translated)
⏭️ Skipping <!-- p99 --> (already translated)
⏭️ Skipping <!-- p100 --> (already translated)
⏭️ Skipping <!-- p101 --> (already translated)
⏭️ Skipping <!-- p102 --> (already translated)
⏭️ Skipping <!-- p103 --> (already translated)
⏭️ Skipping <!-- p104 --> (already translated)
⏭️ Skipping <!-- p105 --> (already translated)
⏭️ Skipping <!-- p106 --> (already translated)
⏭️ Skipping <!-- p107 --> (already translated)
⏭️ Skipping <!-- p108 --> (already translated)
⏭️ Skipping <!-- p109 --> (already translated)
⏭️ Skipping <!-- p110 --> (already translated)
⏭️ Skipping <!-- p111 --> (already translated)
⏭️ Skipping <!-- p112 --> (already translated)
⏭️ Skipping <!-- p113 --> (already translated)
⏭️ Skipping <!-- p114 --> (already translated)
⏭️ Skipping <!-- p115 --> (already translated)
⏭️ Skipping <!-- p116 --> (already translated)
⏭️ Skipping <!-- p117 --> (already translated)
⏭️ Skipping <!-- p118 --> (already translated)
⏭️ Skipping <!-- p119 --> (already translated)
⏭️ Skipping <!-- p120 --> (already translated)
⏭️ Skipping <!-- p121 --> (already translated)
⏭️ Skipping <!-- p122 --> (already translated)
⏭️ Skipping <!-- p123 --> (already translated)
⏭️ Skipping <!-- p124 --> (already translated)
⏭️ Skipping <!-- p125 --> (already translated)
⏭️ Skipping <!-- p126 --> (already translated)
⏭️ Skipping <!-- p127 --> (already translated)
⏭️ Skipping <!-- p128 --> (already translated)
⏭️ Skipping <!-- p129 --> (already translated)
⏭️ Skipping <!-- p130 --> (already translated)
⏭️ Skipping <!-- p131 --> (already translated)
⏭️ Skipping <!-- p132 --> (already translated)
⏭️ Skipping <!-- p133 --> (already translated)
⏭️ Skipping <!-- p134 --> (already translated)
⏭️ Skipping <!-- p135 --> (already translated)
⏭️ Skipping <!-- p136 --> (already translated)
⏭️ Skipping <!-- p137 --> (already translated)
⏭️ Skipping <!-- p138 --> (already translated)
⏭️ Skipping <!-- p139 --> (already translated)
⏭️ Skipping <!-- p140 --> (already translated)
⏭️ Skipping <!-- p141 --> (already translated)
⏭️ Skipping <!-- p142 --> (already translated)
⏭️ Skipping <!-- p143 --> (already translated)
⏭️ Skipping <!-- p144 --> (already translated)
⏭️ Skipping <!-- p145 --> (already translated)
⏭️ Skipping <!-- p146 --> (already translated)
⏭️ Skipping <!-- p147 --> (already translated)
⏭️ Skipping <!-- p148 --> (already translated)
⏭️ Skipping <!-- p149 --> (already translated)
⏭️ Skipping <!-- p150 --> (already translated)
⏭️ Skipping <!-- p151 --> (already translated)
⏭️ Skipping <!-- p152 --> (already translated)
⏭️ Skipping <!-- p153 --> (already translated)
⏭️ Skipping <!-- p154 --> (already translated)
⏭️ Skipping <!-- p155 --> (already translated)
⏭️ Skipping <!-- p156 --> (already translated)
⏭️ Skipping <!-- p157 --> (already translated)
⏭️ Skipping <!-- p158 --> (already translated)
⏭️ Skipping <!-- p159 --> (already translated)
⏭️ Skipping <!-- p160 --> (already translated)
⏭️ Skipping <!-- p161 --> (already translated)
⏭️ Skipping <!-- p162 --> (already translated)
⏭️ Skipping <!-- p163 --> (already translated)
⏭️ Skipping <!-- p164 --> (already translated)
⏭️ Skipping <!-- p165 --> (already translated)
⏭️ Skipping <!-- p166 --> (already translated)
⏭️ Skipping <!-- p167 --> (already translated)
⏭️ Skipping <!-- p168 --> (already translated)
⏭️ Skipping <!-- p169 --> (already translated)
⏭️ Skipping <!-- p170 --> (already translated)
⏭️ Skipping <!-- p171 --> (already translated)
⏭️ Skipping <!-- p172 --> (already translated)
⏭️ Skipping <!-- p173 --> (already translated)
⏭️ Skipping <!-- p174 --> (already translated)
⏭️ Skipping <!-- p175 --> (already translated)
⏭️ Skipping <!-- p176 --> (already translated)
🧮 Token-aware batching: 0 batch(es), budget ~106666 tokens, max batch size 20
✅ Done: /Users/andrew/repo/urdu-principles-of-faith/pipeline2/translation/chapters/chapter6_chapter_6_faith_toward_god.md (0/177 translated)

🎯 All files processed.

📘 Processing chapter6_chapter_6_faith_toward_god.md...
📑 Paragraph markers found: 177
⏭️ Skipping <!-- p0 --> (already translated)
⏭️ Skipping <!-- p1 --> (already translated)
⏭️ Skipping <!-- p2 --> (already translated)
⏭️ Skipping <!-- p3 --> (already translated)
⏭️ Skipping <!-- p4 --> (already translated)
⏭️ Skipping <!-- p5 --> (already translated)
⏭️ Skipping <!-- p6 --> (already translated)
⏭️ Skipping <!-- p7 --> (already translated)
⏭️ Skipping <!-- p8 --> (already translated)
⏭️ Skipping <!-- p9 --> (already translated)
⏭️ Skipping <!-- p10 --> (already translated)
⏭️ Skipping <!-- p11 --> (already translated)
⏭️ Skipping <!-- p12 --> (already translated)
⏭️ Skipping <!-- p13 --> (already translated)
⏭️ Skipping <!-- p14 --> (already translated)
⏭️ Skipping <!-- p15 --> (already translated)
⏭️ Skipping <!-- p16 --> (already translated)
⏭️ Skipping <!-- p17 --> (already translated)
⏭️ Skipping <!-- p18 --> (already translated)
⏭️ Skipping <!-- p19 --> (already translated)
⏭️ Skipping <!-- p20 --> (already translated)
⏭️ Skipping <!-- p21 --> (already translated)
⏭️ Skipping <!-- p22 --> (already translated)
⏭️ Skipping <!-- p23 --> (already translated)
⏭️ Skipping <!-- p24 --> (already translated)
⏭️ Skipping <!-- p25 --> (already translated)
⏭️ Skipping <!-- p26 --> (already translated)
⏭️ Skipping <!-- p27 --> (already translated)
⏭️ Skipping <!-- p28 --> (already translated)
⏭️ Skipping <!-- p29 --> (already translated)
⏭️ Skipping <!-- p30 --> (already translated)
⏭️ Skipping <!-- p31 --> (already translated)
⏭️ Skipping <!-- p32 --> (already translated)
⏭️ Skipping <!-- p33 --> (already translated)
⏭️ Skipping <!-- p34 --> (already translated)
⏭️ Skipping <!-- p35 --> (already translated)
⏭️ Skipping <!-- p36 --> (already translated)
⏭️ Skipping <!-- p37 --> (already translated)
⏭️ Skipping <!-- p38 --> (already translated)
⏭️ Skipping <!-- p39 --> (already translated)
⏭️ Skipping <!-- p40 --> (already translated)
⏭️ Skipping <!-- p41 --> (already translated)
⏭️ Skipping <!-- p42 --> (already translated)
⏭️ Skipping <!-- p43 --> (already translated)
⏭️ Skipping <!-- p44 --> (already translated)
⏭️ Skipping <!-- p45 --> (already translated)
⏭️ Skipping <!-- p46 --> (already translated)
⏭️ Skipping <!-- p47 --> (already translated)
⏭️ Skipping <!-- p48 --> (already translated)
⏭️ Skipping <!-- p49 --> (already translated)
⏭️ Skipping <!-- p50 --> (already translated)
⏭️ Skipping <!-- p51 --> (already translated)
⏭️ Skipping <!-- p52 --> (already translated)
⏭️ Skipping <!-- p53 --> (already translated)
⏭️ Skipping <!-- p54 --> (already translated)
⏭️ Skipping <!-- p55 --> (already translated)
⏭️ Skipping <!-- p56 --> (already translated)
⏭️ Skipping <!-- p57 --> (already translated)
⏭️ Skipping <!-- p58 --> (already translated)
⏭️ Skipping <!-- p59 --> (already translated)
⏭️ Skipping <!-- p60 --> (already translated)
⏭️ Skipping <!-- p61 --> (already translated)
⏭️ Skipping <!-- p62 --> (already translated)
⏭️ Skipping <!-- p63 --> (already translated)
⏭️ Skipping <!-- p64 --> (already translated)
⏭️ Skipping <!-- p65 --> (already translated)
⏭️ Skipping <!-- p66 --> (already translated)
⏭️ Skipping <!-- p67 --> (already translated)
⏭️ Skipping <!-- p68 --> (already translated)
⏭️ Skipping <!-- p69 --> (already translated)
⏭️ Skipping <!-- p70 --> (already translated)
⏭️ Skipping <!-- p71 --> (already translated)
⏭️ Skipping <!-- p72 --> (already translated)
⏭️ Skipping <!-- p73 --> (already translated)
⏭️ Skipping <!-- p74 --> (already translated)
⏭️ Skipping <!-- p75 --> (already translated)
⏭️ Skipping <!-- p76 --> (already translated)
⏭️ Skipping <!-- p77 --> (already translated)
⏭️ Skipping <!-- p78 --> (already translated)
⏭️ Skipping <!-- p79 --> (already translated)
⏭️ Skipping <!-- p80 --> (already translated)
⏭️ Skipping <!-- p81 --> (already translated)
⏭️ Skipping <!-- p82 --> (already translated)
⏭️ Skipping <!-- p83 --> (already translated)
⏭️ Skipping <!-- p84 --> (already translated)
⏭️ Skipping <!-- p85 --> (already translated)
⏭️ Skipping <!-- p86 --> (already translated)
⏭️ Skipping <!-- p87 --> (already translated)
⏭️ Skipping <!-- p88 --> (already translated)
⏭️ Skipping <!-- p89 --> (already translated)
⏭️ Skipping <!-- p90 --> (already translated)
⏭️ Skipping <!-- p91 --> (already translated)
⏭️ Skipping <!-- p92 --> (already translated)
⏭️ Skipping <!-- p93 --> (already translated)
⏭️ Skipping <!-- p94 --> (already translated)
⏭️ Skipping <!-- p95 --> (already translated)
⏭️ Skipping <!-- p96 --> (already translated)
⏭️ Skipping <!-- p97 --> (already translated)
⏭️ Skipping <!-- p98 --> (already translated)
⏭️ Skipping <!-- p99 --> (already translated)
⏭️ Skipping <!-- p100 --> (already translated)
⏭️ Skipping <!-- p101 --> (already translated)
⏭️ Skipping <!-- p102 --> (already translated)
⏭️ Skipping <!-- p103 --> (already translated)
⏭️ Skipping <!-- p104 --> (already translated)
⏭️ Skipping <!-- p105 --> (already translated)
⏭️ Skipping <!-- p106 --> (already translated)
⏭️ Skipping <!-- p107 --> (already translated)
⏭️ Skipping <!-- p108 --> (already translated)
⏭️ Skipping <!-- p109 --> (already translated)
⏭️ Skipping <!-- p110 --> (already translated)
⏭️ Skipping <!-- p111 --> (already translated)
⏭️ Skipping <!-- p112 --> (already translated)
⏭️ Skipping <!-- p113 --> (already translated)
⏭️ Skipping <!-- p114 --> (already translated)
⏭️ Skipping <!-- p115 --> (already translated)
⏭️ Skipping <!-- p116 --> (already translated)
⏭️ Skipping <!-- p117 --> (already translated)
⏭️ Skipping <!-- p118 --> (already translated)
⏭️ Skipping <!-- p119 --> (already translated)
⏭️ Skipping <!-- p120 --> (already translated)
⏭️ Skipping <!-- p121 --> (already translated)
⏭️ Skipping <!-- p122 --> (already translated)
⏭️ Skipping <!-- p123 --> (already translated)
⏭️ Skipping <!-- p124 --> (already translated)
⏭️ Skipping <!-- p125 --> (already translated)
⏭️ Skipping <!-- p126 --> (already translated)
⏭️ Skipping <!-- p127 --> (already translated)
⏭️ Skipping <!-- p128 --> (already translated)
⏭️ Skipping <!-- p129 --> (already translated)
⏭️ Skipping <!-- p130 --> (already translated)
⏭️ Skipping <!-- p131 --> (already translated)
⏭️ Skipping <!-- p132 --> (already translated)
⏭️ Skipping <!-- p133 --> (already translated)
⏭️ Skipping <!-- p134 --> (already translated)
⏭️ Skipping <!-- p135 --> (already translated)
⏭️ Skipping <!-- p136 --> (already translated)
⏭️ Skipping <!-- p137 --> (already translated)
⏭️ Skipping <!-- p138 --> (already translated)
⏭️ Skipping <!-- p139 --> (already translated)
⏭️ Skipping <!-- p140 --> (already translated)
⏭️ Skipping <!-- p141 --> (already translated)
⏭️ Skipping <!-- p142 --> (already translated)
⏭️ Skipping <!-- p143 --> (already translated)
⏭️ Skipping <!-- p144 --> (already translated)
⏭️ Skipping <!-- p145 --> (already translated)
⏭️ Skipping <!-- p146 --> (already translated)
⏭️ Skipping <!-- p147 --> (already translated)
⏭️ Skipping <!-- p148 --> (already translated)
⏭️ Skipping <!-- p149 --> (already translated)
⏭️ Skipping <!-- p150 --> (already translated)
⏭️ Skipping <!-- p151 --> (already translated)
⏭️ Skipping <!-- p152 --> (already translated)
⏭️ Skipping <!-- p153 --> (already translated)
⏭️ Skipping <!-- p154 --> (already translated)
⏭️ Skipping <!-- p155 --> (already translated)
⏭️ Skipping <!-- p156 --> (already translated)
⏭️ Skipping <!-- p157 --> (already translated)
⏭️ Skipping <!-- p158 --> (already translated)
⏭️ Skipping <!-- p159 --> (already translated)
⏭️ Skipping <!-- p160 --> (already translated)
⏭️ Skipping <!-- p161 --> (already translated)
⏭️ Skipping <!-- p162 --> (already translated)
⏭️ Skipping <!-- p163 --> (already translated)
⏭️ Skipping <!-- p164 --> (already translated)
⏭️ Skipping <!-- p165 --> (already translated)
⏭️ Skipping <!-- p166 --> (already translated)
⏭️ Skipping <!-- p167 --> (already translated)
⏭️ Skipping <!-- p168 --> (already translated)
⏭️ Skipping <!-- p169 --> (already translated)
⏭️ Skipping <!-- p170 --> (already translated)
⏭️ Skipping <!-- p171 --> (already translated)
⏭️ Skipping <!-- p172 --> (already translated)
⏭️ Skipping <!-- p173 --> (already translated)
⏭️ Skipping <!-- p174 --> (already translated)
⏭️ Skipping <!-- p175 --> (already translated)
⏭️ Skipping <!-- p176 --> (already translated)
🧮 Token-aware batching: 0 batch(es), budget ~106666 tokens, max batch size 20
✅ Done: /Users/andrew/repo/urdu-principles-of-faith/pipeline2/backtranslation/chapters/chapter6_chapter_6_faith_toward_god.md (0/177 translated)

🎯 All files processed.
🔍 Found 1 matching file pairs:
  - chapter6_chapter_6_faith_toward_god.md

=== Processing: chapter6_chapter_6_faith_toward_god.md ===
Detected languages → Source: en, Back: en

Embedding batches:   0%|          | 0/3 [00:00<?, ?it/s]
Embedding batches:  33%|███▎      | 1/3 [00:02<00:04,  2.01s/it]
Embedding batches:  67%|██████▋   | 2/3 [00:03<00:01,  1.64s/it]
Embedding batches: 100%|██████████| 3/3 [00:04<00:00,  1.48s/it]
Embedding batches: 100%|██████████| 3/3 [00:04<00:00,  1.56s/it]
✅ Saved: /Users/andrew/repo/urdu-principles-of-faith/pipeline2/analysis/chapters/drift_report_chapter6_chapter_6_faith_toward_god_vs_chapter6_chapter_6_faith_toward_god_20251219-234142.csv
translation_quality
HIGH      153
MEDIUM     17
LOW         6
Name: count, dtype: int64
🗂 Found 3 drift reports in /Users/andrew/repo/urdu-principles-of-faith/pipeline2/analysis/chapters. Processing...

Analyzing 23 flagged paragraphs in drift_report_chapter6_chapter_6_faith_toward_god_vs_chapter6_chapter_6_faith_toward_god_20251219-234142.csv...

Explaining differences: 0it [00:00, ?it/s]
Explaining differences: 1it [00:02,  2.56s/it]
Explaining differences: 2it [00:04,  1.95s/it]
Explaining differences: 3it [00:05,  1.86s/it]
Explaining differences: 4it [00:07,  1.61s/it]
Explaining differences: 5it [00:08,  1.48s/it]

📘 Processing chapter6_chapter_6_faith_toward_god.md...
📑 Paragraph markers found: 177
⏭️ Skipping <!-- p0 --> (already translated)
⏭️ Skipping <!-- p1 --> (already translated)
⏭️ Skipping <!-- p2 --> (already translated)
⏭️ Skipping <!-- p3 --> (already translated)
⏭️ Skipping <!-- p4 --> (already translated)
⏭️ Skipping <!-- p5 --> (already translated)
⏭️ Skipping <!-- p6 --> (already translated)
⏭️ Skipping <!-- p7 --> (already translated)
⏭️ Skipping <!-- p8 --> (already translated)
⏭️ Skipping <!-- p9 --> (already translated)
⏭️ Skipping <!-- p10 --> (already translated)
⏭️ Skipping <!-- p11 --> (already translated)
⏭️ Skipping <!-- p12 --> (already translated)
⏭️ Skipping <!-- p13 --> (already translated)
⏭️ Skipping <!-- p14 --> (already translated)
⏭️ Skipping <!-- p15 --> (already translated)
⏭️ Skipping <!-- p16 --> (already translated)
⏭️ Skipping <!-- p17 --> (already translated)
⏭️ Skipping <!-- p18 --> (already translated)
⏭️ Skipping <!-- p19 --> (already translated)
⏭️ Skipping <!-- p20 --> (already translated)
⏭️ Skipping <!-- p21 --> (already translated)
⏭️ Skipping <!-- p22 --> (already translated)
⏭️ Skipping <!-- p23 --> (already translated)
⏭️ Skipping <!-- p24 --> (already translated)
⏭️ Skipping <!-- p25 --> (already translated)
⏭️ Skipping <!-- p26 --> (already translated)
⏭️ Skipping <!-- p27 --> (already translated)
⏭️ Skipping <!-- p28 --> (already translated)
⏭️ Skipping <!-- p29 --> (already translated)
⏭️ Skipping <!-- p30 --> (already translated)
⏭️ Skipping <!-- p31 --> (already translated)
⏭️ Skipping <!-- p32 --> (already translated)
⏭️ Skipping <!-- p33 --> (already translated)
⏭️ Skipping <!-- p34 --> (already translated)
⏭️ Skipping <!-- p35 --> (already translated)
⏭️ Skipping <!-- p36 --> (already translated)
⏭️ Skipping <!-- p37 --> (already translated)
⏭️ Skipping <!-- p38 --> (already translated)
⏭️ Skipping <!-- p39 --> (already translated)
⏭️ Skipping <!-- p40 --> (already translated)
⏭️ Skipping <!-- p41 --> (already translated)
⏭️ Skipping <!-- p42 --> (already translated)
⏭️ Skipping <!-- p43 --> (already translated)
⏭️ Skipping <!-- p44 --> (already translated)
⏭️ Skipping <!-- p45 --> (already translated)
⏭️ Skipping <!-- p46 --> (already translated)
⏭️ Skipping <!-- p47 --> (already translated)
⏭️ Skipping <!-- p48 --> (already translated)
⏭️ Skipping <!-- p49 --> (already translated)
⏭️ Skipping <!-- p50 --> (already translated)
⏭️ Skipping <!-- p51 --> (already translated)
⏭️ Skipping <!-- p52 --> (already translated)
⏭️ Skipping <!-- p53 --> (already translated)
⏭️ Skipping <!-- p54 --> (already translated)
⏭️ Skipping <!-- p55 --> (already translated)
⏭️ Skipping <!-- p56 --> (already translated)
⏭️ Skipping <!-- p57 --> (already translated)
⏭️ Skipping <!-- p58 --> (already translated)
⏭️ Skipping <!-- p59 --> (already translated)
⏭️ Skipping <!-- p60 --> (already translated)
⏭️ Skipping <!-- p61 --> (already translated)
⏭️ Skipping <!-- p62 --> (already translated)
⏭️ Skipping <!-- p63 --> (already translated)
⏭️ Skipping <!-- p64 --> (already translated)
⏭️ Skipping <!-- p65 --> (already translated)
⏭️ Skipping <!-- p66 --> (already translated)
⏭️ Skipping <!-- p67 --> (already translated)
⏭️ Skipping <!-- p68 --> (already translated)
⏭️ Skipping <!-- p69 --> (already translated)
⏭️ Skipping <!-- p70 --> (already translated)
⏭️ Skipping <!-- p71 --> (already translated)
⏭️ Skipping <!-- p72 --> (already translated)
⏭️ Skipping <!-- p73 --> (already translated)
⏭️ Skipping <!-- p74 --> (already translated)
⏭️ Skipping <!-- p75 --> (already translated)
⏭️ Skipping <!-- p76 --> (already translated)
⏭️ Skipping <!-- p77 --> (already translated)
⏭️ Skipping <!-- p78 --> (already translated)
⏭️ Skipping <!-- p79 --> (already translated)
⏭️ Skipping <!-- p80 --> (already translated)
⏭️ Skipping <!-- p81 --> (already translated)
⏭️ Skipping <!-- p82 --> (already translated)
⏭️ Skipping <!-- p83 --> (already translated)
⏭️ Skipping <!-- p84 --> (already translated)
⏭️ Skipping <!-- p85 --> (already translated)
⏭️ Skipping <!-- p86 --> (already translated)
⏭️ Skipping <!-- p87 --> (already translated)
⏭️ Skipping <!-- p88 --> (already translated)
⏭️ Skipping <!-- p89 --> (already translated)
⏭️ Skipping <!-- p90 --> (already translated)
⏭️ Skipping <!-- p91 --> (already translated)
⏭️ Skipping <!-- p92 --> (already translated)
⏭️ Skipping <!-- p93 --> (already translated)
⏭️ Skipping <!-- p94 --> (already translated)
⏭️ Skipping <!-- p95 --> (already translated)
⏭️ Skipping <!-- p96 --> (already translated)
⏭️ Skipping <!-- p97 --> (already translated)
⏭️ Skipping <!-- p98 --> (already translated)
⏭️ Skipping <!-- p99 --> (already translated)
⏭️ Skipping <!-- p100 --> (already translated)
⏭️ Skipping <!-- p101 --> (already translated)
⏭️ Skipping <!-- p102 --> (already translated)
⏭️ Skipping <!-- p103 --> (already translated)
⏭️ Skipping <!-- p104 --> (already translated)
⏭️ Skipping <!-- p105 --> (already translated)
⏭️ Skipping <!-- p106 --> (already translated)
⏭️ Skipping <!-- p107 --> (already translated)
⏭️ Skipping <!-- p108 --> (already translated)
⏭️ Skipping <!-- p109 --> (already translated)
⏭️ Skipping <!-- p110 --> (already translated)
⏭️ Skipping <!-- p111 --> (already translated)
⏭️ Skipping <!-- p112 --> (already translated)
⏭️ Skipping <!-- p113 --> (already translated)
⏭️ Skipping <!-- p114 --> (already translated)
⏭️ Skipping <!-- p115 --> (already translated)
⏭️ Skipping <!-- p116 --> (already translated)
⏭️ Skipping <!-- p117 --> (already translated)
⏭️ Skipping <!-- p118 --> (already translated)
⏭️ Skipping <!-- p119 --> (already translated)
⏭️ Skipping <!-- p120 --> (already translated)
⏭️ Skipping <!-- p121 --> (already translated)
⏭️ Skipping <!-- p122 --> (already translated)
⏭️ Skipping <!-- p123 --> (already translated)
⏭️ Skipping <!-- p124 --> (already translated)
⏭️ Skipping <!-- p125 --> (already translated)
⏭️ Skipping <!-- p126 --> (already translated)
⏭️ Skipping <!-- p127 --> (already translated)
⏭️ Skipping <!-- p128 --> (already translated)
⏭️ Skipping <!-- p129 --> (already translated)
⏭️ Skipping <!-- p130 --> (already translated)
⏭️ Skipping <!-- p131 --> (already translated)
⏭️ Skipping <!-- p132 --> (already translated)
⏭️ Skipping <!-- p133 --> (already translated)
⏭️ Skipping <!-- p134 --> (already translated)
⏭️ Skipping <!-- p135 --> (already translated)
⏭️ Skipping <!-- p136 --> (already translated)
⏭️ Skipping <!-- p137 --> (already translated)
⏭️ Skipping <!-- p138 --> (already translated)
⏭️ Skipping <!-- p139 --> (already translated)
⏭️ Skipping <!-- p140 --> (already translated)
⏭️ Skipping <!-- p141 --> (already translated)
⏭️ Skipping <!-- p142 --> (already translated)
⏭️ Skipping <!-- p143 --> (already translated)
⏭️ Skipping <!-- p144 --> (already translated)
⏭️ Skipping <!-- p145 --> (already translated)
⏭️ Skipping <!-- p146 --> (already translated)
⏭️ Skipping <!-- p147 --> (already translated)
⏭️ Skipping <!-- p148 --> (already translated)
⏭️ Skipping <!-- p149 --> (already translated)
⏭️ Skipping <!-- p150 --> (already translated)
⏭️ Skipping <!-- p151 --> (already translated)
⏭️ Skipping <!-- p152 --> (already translated)
⏭️ Skipping <!-- p153 --> (already translated)
⏭️ Skipping <!-- p154 --> (already translated)
⏭️ Skipping <!-- p155 --> (already translated)
⏭️ Skipping <!-- p156 --> (already translated)
⏭️ Skipping <!-- p157 --> (already translated)
⏭️ Skipping <!-- p158 --> (already translated)
⏭️ Skipping <!-- p159 --> (already translated)
⏭️ Skipping <!-- p160 --> (already translated)
⏭️ Skipping <!-- p161 --> (already translated)
⏭️ Skipping <!-- p162 --> (already translated)
⏭️ Skipping <!-- p163 --> (already translated)
⏭️ Skipping <!-- p164 --> (already translated)
⏭️ Skipping <!-- p165 --> (already translated)
⏭️ Skipping <!-- p166 --> (already translated)
⏭️ Skipping <!-- p167 --> (already translated)
⏭️ Skipping <!-- p168 --> (already translated)
⏭️ Skipping <!-- p169 --> (already translated)
⏭️ Skipping <!-- p170 --> (already translated)
⏭️ Skipping <!-- p171 --> (already translated)
⏭️ Skipping <!-- p172 --> (already translated)
⏭️ Skipping <!-- p173 --> (already translated)
⏭️ Skipping <!-- p174 --> (already translated)
⏭️ Skipping <!-- p175 --> (already translated)
⏭️ Skipping <!-- p176 --> (already translated)
🧮 Token-aware batching: 0 batch(es), budget ~106666 tokens, max batch size 20
✅ Done: /Users/andrew/repo/urdu-principles-of-faith/pipeline2/translation/chapters/chapter6_chapter_6_faith_toward_god.md (0/177 translated)

🎯 All files processed.

📘 Processing chapter6_chapter_6_faith_toward_god.md...
📑 Paragraph markers found: 177
⏭️ Skipping <!-- p0 --> (already translated)
⏭️ Skipping <!-- p1 --> (already translated)
⏭️ Skipping <!-- p2 --> (already translated)
⏭️ Skipping <!-- p3 --> (already translated)
⏭️ Skipping <!-- p4 --> (already translated)
⏭️ Skipping <!-- p5 --> (already translated)
⏭️ Skipping <!-- p6 --> (already translated)
⏭️ Skipping <!-- p7 --> (already translated)
⏭️ Skipping <!-- p8 --> (already translated)
⏭️ Skipping <!-- p9 --> (already translated)
⏭️ Skipping <!-- p10 --> (already translated)
⏭️ Skipping <!-- p11 --> (already translated)
⏭️ Skipping <!-- p12 --> (already translated)
⏭️ Skipping <!-- p13 --> (already translated)
⏭️ Skipping <!-- p14 --> (already translated)
⏭️ Skipping <!-- p15 --> (already translated)
⏭️ Skipping <!-- p16 --> (already translated)
⏭️ Skipping <!-- p17 --> (already translated)
⏭️ Skipping <!-- p18 --> (already translated)
⏭️ Skipping <!-- p19 --> (already translated)
⏭️ Skipping <!-- p20 --> (already translated)
⏭️ Skipping <!-- p21 --> (already translated)
⏭️ Skipping <!-- p22 --> (already translated)
⏭️ Skipping <!-- p23 --> (already translated)
⏭️ Skipping <!-- p24 --> (already translated)
⏭️ Skipping <!-- p25 --> (already translated)
⏭️ Skipping <!-- p26 --> (already translated)
⏭️ Skipping <!-- p27 --> (already translated)
⏭️ Skipping <!-- p28 --> (already translated)
⏭️ Skipping <!-- p29 --> (already translated)
⏭️ Skipping <!-- p30 --> (already translated)
⏭️ Skipping <!-- p31 --> (already translated)
⏭️ Skipping <!-- p32 --> (already translated)
⏭️ Skipping <!-- p33 --> (already translated)
⏭️ Skipping <!-- p34 --> (already translated)
⏭️ Skipping <!-- p35 --> (already translated)
⏭️ Skipping <!-- p36 --> (already translated)
⏭️ Skipping <!-- p37 --> (already translated)
⏭️ Skipping <!-- p38 --> (already translated)
⏭️ Skipping <!-- p39 --> (already translated)
⏭️ Skipping <!-- p40 --> (already translated)
⏭️ Skipping <!-- p41 --> (already translated)
⏭️ Skipping <!-- p42 --> (already translated)
⏭️ Skipping <!-- p43 --> (already translated)
⏭️ Skipping <!-- p44 --> (already translated)
⏭️ Skipping <!-- p45 --> (already translated)
⏭️ Skipping <!-- p46 --> (already translated)
⏭️ Skipping <!-- p47 --> (already translated)
⏭️ Skipping <!-- p48 --> (already translated)
⏭️ Skipping <!-- p49 --> (already translated)
⏭️ Skipping <!-- p50 --> (already translated)
⏭️ Skipping <!-- p51 --> (already translated)
⏭️ Skipping <!-- p52 --> (already translated)
⏭️ Skipping <!-- p53 --> (already translated)
⏭️ Skipping <!-- p54 --> (already translated)
⏭️ Skipping <!-- p55 --> (already translated)
⏭️ Skipping <!-- p56 --> (already translated)
⏭️ Skipping <!-- p57 --> (already translated)
⏭️ Skipping <!-- p58 --> (already translated)
⏭️ Skipping <!-- p59 --> (already translated)
⏭️ Skipping <!-- p60 --> (already translated)
⏭️ Skipping <!-- p61 --> (already translated)
⏭️ Skipping <!-- p62 --> (already translated)
⏭️ Skipping <!-- p63 --> (already translated)
⏭️ Skipping <!-- p64 --> (already translated)
⏭️ Skipping <!-- p65 --> (already translated)
⏭️ Skipping <!-- p66 --> (already translated)
⏭️ Skipping <!-- p67 --> (already translated)
⏭️ Skipping <!-- p68 --> (already translated)
⏭️ Skipping <!-- p69 --> (already translated)
⏭️ Skipping <!-- p70 --> (already translated)
⏭️ Skipping <!-- p71 --> (already translated)
⏭️ Skipping <!-- p72 --> (already translated)
⏭️ Skipping <!-- p73 --> (already translated)
⏭️ Skipping <!-- p74 --> (already translated)
⏭️ Skipping <!-- p75 --> (already translated)
⏭️ Skipping <!-- p76 --> (already translated)
⏭️ Skipping <!-- p77 --> (already translated)
⏭️ Skipping <!-- p78 --> (already translated)
⏭️ Skipping <!-- p79 --> (already translated)
⏭️ Skipping <!-- p80 --> (already translated)
⏭️ Skipping <!-- p81 --> (already translated)
⏭️ Skipping <!-- p82 --> (already translated)
⏭️ Skipping <!-- p83 --> (already translated)
⏭️ Skipping <!-- p84 --> (already translated)
⏭️ Skipping <!-- p85 --> (already translated)
⏭️ Skipping <!-- p86 --> (already translated)
⏭️ Skipping <!-- p87 --> (already translated)
⏭️ Skipping <!-- p88 --> (already translated)
⏭️ Skipping <!-- p89 --> (already translated)
⏭️ Skipping <!-- p90 --> (already translated)
⏭️ Skipping <!-- p91 --> (already translated)
⏭️ Skipping <!-- p92 --> (already translated)
⏭️ Skipping <!-- p93 --> (already translated)
⏭️ Skipping <!-- p94 --> (already translated)
⏭️ Skipping <!-- p95 --> (already translated)
⏭️ Skipping <!-- p96 --> (already translated)
⏭️ Skipping <!-- p97 --> (already translated)
⏭️ Skipping <!-- p98 --> (already translated)
⏭️ Skipping <!-- p99 --> (already translated)
⏭️ Skipping <!-- p100 --> (already translated)
⏭️ Skipping <!-- p101 --> (already translated)
⏭️ Skipping <!-- p102 --> (already translated)
⏭️ Skipping <!-- p103 --> (already translated)
⏭️ Skipping <!-- p104 --> (already translated)
⏭️ Skipping <!-- p105 --> (already translated)
⏭️ Skipping <!-- p106 --> (already translated)
⏭️ Skipping <!-- p107 --> (already translated)
⏭️ Skipping <!-- p108 --> (already translated)
⏭️ Skipping <!-- p109 --> (already translated)
⏭️ Skipping <!-- p110 --> (already translated)
⏭️ Skipping <!-- p111 --> (already translated)
⏭️ Skipping <!-- p112 --> (already translated)
⏭️ Skipping <!-- p113 --> (already translated)
⏭️ Skipping <!-- p114 --> (already translated)
⏭️ Skipping <!-- p115 --> (already translated)
⏭️ Skipping <!-- p116 --> (already translated)
⏭️ Skipping <!-- p117 --> (already translated)
⏭️ Skipping <!-- p118 --> (already translated)
⏭️ Skipping <!-- p119 --> (already translated)
⏭️ Skipping <!-- p120 --> (already translated)
⏭️ Skipping <!-- p121 --> (already translated)
⏭️ Skipping <!-- p122 --> (already translated)
⏭️ Skipping <!-- p123 --> (already translated)
⏭️ Skipping <!-- p124 --> (already translated)
⏭️ Skipping <!-- p125 --> (already translated)
⏭️ Skipping <!-- p126 --> (already translated)
⏭️ Skipping <!-- p127 --> (already translated)
⏭️ Skipping <!-- p128 --> (already translated)
⏭️ Skipping <!-- p129 --> (already translated)
⏭️ Skipping <!-- p130 --> (already translated)
⏭️ Skipping <!-- p131 --> (already translated)
⏭️ Skipping <!-- p132 --> (already translated)
⏭️ Skipping <!-- p133 --> (already translated)
⏭️ Skipping <!-- p134 --> (already translated)
⏭️ Skipping <!-- p135 --> (already translated)
⏭️ Skipping <!-- p136 --> (already translated)
⏭️ Skipping <!-- p137 --> (already translated)
⏭️ Skipping <!-- p138 --> (already translated)
⏭️ Skipping <!-- p139 --> (already translated)
⏭️ Skipping <!-- p140 --> (already translated)
⏭️ Skipping <!-- p141 --> (already translated)
⏭️ Skipping <!-- p142 --> (already translated)
⏭️ Skipping <!-- p143 --> (already translated)
⏭️ Skipping <!-- p144 --> (already translated)
⏭️ Skipping <!-- p145 --> (already translated)
⏭️ Skipping <!-- p146 --> (already translated)
⏭️ Skipping <!-- p147 --> (already translated)
⏭️ Skipping <!-- p148 --> (already translated)
⏭️ Skipping <!-- p149 --> (already translated)
⏭️ Skipping <!-- p150 --> (already translated)
⏭️ Skipping <!-- p151 --> (already translated)
⏭️ Skipping <!-- p152 --> (already translated)
⏭️ Skipping <!-- p153 --> (already translated)
⏭️ Skipping <!-- p154 --> (already translated)
⏭️ Skipping <!-- p155 --> (already translated)
⏭️ Skipping <!-- p156 --> (already translated)
⏭️ Skipping <!-- p157 --> (already translated)
⏭️ Skipping <!-- p158 --> (already translated)
⏭️ Skipping <!-- p159 --> (already translated)
⏭️ Skipping <!-- p160 --> (already translated)
⏭️ Skipping <!-- p161 --> (already translated)
⏭️ Skipping <!-- p162 --> (already translated)
⏭️ Skipping <!-- p163 --> (already translated)
⏭️ Skipping <!-- p164 --> (already translated)
⏭️ Skipping <!-- p165 --> (already translated)
⏭️ Skipping <!-- p166 --> (already translated)
⏭️ Skipping <!-- p167 --> (already translated)
⏭️ Skipping <!-- p168 --> (already translated)
⏭️ Skipping <!-- p169 --> (already translated)
⏭️ Skipping <!-- p170 --> (already translated)
⏭️ Skipping <!-- p171 --> (already translated)
⏭️ Skipping <!-- p172 --> (already translated)
⏭️ Skipping <!-- p173 --> (already translated)
⏭️ Skipping <!-- p174 --> (already translated)
⏭️ Skipping <!-- p175 --> (already translated)
⏭️ Skipping <!-- p176 --> (already translated)
🧮 Token-aware batching: 0 batch(es), budget ~106666 tokens, max batch size 20
✅ Done: /Users/andrew/repo/urdu-principles-of-faith/pipeline2/backtranslation/chapters/chapter6_chapter_6_faith_toward_god.md (0/177 translated)

🎯 All files processed.
🔍 Found 1 matching file pairs:
  - chapter6_chapter_6_faith_toward_god.md

=== Processing: chapter6_chapter_6_faith_toward_god.md ===
⏭️  Skipping drift_report_chapter6_chapter_6_faith_toward_god_vs_chapter6_chapter_6_faith_toward_god.csv (already exists). Use --overwrite to regenerate.
🗂 Found 1 drift reports in /Users/andrew/repo/urdu-principles-of-faith/pipeline2/analysis/chapters. Processing...

Analyzing 23 flagged paragraphs in drift_report_chapter6_chapter_6_faith_toward_god_vs_chapter6_chapter_6_faith_toward_god.csv...

Explaining differences: 0it [00:00, ?it/s]
Explaining differences: 1it [00:01,  1.95s/it]
Explaining differences: 2it [00:03,  1.68s/it]
Explaining differences: 3it [00:05,  1.76s/it]
Explaining differences: 4it [00:06,  1.58s/it]
Explaining differences: 5it [00:08,  1.54s/it]
Explaining differences: 6it [00:09,  1.49s/it]
Explaining differences: 7it [00:11,  1.76s/it]
Explaining differences: 8it [00:13,  1.71s/it]
Explaining differences: 9it [00:15,  1.75s/it]
Explaining differences: 10it [00:16,  1.69s/it]
Explaining differences: 11it [00:18,  1.69s/it]
Explaining differences: 12it [00:20,  1.80s/it]
Explaining differences: 13it [00:22,  1.87s/it]
Explaining differences: 14it [00:23,  1.74s/it]
Explaining differences: 15it [00:25,  1.78s/it]
Explaining differences: 16it [00:27,  1.59s/it]
Explaining differences: 17it [00:28,  1.60s/it]
Explaining differences: 18it [00:30,  1.58s/it]
Explaining differences: 19it [00:31,  1.59s/it]
Explaining differences: 20it [00:33,  1.54s/it]
Explaining differences: 21it [00:35,  1.70s/it]
Explaining differences: 22it [00:37,  1.72s/it]
Explaining differences: 23it [00:38,  1.72s/it]
Explaining differences: 23it [00:38,  1.69s/it]
⏭️  Skipping drift_report_chapter6_chapter_6_faith_toward_god_vs_chapter6_chapter_6_faith_toward_god.csv — explained report already exists (use --overwrite to regenerate).
🎉 All files processed.
/Users/andrew/repo/ai_translation/./scripts/translate_table.py:146: DeprecationWarning: 'maxsplit' is passed as positional argument
  pre_split = re.split(r'<!--\s*p\d+\s*-->', content, 1)

📘 Processing table7.md...
🧮 Auto batch size determined: 20 paragraphs per request (input budget ≈ 246400.0 tokens)
🟦 Translating batch of 1 paragraphs (1/1)...
✅ Done: /Users/andrew/repo/urdu-principles-of-faith/pipeline2/translation/tables/table7.md (1/1 translated)

🎯 All files processed.

📘 Processing chapter6_chapter_6_faith_toward_god.md...
📑 Paragraph markers found: 177
⏭️ Skipping <!-- p0 --> (already translated)
⏭️ Skipping <!-- p1 --> (already translated)
⏭️ Skipping <!-- p2 --> (already translated)
⏭️ Skipping <!-- p3 --> (already translated)
⏭️ Skipping <!-- p4 --> (already translated)
⏭️ Skipping <!-- p5 --> (already translated)
⏭️ Skipping <!-- p6 --> (already translated)
⏭️ Skipping <!-- p7 --> (already translated)
⏭️ Skipping <!-- p8 --> (already translated)
⏭️ Skipping <!-- p9 --> (already translated)
⏭️ Skipping <!-- p10 --> (already translated)
⏭️ Skipping <!-- p11 --> (already translated)
⏭️ Skipping <!-- p12 --> (already translated)
⏭️ Skipping <!-- p13 --> (already translated)
⏭️ Skipping <!-- p14 --> (already translated)
⏭️ Skipping <!-- p15 --> (already translated)
⏭️ Skipping <!-- p16 --> (already translated)
⏭️ Skipping <!-- p17 --> (already translated)
⏭️ Skipping <!-- p18 --> (already translated)
⏭️ Skipping <!-- p19 --> (already translated)
⏭️ Skipping <!-- p20 --> (already translated)
⏭️ Skipping <!-- p21 --> (already translated)
⏭️ Skipping <!-- p22 --> (already translated)
⏭️ Skipping <!-- p23 --> (already translated)
⏭️ Skipping <!-- p24 --> (already translated)
⏭️ Skipping <!-- p25 --> (already translated)
⏭️ Skipping <!-- p26 --> (already translated)
⏭️ Skipping <!-- p27 --> (already translated)
⏭️ Skipping <!-- p28 --> (already translated)
⏭️ Skipping <!-- p29 --> (already translated)
⏭️ Skipping <!-- p30 --> (already translated)
⏭️ Skipping <!-- p31 --> (already translated)
⏭️ Skipping <!-- p32 --> (already translated)
⏭️ Skipping <!-- p33 --> (already translated)
⏭️ Skipping <!-- p34 --> (already translated)
⏭️ Skipping <!-- p35 --> (already translated)
⏭️ Skipping <!-- p36 --> (already translated)
⏭️ Skipping <!-- p37 --> (already translated)
⏭️ Skipping <!-- p38 --> (already translated)
⏭️ Skipping <!-- p39 --> (already translated)
⏭️ Skipping <!-- p40 --> (already translated)
⏭️ Skipping <!-- p41 --> (already translated)
⏭️ Skipping <!-- p42 --> (already translated)
⏭️ Skipping <!-- p43 --> (already translated)
⏭️ Skipping <!-- p44 --> (already translated)
⏭️ Skipping <!-- p45 --> (already translated)
⏭️ Skipping <!-- p46 --> (already translated)
⏭️ Skipping <!-- p47 --> (already translated)
⏭️ Skipping <!-- p48 --> (already translated)
⏭️ Skipping <!-- p49 --> (already translated)
⏭️ Skipping <!-- p50 --> (already translated)
⏭️ Skipping <!-- p51 --> (already translated)
⏭️ Skipping <!-- p52 --> (already translated)
⏭️ Skipping <!-- p53 --> (already translated)
⏭️ Skipping <!-- p54 --> (already translated)
⏭️ Skipping <!-- p55 --> (already translated)
⏭️ Skipping <!-- p56 --> (already translated)
⏭️ Skipping <!-- p57 --> (already translated)
⏭️ Skipping <!-- p58 --> (already translated)
⏭️ Skipping <!-- p59 --> (already translated)
⏭️ Skipping <!-- p60 --> (already translated)
⏭️ Skipping <!-- p61 --> (already translated)
⏭️ Skipping <!-- p62 --> (already translated)
⏭️ Skipping <!-- p63 --> (already translated)
⏭️ Skipping <!-- p64 --> (already translated)
⏭️ Skipping <!-- p65 --> (already translated)
⏭️ Skipping <!-- p66 --> (already translated)
⏭️ Skipping <!-- p67 --> (already translated)
⏭️ Skipping <!-- p68 --> (already translated)
⏭️ Skipping <!-- p69 --> (already translated)
⏭️ Skipping <!-- p70 --> (already translated)
⏭️ Skipping <!-- p71 --> (already translated)
⏭️ Skipping <!-- p72 --> (already translated)
⏭️ Skipping <!-- p73 --> (already translated)
⏭️ Skipping <!-- p74 --> (already translated)
⏭️ Skipping <!-- p75 --> (already translated)
⏭️ Skipping <!-- p76 --> (already translated)
⏭️ Skipping <!-- p77 --> (already translated)
⏭️ Skipping <!-- p78 --> (already translated)
⏭️ Skipping <!-- p79 --> (already translated)
⏭️ Skipping <!-- p80 --> (already translated)
⏭️ Skipping <!-- p81 --> (already translated)
⏭️ Skipping <!-- p82 --> (already translated)
⏭️ Skipping <!-- p83 --> (already translated)
⏭️ Skipping <!-- p84 --> (already translated)
⏭️ Skipping <!-- p85 --> (already translated)
⏭️ Skipping <!-- p86 --> (already translated)
⏭️ Skipping <!-- p87 --> (already translated)
⏭️ Skipping <!-- p88 --> (already translated)
⏭️ Skipping <!-- p89 --> (already translated)
⏭️ Skipping <!-- p90 --> (already translated)
⏭️ Skipping <!-- p91 --> (already translated)
⏭️ Skipping <!-- p92 --> (already translated)
⏭️ Skipping <!-- p93 --> (already translated)
⏭️ Skipping <!-- p94 --> (already translated)
⏭️ Skipping <!-- p95 --> (already translated)
⏭️ Skipping <!-- p96 --> (already translated)
⏭️ Skipping <!-- p97 --> (already translated)
⏭️ Skipping <!-- p98 --> (already translated)
⏭️ Skipping <!-- p99 --> (already translated)
⏭️ Skipping <!-- p100 --> (already translated)
⏭️ Skipping <!-- p101 --> (already translated)
⏭️ Skipping <!-- p102 --> (already translated)
⏭️ Skipping <!-- p103 --> (already translated)
⏭️ Skipping <!-- p104 --> (already translated)
⏭️ Skipping <!-- p105 --> (already translated)
⏭️ Skipping <!-- p106 --> (already translated)
⏭️ Skipping <!-- p107 --> (already translated)
⏭️ Skipping <!-- p108 --> (already translated)
⏭️ Skipping <!-- p109 --> (already translated)
⏭️ Skipping <!-- p110 --> (already translated)
⏭️ Skipping <!-- p111 --> (already translated)
⏭️ Skipping <!-- p112 --> (already translated)
⏭️ Skipping <!-- p113 --> (already translated)
⏭️ Skipping <!-- p114 --> (already translated)
⏭️ Skipping <!-- p115 --> (already translated)
⏭️ Skipping <!-- p116 --> (already translated)
⏭️ Skipping <!-- p117 --> (already translated)
⏭️ Skipping <!-- p118 --> (already translated)
⏭️ Skipping <!-- p119 --> (already translated)
⏭️ Skipping <!-- p120 --> (already translated)
⏭️ Skipping <!-- p121 --> (already translated)
⏭️ Skipping <!-- p122 --> (already translated)
⏭️ Skipping <!-- p123 --> (already translated)
⏭️ Skipping <!-- p124 --> (already translated)
⏭️ Skipping <!-- p125 --> (already translated)
⏭️ Skipping <!-- p126 --> (already translated)
⏭️ Skipping <!-- p127 --> (already translated)
⏭️ Skipping <!-- p128 --> (already translated)
⏭️ Skipping <!-- p129 --> (already translated)
⏭️ Skipping <!-- p130 --> (already translated)
⏭️ Skipping <!-- p131 --> (already translated)
⏭️ Skipping <!-- p132 --> (already translated)
⏭️ Skipping <!-- p133 --> (already translated)
⏭️ Skipping <!-- p134 --> (already translated)
⏭️ Skipping <!-- p135 --> (already translated)
⏭️ Skipping <!-- p136 --> (already translated)
⏭️ Skipping <!-- p137 --> (already translated)
⏭️ Skipping <!-- p138 --> (already translated)
⏭️ Skipping <!-- p139 --> (already translated)
⏭️ Skipping <!-- p140 --> (already translated)
⏭️ Skipping <!-- p141 --> (already translated)
⏭️ Skipping <!-- p142 --> (already translated)
⏭️ Skipping <!-- p143 --> (already translated)
⏭️ Skipping <!-- p144 --> (already translated)
⏭️ Skipping <!-- p145 --> (already translated)
⏭️ Skipping <!-- p146 --> (already translated)
⏭️ Skipping <!-- p147 --> (already translated)
⏭️ Skipping <!-- p148 --> (already translated)
⏭️ Skipping <!-- p149 --> (already translated)
⏭️ Skipping <!-- p150 --> (already translated)
⏭️ Skipping <!-- p151 --> (already translated)
⏭️ Skipping <!-- p152 --> (already translated)
⏭️ Skipping <!-- p153 --> (already translated)
⏭️ Skipping <!-- p154 --> (already translated)
⏭️ Skipping <!-- p155 --> (already translated)
⏭️ Skipping <!-- p156 --> (already translated)
⏭️ Skipping <!-- p157 --> (already translated)
⏭️ Skipping <!-- p158 --> (already translated)
⏭️ Skipping <!-- p159 --> (already translated)
⏭️ Skipping <!-- p160 --> (already translated)
⏭️ Skipping <!-- p161 --> (already translated)
⏭️ Skipping <!-- p162 --> (already translated)
⏭️ Skipping <!-- p163 --> (already translated)
⏭️ Skipping <!-- p164 --> (already translated)
⏭️ Skipping <!-- p165 --> (already translated)
⏭️ Skipping <!-- p166 --> (already translated)
⏭️ Skipping <!-- p167 --> (already translated)
⏭️ Skipping <!-- p168 --> (already translated)
⏭️ Skipping <!-- p169 --> (already translated)
⏭️ Skipping <!-- p170 --> (already translated)
⏭️ Skipping <!-- p171 --> (already translated)
⏭️ Skipping <!-- p172 --> (already translated)
⏭️ Skipping <!-- p173 --> (already translated)
⏭️ Skipping <!-- p174 --> (already translated)
⏭️ Skipping <!-- p175 --> (already translated)
⏭️ Skipping <!-- p176 --> (already translated)
🧮 Token-aware batching: 0 batch(es), budget ~106666 tokens, max batch size 20
✅ Done: /Users/andrew/repo/urdu-principles-of-faith/pipeline2/translation/chapters/chapter6_chapter_6_faith_toward_god.md (0/177 translated)

🎯 All files processed.

📘 Processing chapter6_chapter_6_faith_toward_god.md...
📑 Paragraph markers found: 177
⏭️ Skipping <!-- p0 --> (already translated)
⏭️ Skipping <!-- p1 --> (already translated)
⏭️ Skipping <!-- p2 --> (already translated)
⏭️ Skipping <!-- p3 --> (already translated)
⏭️ Skipping <!-- p4 --> (already translated)
⏭️ Skipping <!-- p5 --> (already translated)
⏭️ Skipping <!-- p6 --> (already translated)
⏭️ Skipping <!-- p7 --> (already translated)
⏭️ Skipping <!-- p8 --> (already translated)
⏭️ Skipping <!-- p9 --> (already translated)
⏭️ Skipping <!-- p10 --> (already translated)
⏭️ Skipping <!-- p11 --> (already translated)
⏭️ Skipping <!-- p12 --> (already translated)
⏭️ Skipping <!-- p13 --> (already translated)
⏭️ Skipping <!-- p14 --> (already translated)
⏭️ Skipping <!-- p15 --> (already translated)
⏭️ Skipping <!-- p16 --> (already translated)
⏭️ Skipping <!-- p17 --> (already translated)
⏭️ Skipping <!-- p18 --> (already translated)
⏭️ Skipping <!-- p19 --> (already translated)
⏭️ Skipping <!-- p20 --> (already translated)
⏭️ Skipping <!-- p21 --> (already translated)
⏭️ Skipping <!-- p22 --> (already translated)
⏭️ Skipping <!-- p23 --> (already translated)
⏭️ Skipping <!-- p24 --> (already translated)
⏭️ Skipping <!-- p25 --> (already translated)
⏭️ Skipping <!-- p26 --> (already translated)
⏭️ Skipping <!-- p27 --> (already translated)
⏭️ Skipping <!-- p28 --> (already translated)
⏭️ Skipping <!-- p29 --> (already translated)
⏭️ Skipping <!-- p30 --> (already translated)
⏭️ Skipping <!-- p31 --> (already translated)
⏭️ Skipping <!-- p32 --> (already translated)
⏭️ Skipping <!-- p33 --> (already translated)
⏭️ Skipping <!-- p34 --> (already translated)
⏭️ Skipping <!-- p35 --> (already translated)
⏭️ Skipping <!-- p36 --> (already translated)
⏭️ Skipping <!-- p37 --> (already translated)
⏭️ Skipping <!-- p38 --> (already translated)
⏭️ Skipping <!-- p39 --> (already translated)
⏭️ Skipping <!-- p40 --> (already translated)
⏭️ Skipping <!-- p41 --> (already translated)
⏭️ Skipping <!-- p42 --> (already translated)
⏭️ Skipping <!-- p43 --> (already translated)
⏭️ Skipping <!-- p44 --> (already translated)
⏭️ Skipping <!-- p45 --> (already translated)
⏭️ Skipping <!-- p46 --> (already translated)
⏭️ Skipping <!-- p47 --> (already translated)
⏭️ Skipping <!-- p48 --> (already translated)
⏭️ Skipping <!-- p49 --> (already translated)
⏭️ Skipping <!-- p50 --> (already translated)
⏭️ Skipping <!-- p51 --> (already translated)
⏭️ Skipping <!-- p52 --> (already translated)
⏭️ Skipping <!-- p53 --> (already translated)
⏭️ Skipping <!-- p54 --> (already translated)
⏭️ Skipping <!-- p55 --> (already translated)
⏭️ Skipping <!-- p56 --> (already translated)
⏭️ Skipping <!-- p57 --> (already translated)
⏭️ Skipping <!-- p58 --> (already translated)
⏭️ Skipping <!-- p59 --> (already translated)
⏭️ Skipping <!-- p60 --> (already translated)
⏭️ Skipping <!-- p61 --> (already translated)
⏭️ Skipping <!-- p62 --> (already translated)
⏭️ Skipping <!-- p63 --> (already translated)
⏭️ Skipping <!-- p64 --> (already translated)
⏭️ Skipping <!-- p65 --> (already translated)
⏭️ Skipping <!-- p66 --> (already translated)
⏭️ Skipping <!-- p67 --> (already translated)
⏭️ Skipping <!-- p68 --> (already translated)
⏭️ Skipping <!-- p69 --> (already translated)
⏭️ Skipping <!-- p70 --> (already translated)
⏭️ Skipping <!-- p71 --> (already translated)
⏭️ Skipping <!-- p72 --> (already translated)
⏭️ Skipping <!-- p73 --> (already translated)
⏭️ Skipping <!-- p74 --> (already translated)
⏭️ Skipping <!-- p75 --> (already translated)
⏭️ Skipping <!-- p76 --> (already translated)
⏭️ Skipping <!-- p77 --> (already translated)
⏭️ Skipping <!-- p78 --> (already translated)
⏭️ Skipping <!-- p79 --> (already translated)
⏭️ Skipping <!-- p80 --> (already translated)
⏭️ Skipping <!-- p81 --> (already translated)
⏭️ Skipping <!-- p82 --> (already translated)
⏭️ Skipping <!-- p83 --> (already translated)
⏭️ Skipping <!-- p84 --> (already translated)
⏭️ Skipping <!-- p85 --> (already translated)
⏭️ Skipping <!-- p86 --> (already translated)
⏭️ Skipping <!-- p87 --> (already translated)
⏭️ Skipping <!-- p88 --> (already translated)
⏭️ Skipping <!-- p89 --> (already translated)
⏭️ Skipping <!-- p90 --> (already translated)
⏭️ Skipping <!-- p91 --> (already translated)
⏭️ Skipping <!-- p92 --> (already translated)
⏭️ Skipping <!-- p93 --> (already translated)
⏭️ Skipping <!-- p94 --> (already translated)
⏭️ Skipping <!-- p95 --> (already translated)
⏭️ Skipping <!-- p96 --> (already translated)
⏭️ Skipping <!-- p97 --> (already translated)
⏭️ Skipping <!-- p98 --> (already translated)
⏭️ Skipping <!-- p99 --> (already translated)
⏭️ Skipping <!-- p100 --> (already translated)
⏭️ Skipping <!-- p101 --> (already translated)
⏭️ Skipping <!-- p102 --> (already translated)
⏭️ Skipping <!-- p103 --> (already translated)
⏭️ Skipping <!-- p104 --> (already translated)
⏭️ Skipping <!-- p105 --> (already translated)
⏭️ Skipping <!-- p106 --> (already translated)
⏭️ Skipping <!-- p107 --> (already translated)
⏭️ Skipping <!-- p108 --> (already translated)
⏭️ Skipping <!-- p109 --> (already translated)
⏭️ Skipping <!-- p110 --> (already translated)
⏭️ Skipping <!-- p111 --> (already translated)
⏭️ Skipping <!-- p112 --> (already translated)
⏭️ Skipping <!-- p113 --> (already translated)
⏭️ Skipping <!-- p114 --> (already translated)
⏭️ Skipping <!-- p115 --> (already translated)
⏭️ Skipping <!-- p116 --> (already translated)
⏭️ Skipping <!-- p117 --> (already translated)
⏭️ Skipping <!-- p118 --> (already translated)
⏭️ Skipping <!-- p119 --> (already translated)
⏭️ Skipping <!-- p120 --> (already translated)
⏭️ Skipping <!-- p121 --> (already translated)
⏭️ Skipping <!-- p122 --> (already translated)
⏭️ Skipping <!-- p123 --> (already translated)
⏭️ Skipping <!-- p124 --> (already translated)
⏭️ Skipping <!-- p125 --> (already translated)
⏭️ Skipping <!-- p126 --> (already translated)
⏭️ Skipping <!-- p127 --> (already translated)
⏭️ Skipping <!-- p128 --> (already translated)
⏭️ Skipping <!-- p129 --> (already translated)
⏭️ Skipping <!-- p130 --> (already translated)
⏭️ Skipping <!-- p131 --> (already translated)
⏭️ Skipping <!-- p132 --> (already translated)
⏭️ Skipping <!-- p133 --> (already translated)
⏭️ Skipping <!-- p134 --> (already translated)
⏭️ Skipping <!-- p135 --> (already translated)
⏭️ Skipping <!-- p136 --> (already translated)
⏭️ Skipping <!-- p137 --> (already translated)
⏭️ Skipping <!-- p138 --> (already translated)
⏭️ Skipping <!-- p139 --> (already translated)
⏭️ Skipping <!-- p140 --> (already translated)
⏭️ Skipping <!-- p141 --> (already translated)
⏭️ Skipping <!-- p142 --> (already translated)
⏭️ Skipping <!-- p143 --> (already translated)
⏭️ Skipping <!-- p144 --> (already translated)
⏭️ Skipping <!-- p145 --> (already translated)
⏭️ Skipping <!-- p146 --> (already translated)
⏭️ Skipping <!-- p147 --> (already translated)
⏭️ Skipping <!-- p148 --> (already translated)
⏭️ Skipping <!-- p149 --> (already translated)
⏭️ Skipping <!-- p150 --> (already translated)
⏭️ Skipping <!-- p151 --> (already translated)
⏭️ Skipping <!-- p152 --> (already translated)
⏭️ Skipping <!-- p153 --> (already translated)
⏭️ Skipping <!-- p154 --> (already translated)
⏭️ Skipping <!-- p155 --> (already translated)
⏭️ Skipping <!-- p156 --> (already translated)
⏭️ Skipping <!-- p157 --> (already translated)
⏭️ Skipping <!-- p158 --> (already translated)
⏭️ Skipping <!-- p159 --> (already translated)
⏭️ Skipping <!-- p160 --> (already translated)
⏭️ Skipping <!-- p161 --> (already translated)
⏭️ Skipping <!-- p162 --> (already translated)
⏭️ Skipping <!-- p163 --> (already translated)
⏭️ Skipping <!-- p164 --> (already translated)
⏭️ Skipping <!-- p165 --> (already translated)
⏭️ Skipping <!-- p166 --> (already translated)
⏭️ Skipping <!-- p167 --> (already translated)
⏭️ Skipping <!-- p168 --> (already translated)
⏭️ Skipping <!-- p169 --> (already translated)
⏭️ Skipping <!-- p170 --> (already translated)
⏭️ Skipping <!-- p171 --> (already translated)
⏭️ Skipping <!-- p172 --> (already translated)
⏭️ Skipping <!-- p173 --> (already translated)
⏭️ Skipping <!-- p174 --> (already translated)
⏭️ Skipping <!-- p175 --> (already translated)
⏭️ Skipping <!-- p176 --> (already translated)
🧮 Token-aware batching: 0 batch(es), budget ~106666 tokens, max batch size 20
✅ Done: /Users/andrew/repo/urdu-principles-of-faith/pipeline2/backtranslation/chapters/chapter6_chapter_6_faith_toward_god.md (0/177 translated)

🎯 All files processed.
🔍 Found 1 matching file pairs:
  - chapter6_chapter_6_faith_toward_god.md

=== Processing: chapter6_chapter_6_faith_toward_god.md ===
⏭️  Skipping drift_report_chapter6_chapter_6_faith_toward_god_vs_chapter6_chapter_6_faith_toward_god.csv (already exists). Use --overwrite to regenerate.
🗂 Found 1 drift reports in /Users/andrew/repo/urdu-principles-of-faith/pipeline2/analysis/chapters. Processing...

Analyzing 23 flagged paragraphs in drift_report_chapter6_chapter_6_faith_toward_god_vs_chapter6_chapter_6_faith_toward_god.csv...

Explaining differences: 0it [00:00, ?it/s]
Explaining differences: 1it [00:02,  2.86s/it]
Explaining differences: 2it [00:04,  2.36s/it]
Explaining differences: 3it [00:05,  1.73s/it]
Explaining differences: 4it [00:07,  1.69s/it]
Explaining differences: 5it [00:08,  1.54s/it]
Explaining differences: 6it [00:11,  1.90s/it]
Explaining differences: 7it [00:12,  1.79s/it]
Explaining differences: 8it [00:15,  1.91s/it]
Explaining differences: 9it [00:17,  1.98s/it]
Explaining differences: 10it [00:19,  1.99s/it]
Explaining differences: 11it [00:20,  1.74s/it]
Explaining differences: 12it [00:21,  1.62s/it]
Explaining differences: 13it [00:23,  1.62s/it]
Explaining differences: 14it [00:24,  1.54s/it]
Explaining differences: 15it [00:26,  1.60s/it]
Explaining differences: 16it [00:27,  1.56s/it]
Explaining differences: 17it [00:29,  1.50s/it]
Explaining differences: 18it [00:31,  1.77s/it]
Explaining differences: 19it [00:33,  1.92s/it]
Explaining differences: 20it [00:35,  1.82s/it]
Explaining differences: 21it [00:37,  1.95s/it]
Explaining differences: 22it [00:39,  1.96s/it]
Explaining differences: 23it [00:42,  2.06s/it]
Explaining differences: 23it [00:42,  1.83s/it]
⏭️  Skipping drift_report_chapter6_chapter_6_faith_toward_god_vs_chapter6_chapter_6_faith_toward_god.csv — explained report already exists (use --overwrite to regenerate).
🎉 All files processed.

📘 Processing table7.md...
🧮 Auto batch size determined: 20 paragraphs per request (input budget ≈ 246400.0 tokens)
⏭️ Skipping <!-- p0 --> (already translated)
✅ Done: /Users/andrew/repo/urdu-principles-of-faith/pipeline2/translation/tables/table7.md (0/1 translated)

🎯 All files processed.

📘 Processing chapter0_0_intro.md...
📑 Paragraph markers found: 20
🧮 Token-aware batching: 1 batch(es), budget ~106666 tokens, max batch size 20
🟦 Translating batch 1/1 (20 paras, ~615 tokens input)...
✅ Done: /Users/andrew/repo/urdu-principles-of-faith/pipeline2/translation/chapters/chapter0_0_intro.md (20/20 translated)

📘 Processing chapter0_1_dedication.md...
📑 Paragraph markers found: 3
🧮 Token-aware batching: 1 batch(es), budget ~106666 tokens, max batch size 20
🟦 Translating batch 1/1 (3 paras, ~64 tokens input)...
✅ Done: /Users/andrew/repo/urdu-principles-of-faith/pipeline2/translation/chapters/chapter0_1_dedication.md (3/3 translated)

📘 Processing chapter0_2_acknowledgements.md...
📑 Paragraph markers found: 4
🧮 Token-aware batching: 1 batch(es), budget ~106666 tokens, max batch size 20
🟦 Translating batch 1/1 (4 paras, ~174 tokens input)...
✅ Done: /Users/andrew/repo/urdu-principles-of-faith/pipeline2/translation/chapters/chapter0_2_acknowledgements.md (4/4 translated)

📘 Processing chapter0_3_table_of_contents.md...
📑 Paragraph markers found: 26
🧮 Token-aware batching: 2 batch(es), budget ~106666 tokens, max batch size 20
🟦 Translating batch 1/2 (20 paras, ~684 tokens input)...
🟦 Translating batch 2/2 (6 paras, ~151 tokens input)...
✅ Done: /Users/andrew/repo/urdu-principles-of-faith/pipeline2/translation/chapters/chapter0_3_table_of_contents.md (26/26 translated)

📘 Processing chapter0_4_list_of_tables.md...
📑 Paragraph markers found: 13
🧮 Token-aware batching: 1 batch(es), budget ~106666 tokens, max batch size 20
🟦 Translating batch 1/1 (13 paras, ~533 tokens input)...
✅ Done: /Users/andrew/repo/urdu-principles-of-faith/pipeline2/translation/chapters/chapter0_4_list_of_tables.md (13/13 translated)

📘 Processing chapter0_5_foreword.md...
📑 Paragraph markers found: 6
🧮 Token-aware batching: 1 batch(es), budget ~106666 tokens, max batch size 20
🟦 Translating batch 1/1 (6 paras, ~285 tokens input)...
✅ Done: /Users/andrew/repo/urdu-principles-of-faith/pipeline2/translation/chapters/chapter0_5_foreword.md (6/6 translated)

📘 Processing chapter0_6_preface.md...
📑 Paragraph markers found: 70
🧮 Token-aware batching: 4 batch(es), budget ~106666 tokens, max batch size 20
🟦 Translating batch 1/4 (20 paras, ~1237 tokens input)...
🟦 Translating batch 2/4 (20 paras, ~922 tokens input)...
🟦 Translating batch 3/4 (20 paras, ~766 tokens input)...
🟦 Translating batch 4/4 (10 paras, ~679 tokens input)...
✅ Done: /Users/andrew/repo/urdu-principles-of-faith/pipeline2/translation/chapters/chapter0_6_preface.md (70/70 translated)

📘 Processing chapter10_chapter_10_sanctified_prepared_for_god_s_purpose.md...
📑 Paragraph markers found: 112
🧮 Token-aware batching: 6 batch(es), budget ~106666 tokens, max batch size 20
🟦 Translating batch 1/6 (20 paras, ~1150 tokens input)...
🟦 Translating batch 2/6 (20 paras, ~1554 tokens input)...
🟦 Translating batch 3/6 (20 paras, ~1171 tokens input)...
🟦 Translating batch 4/6 (20 paras, ~940 tokens input)...
🟦 Translating batch 5/6 (20 paras, ~1091 tokens input)...
🟦 Translating batch 6/6 (12 paras, ~550 tokens input)...
✅ Done: /Users/andrew/repo/urdu-principles-of-faith/pipeline2/translation/chapters/chapter10_chapter_10_sanctified_prepared_for_god_s_purpose.md (112/112 translated)

📘 Processing chapter11_chapter_11_baptisms_water_and_spirit.md...
📑 Paragraph markers found: 133
🧮 Token-aware batching: 7 batch(es), budget ~106666 tokens, max batch size 20
🟦 Translating batch 1/7 (20 paras, ~2581 tokens input)...
🟦 Translating batch 2/7 (20 paras, ~2522 tokens input)...
🟦 Translating batch 3/7 (20 paras, ~1246 tokens input)...
🟦 Translating batch 4/7 (20 paras, ~929 tokens input)...
🟦 Translating batch 5/7 (20 paras, ~1099 tokens input)...
🟦 Translating batch 6/7 (20 paras, ~2065 tokens input)...
🟦 Translating batch 7/7 (13 paras, ~524 tokens input)...
✅ Done: /Users/andrew/repo/urdu-principles-of-faith/pipeline2/translation/chapters/chapter11_chapter_11_baptisms_water_and_spirit.md (133/133 translated)

📘 Processing chapter12_chapter_12_discipleship.md...
📑 Paragraph markers found: 116
🧮 Token-aware batching: 6 batch(es), budget ~106666 tokens, max batch size 20
🟦 Translating batch 1/6 (20 paras, ~1289 tokens input)...
🟦 Translating batch 2/6 (20 paras, ~987 tokens input)...
🟦 Translating batch 3/6 (20 paras, ~988 tokens input)...
🟦 Translating batch 4/6 (20 paras, ~1499 tokens input)...
🟦 Translating batch 5/6 (20 paras, ~1752 tokens input)...
🟦 Translating batch 6/6 (16 paras, ~893 tokens input)...
✅ Done: /Users/andrew/repo/urdu-principles-of-faith/pipeline2/translation/chapters/chapter12_chapter_12_discipleship.md (116/116 translated)

📘 Processing chapter13_chapter_13_spiritual_authority.md...
📑 Paragraph markers found: 197
🧮 Token-aware batching: 10 batch(es), budget ~106666 tokens, max batch size 20
🟦 Translating batch 1/10 (20 paras, ~583 tokens input)...
🟦 Translating batch 2/10 (20 paras, ~732 tokens input)...
🟦 Translating batch 3/10 (20 paras, ~1053 tokens input)...
🟦 Translating batch 4/10 (20 paras, ~1046 tokens input)...
🟦 Translating batch 5/10 (20 paras, ~948 tokens input)...
🟦 Translating batch 6/10 (20 paras, ~2104 tokens input)...
🟦 Translating batch 7/10 (20 paras, ~1342 tokens input)...
🟦 Translating batch 8/10 (20 paras, ~1854 tokens input)...
🟦 Translating batch 9/10 (20 paras, ~1385 tokens input)...
🟦 Translating batch 10/10 (17 paras, ~1013 tokens input)...
✅ Done: /Users/andrew/repo/urdu-principles-of-faith/pipeline2/translation/chapters/chapter13_chapter_13_spiritual_authority.md (197/197 translated)

📘 Processing chapter14_back_1_postscript.md...
📑 Paragraph markers found: 12
🧮 Token-aware batching: 1 batch(es), budget ~106666 tokens, max batch size 20
🟦 Translating batch 1/1 (12 paras, ~556 tokens input)...
✅ Done: /Users/andrew/repo/urdu-principles-of-faith/pipeline2/translation/chapters/chapter14_back_1_postscript.md (12/12 translated)

📘 Processing chapter14_back_3_extended_reference_tables.md...
📑 Paragraph markers found: 5
🧮 Token-aware batching: 1 batch(es), budget ~106666 tokens, max batch size 20
🟦 Translating batch 1/1 (5 paras, ~100 tokens input)...
✅ Done: /Users/andrew/repo/urdu-principles-of-faith/pipeline2/translation/chapters/chapter14_back_3_extended_reference_tables.md (5/5 translated)

📘 Processing chapter14_back_4_end_of_chapter_activities.md...
📑 Paragraph markers found: 615
🧮 Token-aware batching: 31 batch(es), budget ~106666 tokens, max batch size 20
🟦 Translating batch 1/31 (20 paras, ~582 tokens input)...
🟦 Translating batch 2/31 (20 paras, ~460 tokens input)...
🟦 Translating batch 3/31 (20 paras, ~654 tokens input)...
🟦 Translating batch 4/31 (20 paras, ~425 tokens input)...
🟦 Translating batch 5/31 (20 paras, ~559 tokens input)...
🟦 Translating batch 6/31 (20 paras, ~603 tokens input)...
🟦 Translating batch 7/31 (20 paras, ~413 tokens input)...
🟦 Translating batch 8/31 (20 paras, ~680 tokens input)...
🟦 Translating batch 9/31 (20 paras, ~688 tokens input)...
🟦 Translating batch 10/31 (20 paras, ~331 tokens input)...
🟦 Translating batch 11/31 (20 paras, ~322 tokens input)...
🟦 Translating batch 12/31 (20 paras, ~394 tokens input)...
🟦 Translating batch 13/31 (20 paras, ~535 tokens input)...
🟦 Translating batch 14/31 (20 paras, ~343 tokens input)...
🟦 Translating batch 15/31 (20 paras, ~618 tokens input)...
🟦 Translating batch 16/31 (20 paras, ~489 tokens input)...
🟦 Translating batch 17/31 (20 paras, ~368 tokens input)...
🟦 Translating batch 18/31 (20 paras, ~408 tokens input)...
🟦 Translating batch 19/31 (20 paras, ~417 tokens input)...
🟦 Translating batch 20/31 (20 paras, ~394 tokens input)...
🟦 Translating batch 21/31 (20 paras, ~440 tokens input)...
🟦 Translating batch 22/31 (20 paras, ~418 tokens input)...
🟦 Translating batch 23/31 (20 paras, ~532 tokens input)...
🟦 Translating batch 24/31 (20 paras, ~505 tokens input)...
🟦 Translating batch 25/31 (20 paras, ~373 tokens input)...
🟦 Translating batch 26/31 (20 paras, ~365 tokens input)...
🟦 Translating batch 27/31 (20 paras, ~635 tokens input)...
🟦 Translating batch 28/31 (20 paras, ~568 tokens input)...
🟦 Translating batch 29/31 (20 paras, ~666 tokens input)...
🟦 Translating batch 30/31 (20 paras, ~410 tokens input)...
🟦 Translating batch 31/31 (15 paras, ~318 tokens input)...
✅ Done: /Users/andrew/repo/urdu-principles-of-faith/pipeline2/translation/chapters/chapter14_back_4_end_of_chapter_activities.md (615/615 translated)

📘 Processing chapter14_back_5_hearing_the_voice_of_god.md...
📑 Paragraph markers found: 49
🧮 Token-aware batching: 3 batch(es), budget ~106666 tokens, max batch size 20
🟦 Translating batch 1/3 (20 paras, ~844 tokens input)...
🟦 Translating batch 2/3 (20 paras, ~2452 tokens input)...
🟦 Translating batch 3/3 (9 paras, ~284 tokens input)...
✅ Done: /Users/andrew/repo/urdu-principles-of-faith/pipeline2/translation/chapters/chapter14_back_5_hearing_the_voice_of_god.md (49/49 translated)

📘 Processing chapter14_chapter_14_keep_watch.md...
📑 Paragraph markers found: 109
🧮 Token-aware batching: 6 batch(es), budget ~106666 tokens, max batch size 20
🟦 Translating batch 1/6 (20 paras, ~594 tokens input)...
🟦 Translating batch 2/6 (20 paras, ~628 tokens input)...
🟦 Translating batch 3/6 (20 paras, ~1129 tokens input)...
🟦 Translating batch 4/6 (20 paras, ~521 tokens input)...
🟦 Translating batch 5/6 (20 paras, ~721 tokens input)...
🟦 Translating batch 6/6 (9 paras, ~475 tokens input)...
✅ Done: /Users/andrew/repo/urdu-principles-of-faith/pipeline2/translation/chapters/chapter14_chapter_14_keep_watch.md (109/109 translated)

📘 Processing chapter1_chapter_1_sound_doctrine_matters.md...
📑 Paragraph markers found: 116
🧮 Token-aware batching: 6 batch(es), budget ~106666 tokens, max batch size 20
🟦 Translating batch 1/6 (20 paras, ~1650 tokens input)...
🟦 Translating batch 2/6 (20 paras, ~1001 tokens input)...
🟦 Translating batch 3/6 (20 paras, ~571 tokens input)...
🟦 Translating batch 4/6 (20 paras, ~1103 tokens input)...
🟦 Translating batch 5/6 (20 paras, ~545 tokens input)...
🟦 Translating batch 6/6 (16 paras, ~409 tokens input)...
✅ Done: /Users/andrew/repo/urdu-principles-of-faith/pipeline2/translation/chapters/chapter1_chapter_1_sound_doctrine_matters.md (116/116 translated)

📘 Processing chapter2_chapter_2_god_eternal_creator_and_loving_father.md...
📑 Paragraph markers found: 70
🧮 Token-aware batching: 4 batch(es), budget ~106666 tokens, max batch size 20
🟦 Translating batch 1/4 (20 paras, ~1101 tokens input)...
🟦 Translating batch 2/4 (20 paras, ~1194 tokens input)...
🟦 Translating batch 3/4 (20 paras, ~1979 tokens input)...
🟦 Translating batch 4/4 (10 paras, ~474 tokens input)...
✅ Done: /Users/andrew/repo/urdu-principles-of-faith/pipeline2/translation/chapters/chapter2_chapter_2_god_eternal_creator_and_loving_father.md (70/70 translated)

📘 Processing chapter3_chapter_3_sin_and_redemption.md...
📑 Paragraph markers found: 115
🧮 Token-aware batching: 6 batch(es), budget ~106666 tokens, max batch size 20
🟦 Translating batch 1/6 (20 paras, ~1152 tokens input)...
🟦 Translating batch 2/6 (20 paras, ~522 tokens input)...
🟦 Translating batch 3/6 (20 paras, ~1008 tokens input)...
🟦 Translating batch 4/6 (20 paras, ~1500 tokens input)...
🟦 Translating batch 5/6 (20 paras, ~1134 tokens input)...
🟦 Translating batch 6/6 (15 paras, ~583 tokens input)...
✅ Done: /Users/andrew/repo/urdu-principles-of-faith/pipeline2/translation/chapters/chapter3_chapter_3_sin_and_redemption.md (115/115 translated)

📘 Processing chapter4_chapter_4_jesus_the_messiah.md...
📑 Paragraph markers found: 105
🧮 Token-aware batching: 6 batch(es), budget ~106666 tokens, max batch size 20
🟦 Translating batch 1/6 (20 paras, ~1229 tokens input)...
🟦 Translating batch 2/6 (20 paras, ~1372 tokens input)...
🟦 Translating batch 3/6 (20 paras, ~772 tokens input)...
🟦 Translating batch 4/6 (20 paras, ~1318 tokens input)...
🟦 Translating batch 5/6 (20 paras, ~944 tokens input)...
🟦 Translating batch 6/6 (5 paras, ~348 tokens input)...
✅ Done: /Users/andrew/repo/urdu-principles-of-faith/pipeline2/translation/chapters/chapter4_chapter_4_jesus_the_messiah.md (105/105 translated)

📘 Processing chapter5_chapter_5_repentance_from_dead_works.md...
📑 Paragraph markers found: 152
🧮 Token-aware batching: 8 batch(es), budget ~106666 tokens, max batch size 20
🟦 Translating batch 1/8 (20 paras, ~768 tokens input)...
🟦 Translating batch 2/8 (20 paras, ~688 tokens input)...
🟦 Translating batch 3/8 (20 paras, ~750 tokens input)...
🟦 Translating batch 4/8 (20 paras, ~810 tokens input)...
🟦 Translating batch 5/8 (20 paras, ~1072 tokens input)...
🟦 Translating batch 6/8 (20 paras, ~912 tokens input)...
🟦 Translating batch 7/8 (20 paras, ~1638 tokens input)...
🟦 Translating batch 8/8 (12 paras, ~652 tokens input)...
✅ Done: /Users/andrew/repo/urdu-principles-of-faith/pipeline2/translation/chapters/chapter5_chapter_5_repentance_from_dead_works.md (152/152 translated)

📘 Processing chapter6_chapter_6_faith_toward_god.md...
📑 Paragraph markers found: 177
⏭️ Skipping <!-- p0 --> (already translated)
⏭️ Skipping <!-- p1 --> (already translated)
⏭️ Skipping <!-- p2 --> (already translated)
⏭️ Skipping <!-- p3 --> (already translated)
⏭️ Skipping <!-- p4 --> (already translated)
⏭️ Skipping <!-- p5 --> (already translated)
⏭️ Skipping <!-- p6 --> (already translated)
⏭️ Skipping <!-- p7 --> (already translated)
⏭️ Skipping <!-- p8 --> (already translated)
⏭️ Skipping <!-- p9 --> (already translated)
⏭️ Skipping <!-- p10 --> (already translated)
⏭️ Skipping <!-- p11 --> (already translated)
⏭️ Skipping <!-- p12 --> (already translated)
⏭️ Skipping <!-- p13 --> (already translated)
⏭️ Skipping <!-- p14 --> (already translated)
⏭️ Skipping <!-- p15 --> (already translated)
⏭️ Skipping <!-- p16 --> (already translated)
⏭️ Skipping <!-- p17 --> (already translated)
⏭️ Skipping <!-- p18 --> (already translated)
⏭️ Skipping <!-- p19 --> (already translated)
⏭️ Skipping <!-- p20 --> (already translated)
⏭️ Skipping <!-- p21 --> (already translated)
⏭️ Skipping <!-- p22 --> (already translated)
⏭️ Skipping <!-- p23 --> (already translated)
⏭️ Skipping <!-- p24 --> (already translated)
⏭️ Skipping <!-- p25 --> (already translated)
⏭️ Skipping <!-- p26 --> (already translated)
⏭️ Skipping <!-- p27 --> (already translated)
⏭️ Skipping <!-- p28 --> (already translated)
⏭️ Skipping <!-- p29 --> (already translated)
⏭️ Skipping <!-- p30 --> (already translated)
⏭️ Skipping <!-- p31 --> (already translated)
⏭️ Skipping <!-- p32 --> (already translated)
⏭️ Skipping <!-- p33 --> (already translated)
⏭️ Skipping <!-- p34 --> (already translated)
⏭️ Skipping <!-- p35 --> (already translated)
⏭️ Skipping <!-- p36 --> (already translated)
⏭️ Skipping <!-- p37 --> (already translated)
⏭️ Skipping <!-- p38 --> (already translated)
⏭️ Skipping <!-- p39 --> (already translated)
⏭️ Skipping <!-- p40 --> (already translated)
⏭️ Skipping <!-- p41 --> (already translated)
⏭️ Skipping <!-- p42 --> (already translated)
⏭️ Skipping <!-- p43 --> (already translated)
⏭️ Skipping <!-- p44 --> (already translated)
⏭️ Skipping <!-- p45 --> (already translated)
⏭️ Skipping <!-- p46 --> (already translated)
⏭️ Skipping <!-- p47 --> (already translated)
⏭️ Skipping <!-- p48 --> (already translated)
⏭️ Skipping <!-- p49 --> (already translated)
⏭️ Skipping <!-- p50 --> (already translated)
⏭️ Skipping <!-- p51 --> (already translated)
⏭️ Skipping <!-- p52 --> (already translated)
⏭️ Skipping <!-- p53 --> (already translated)
⏭️ Skipping <!-- p54 --> (already translated)
⏭️ Skipping <!-- p55 --> (already translated)
⏭️ Skipping <!-- p56 --> (already translated)
⏭️ Skipping <!-- p57 --> (already translated)
⏭️ Skipping <!-- p58 --> (already translated)
⏭️ Skipping <!-- p59 --> (already translated)
⏭️ Skipping <!-- p60 --> (already translated)
⏭️ Skipping <!-- p61 --> (already translated)
⏭️ Skipping <!-- p62 --> (already translated)
⏭️ Skipping <!-- p63 --> (already translated)
⏭️ Skipping <!-- p64 --> (already translated)
⏭️ Skipping <!-- p65 --> (already translated)
⏭️ Skipping <!-- p66 --> (already translated)
⏭️ Skipping <!-- p67 --> (already translated)
⏭️ Skipping <!-- p68 --> (already translated)
⏭️ Skipping <!-- p69 --> (already translated)
⏭️ Skipping <!-- p70 --> (already translated)
⏭️ Skipping <!-- p71 --> (already translated)
⏭️ Skipping <!-- p72 --> (already translated)
⏭️ Skipping <!-- p73 --> (already translated)
⏭️ Skipping <!-- p74 --> (already translated)
⏭️ Skipping <!-- p75 --> (already translated)
⏭️ Skipping <!-- p76 --> (already translated)
⏭️ Skipping <!-- p77 --> (already translated)
⏭️ Skipping <!-- p78 --> (already translated)
⏭️ Skipping <!-- p79 --> (already translated)
⏭️ Skipping <!-- p80 --> (already translated)
⏭️ Skipping <!-- p81 --> (already translated)
⏭️ Skipping <!-- p82 --> (already translated)
⏭️ Skipping <!-- p83 --> (already translated)
⏭️ Skipping <!-- p84 --> (already translated)
⏭️ Skipping <!-- p85 --> (already translated)
⏭️ Skipping <!-- p86 --> (already translated)
⏭️ Skipping <!-- p87 --> (already translated)
⏭️ Skipping <!-- p88 --> (already translated)
⏭️ Skipping <!-- p89 --> (already translated)
⏭️ Skipping <!-- p90 --> (already translated)
⏭️ Skipping <!-- p91 --> (already translated)
⏭️ Skipping <!-- p92 --> (already translated)
⏭️ Skipping <!-- p93 --> (already translated)
⏭️ Skipping <!-- p94 --> (already translated)
⏭️ Skipping <!-- p95 --> (already translated)
⏭️ Skipping <!-- p96 --> (already translated)
⏭️ Skipping <!-- p97 --> (already translated)
⏭️ Skipping <!-- p98 --> (already translated)
⏭️ Skipping <!-- p99 --> (already translated)
⏭️ Skipping <!-- p100 --> (already translated)
⏭️ Skipping <!-- p101 --> (already translated)
⏭️ Skipping <!-- p102 --> (already translated)
⏭️ Skipping <!-- p103 --> (already translated)
⏭️ Skipping <!-- p104 --> (already translated)
⏭️ Skipping <!-- p105 --> (already translated)
⏭️ Skipping <!-- p106 --> (already translated)
⏭️ Skipping <!-- p107 --> (already translated)
⏭️ Skipping <!-- p108 --> (already translated)
⏭️ Skipping <!-- p109 --> (already translated)
⏭️ Skipping <!-- p110 --> (already translated)
⏭️ Skipping <!-- p111 --> (already translated)
⏭️ Skipping <!-- p112 --> (already translated)
⏭️ Skipping <!-- p113 --> (already translated)
⏭️ Skipping <!-- p114 --> (already translated)
⏭️ Skipping <!-- p115 --> (already translated)
⏭️ Skipping <!-- p116 --> (already translated)
⏭️ Skipping <!-- p117 --> (already translated)
⏭️ Skipping <!-- p118 --> (already translated)
⏭️ Skipping <!-- p119 --> (already translated)
⏭️ Skipping <!-- p120 --> (already translated)
⏭️ Skipping <!-- p121 --> (already translated)
⏭️ Skipping <!-- p122 --> (already translated)
⏭️ Skipping <!-- p123 --> (already translated)
⏭️ Skipping <!-- p124 --> (already translated)
⏭️ Skipping <!-- p125 --> (already translated)
⏭️ Skipping <!-- p126 --> (already translated)
⏭️ Skipping <!-- p127 --> (already translated)
⏭️ Skipping <!-- p128 --> (already translated)
⏭️ Skipping <!-- p129 --> (already translated)
⏭️ Skipping <!-- p130 --> (already translated)
⏭️ Skipping <!-- p131 --> (already translated)
⏭️ Skipping <!-- p132 --> (already translated)
⏭️ Skipping <!-- p133 --> (already translated)
⏭️ Skipping <!-- p134 --> (already translated)
⏭️ Skipping <!-- p135 --> (already translated)
⏭️ Skipping <!-- p136 --> (already translated)
⏭️ Skipping <!-- p137 --> (already translated)
⏭️ Skipping <!-- p138 --> (already translated)
⏭️ Skipping <!-- p139 --> (already translated)
⏭️ Skipping <!-- p140 --> (already translated)
⏭️ Skipping <!-- p141 --> (already translated)
⏭️ Skipping <!-- p142 --> (already translated)
⏭️ Skipping <!-- p143 --> (already translated)
⏭️ Skipping <!-- p144 --> (already translated)
⏭️ Skipping <!-- p145 --> (already translated)
⏭️ Skipping <!-- p146 --> (already translated)
⏭️ Skipping <!-- p147 --> (already translated)
⏭️ Skipping <!-- p148 --> (already translated)
⏭️ Skipping <!-- p149 --> (already translated)
⏭️ Skipping <!-- p150 --> (already translated)
⏭️ Skipping <!-- p151 --> (already translated)
⏭️ Skipping <!-- p152 --> (already translated)
⏭️ Skipping <!-- p153 --> (already translated)
⏭️ Skipping <!-- p154 --> (already translated)
⏭️ Skipping <!-- p155 --> (already translated)
⏭️ Skipping <!-- p156 --> (already translated)
⏭️ Skipping <!-- p157 --> (already translated)
⏭️ Skipping <!-- p158 --> (already translated)
⏭️ Skipping <!-- p159 --> (already translated)
⏭️ Skipping <!-- p160 --> (already translated)
⏭️ Skipping <!-- p161 --> (already translated)
⏭️ Skipping <!-- p162 --> (already translated)
⏭️ Skipping <!-- p163 --> (already translated)
⏭️ Skipping <!-- p164 --> (already translated)
⏭️ Skipping <!-- p165 --> (already translated)
⏭️ Skipping <!-- p166 --> (already translated)
⏭️ Skipping <!-- p167 --> (already translated)
⏭️ Skipping <!-- p168 --> (already translated)
⏭️ Skipping <!-- p169 --> (already translated)
⏭️ Skipping <!-- p170 --> (already translated)
⏭️ Skipping <!-- p171 --> (already translated)
⏭️ Skipping <!-- p172 --> (already translated)
⏭️ Skipping <!-- p173 --> (already translated)
⏭️ Skipping <!-- p174 --> (already translated)
⏭️ Skipping <!-- p175 --> (already translated)
⏭️ Skipping <!-- p176 --> (already translated)
🧮 Token-aware batching: 0 batch(es), budget ~106666 tokens, max batch size 20
✅ Done: /Users/andrew/repo/urdu-principles-of-faith/pipeline2/translation/chapters/chapter6_chapter_6_faith_toward_god.md (0/177 translated)

📘 Processing chapter7_chapter_7_jesus_the_foundation_of_our_faith.md...
📑 Paragraph markers found: 78
🧮 Token-aware batching: 4 batch(es), budget ~106666 tokens, max batch size 20
🟦 Translating batch 1/4 (20 paras, ~2509 tokens input)...
🟦 Translating batch 2/4 (20 paras, ~2775 tokens input)...
🟦 Translating batch 3/4 (20 paras, ~2123 tokens input)...
🟦 Translating batch 4/4 (18 paras, ~934 tokens input)...
✅ Done: /Users/andrew/repo/urdu-principles-of-faith/pipeline2/translation/chapters/chapter7_chapter_7_jesus_the_foundation_of_our_faith.md (78/78 translated)

📘 Processing chapter8_chapter_8_holy_spirit_comforter_guide_and_power.md...
📑 Paragraph markers found: 147
🧮 Token-aware batching: 8 batch(es), budget ~106666 tokens, max batch size 20
🟦 Translating batch 1/8 (20 paras, ~1811 tokens input)...
🟦 Translating batch 2/8 (20 paras, ~1504 tokens input)...
🟦 Translating batch 3/8 (20 paras, ~1587 tokens input)...
🟦 Translating batch 4/8 (20 paras, ~1010 tokens input)...
🟦 Translating batch 5/8 (20 paras, ~872 tokens input)...
🟦 Translating batch 6/8 (20 paras, ~843 tokens input)...
🟦 Translating batch 7/8 (20 paras, ~818 tokens input)...
🟦 Translating batch 8/8 (7 paras, ~288 tokens input)...
✅ Done: /Users/andrew/repo/urdu-principles-of-faith/pipeline2/translation/chapters/chapter8_chapter_8_holy_spirit_comforter_guide_and_power.md (147/147 translated)

📘 Processing chapter9_chapter_9_the_church_our_role_in_it.md...
📑 Paragraph markers found: 195
🧮 Token-aware batching: 10 batch(es), budget ~106666 tokens, max batch size 20
🟦 Translating batch 1/10 (20 paras, ~811 tokens input)...
🟦 Translating batch 2/10 (20 paras, ~1707 tokens input)...
🟦 Translating batch 3/10 (20 paras, ~1521 tokens input)...
🟦 Translating batch 4/10 (20 paras, ~1439 tokens input)...
🟦 Translating batch 5/10 (20 paras, ~1539 tokens input)...
🟦 Translating batch 6/10 (20 paras, ~1277 tokens input)...
🟦 Translating batch 7/10 (20 paras, ~1805 tokens input)...
🟦 Translating batch 8/10 (20 paras, ~798 tokens input)...
🟦 Translating batch 9/10 (20 paras, ~1252 tokens input)...
🟦 Translating batch 10/10 (15 paras, ~746 tokens input)...
✅ Done: /Users/andrew/repo/urdu-principles-of-faith/pipeline2/translation/chapters/chapter9_chapter_9_the_church_our_role_in_it.md (195/195 translated)

🎯 All files processed.

📘 Processing chapter0_0_intro.md...
📑 Paragraph markers found: 20
🧮 Token-aware batching: 1 batch(es), budget ~106666 tokens, max batch size 20
🟦 Translating batch 1/1 (20 paras, ~838 tokens input)...
✅ Done: /Users/andrew/repo/urdu-principles-of-faith/pipeline2/backtranslation/chapters/chapter0_0_intro.md (20/20 translated)

📘 Processing chapter0_1_dedication.md...
📑 Paragraph markers found: 3
🧮 Token-aware batching: 1 batch(es), budget ~106666 tokens, max batch size 20
🟦 Translating batch 1/1 (3 paras, ~96 tokens input)...
✅ Done: /Users/andrew/repo/urdu-principles-of-faith/pipeline2/backtranslation/chapters/chapter0_1_dedication.md (3/3 translated)

📘 Processing chapter0_2_acknowledgements.md...
📑 Paragraph markers found: 4
🧮 Token-aware batching: 1 batch(es), budget ~106666 tokens, max batch size 20
🟦 Translating batch 1/1 (4 paras, ~255 tokens input)...
✅ Done: /Users/andrew/repo/urdu-principles-of-faith/pipeline2/backtranslation/chapters/chapter0_2_acknowledgements.md (4/4 translated)

📘 Processing chapter0_3_table_of_contents.md...
📑 Paragraph markers found: 26
🧮 Token-aware batching: 2 batch(es), budget ~106666 tokens, max batch size 20
🟦 Translating batch 1/2 (20 paras, ~735 tokens input)...
🟦 Translating batch 2/2 (6 paras, ~166 tokens input)...
✅ Done: /Users/andrew/repo/urdu-principles-of-faith/pipeline2/backtranslation/chapters/chapter0_3_table_of_contents.md (26/26 translated)

📘 Processing chapter0_4_list_of_tables.md...
📑 Paragraph markers found: 13
🧮 Token-aware batching: 1 batch(es), budget ~106666 tokens, max batch size 20
🟦 Translating batch 1/1 (13 paras, ~593 tokens input)...
✅ Done: /Users/andrew/repo/urdu-principles-of-faith/pipeline2/backtranslation/chapters/chapter0_4_list_of_tables.md (13/13 translated)

📘 Processing chapter0_5_foreword.md...
📑 Paragraph markers found: 6
🧮 Token-aware batching: 1 batch(es), budget ~106666 tokens, max batch size 20
🟦 Translating batch 1/1 (6 paras, ~433 tokens input)...
✅ Done: /Users/andrew/repo/urdu-principles-of-faith/pipeline2/backtranslation/chapters/chapter0_5_foreword.md (6/6 translated)

📘 Processing chapter0_6_preface.md...
📑 Paragraph markers found: 70
🧮 Token-aware batching: 4 batch(es), budget ~106666 tokens, max batch size 20
🟦 Translating batch 1/4 (20 paras, ~1741 tokens input)...
🟦 Translating batch 2/4 (20 paras, ~1287 tokens input)...
🟦 Translating batch 3/4 (20 paras, ~965 tokens input)...
🟦 Translating batch 4/4 (10 paras, ~966 tokens input)...
✅ Done: /Users/andrew/repo/urdu-principles-of-faith/pipeline2/backtranslation/chapters/chapter0_6_preface.md (70/70 translated)

📘 Processing chapter10_chapter_10_sanctified_prepared_for_god_s_purpose.md...
📑 Paragraph markers found: 112
🧮 Token-aware batching: 6 batch(es), budget ~106666 tokens, max batch size 20
🟦 Translating batch 1/6 (20 paras, ~1545 tokens input)...
🟦 Translating batch 2/6 (20 paras, ~1973 tokens input)...
🟦 Translating batch 3/6 (20 paras, ~1589 tokens input)...
🟦 Translating batch 4/6 (20 paras, ~1271 tokens input)...
🟦 Translating batch 5/6 (20 paras, ~1470 tokens input)...
🟦 Translating batch 6/6 (12 paras, ~707 tokens input)...
✅ Done: /Users/andrew/repo/urdu-principles-of-faith/pipeline2/backtranslation/chapters/chapter10_chapter_10_sanctified_prepared_for_god_s_purpose.md (112/112 translated)

📘 Processing chapter11_chapter_11_baptisms_water_and_spirit.md...
📑 Paragraph markers found: 133
🧮 Token-aware batching: 7 batch(es), budget ~106666 tokens, max batch size 20
🟦 Translating batch 1/7 (20 paras, ~3498 tokens input)...
🟦 Translating batch 2/7 (20 paras, ~3427 tokens input)...
🟦 Translating batch 3/7 (20 paras, ~1586 tokens input)...
🟦 Translating batch 4/7 (20 paras, ~1105 tokens input)...
🟦 Translating batch 5/7 (20 paras, ~1303 tokens input)...
🟦 Translating batch 6/7 (20 paras, ~2553 tokens input)...
🟦 Translating batch 7/7 (13 paras, ~757 tokens input)...
✅ Done: /Users/andrew/repo/urdu-principles-of-faith/pipeline2/backtranslation/chapters/chapter11_chapter_11_baptisms_water_and_spirit.md (133/133 translated)

📘 Processing chapter12_chapter_12_discipleship.md...
📑 Paragraph markers found: 116
🧮 Token-aware batching: 6 batch(es), budget ~106666 tokens, max batch size 20
🟦 Translating batch 1/6 (20 paras, ~1880 tokens input)...
🟦 Translating batch 2/6 (20 paras, ~1325 tokens input)...
🟦 Translating batch 3/6 (20 paras, ~1437 tokens input)...
🟦 Translating batch 4/6 (20 paras, ~2142 tokens input)...
🟦 Translating batch 5/6 (20 paras, ~2526 tokens input)...
🟦 Translating batch 6/6 (16 paras, ~1269 tokens input)...
✅ Done: /Users/andrew/repo/urdu-principles-of-faith/pipeline2/backtranslation/chapters/chapter12_chapter_12_discipleship.md (116/116 translated)

📘 Processing chapter13_chapter_13_spiritual_authority.md...
📑 Paragraph markers found: 197
🧮 Token-aware batching: 10 batch(es), budget ~106666 tokens, max batch size 20
🟦 Translating batch 1/10 (20 paras, ~778 tokens input)...
🟦 Translating batch 2/10 (20 paras, ~864 tokens input)...
🟦 Translating batch 3/10 (20 paras, ~1286 tokens input)...
🟦 Translating batch 4/10 (20 paras, ~1371 tokens input)...
🟦 Translating batch 5/10 (20 paras, ~1210 tokens input)...
🟦 Translating batch 6/10 (20 paras, ~2604 tokens input)...
🟦 Translating batch 7/10 (20 paras, ~1869 tokens input)...
🟦 Translating batch 8/10 (20 paras, ~2335 tokens input)...
🟦 Translating batch 9/10 (20 paras, ~1640 tokens input)...
🟦 Translating batch 10/10 (17 paras, ~1342 tokens input)...
✅ Done: /Users/andrew/repo/urdu-principles-of-faith/pipeline2/backtranslation/chapters/chapter13_chapter_13_spiritual_authority.md (197/197 translated)

📘 Processing chapter14_back_1_postscript.md...
📑 Paragraph markers found: 12
🧮 Token-aware batching: 1 batch(es), budget ~106666 tokens, max batch size 20
🟦 Translating batch 1/1 (12 paras, ~774 tokens input)...
✅ Done: /Users/andrew/repo/urdu-principles-of-faith/pipeline2/backtranslation/chapters/chapter14_back_1_postscript.md (12/12 translated)

📘 Processing chapter14_back_3_extended_reference_tables.md...
📑 Paragraph markers found: 5
🧮 Token-aware batching: 1 batch(es), budget ~106666 tokens, max batch size 20
🟦 Translating batch 1/1 (5 paras, ~152 tokens input)...
✅ Done: /Users/andrew/repo/urdu-principles-of-faith/pipeline2/backtranslation/chapters/chapter14_back_3_extended_reference_tables.md (5/5 translated)

📘 Processing chapter14_back_4_end_of_chapter_activities.md...
📑 Paragraph markers found: 615
🧮 Token-aware batching: 31 batch(es), budget ~106666 tokens, max batch size 20
🟦 Translating batch 1/31 (20 paras, ~782 tokens input)...
🟦 Translating batch 2/31 (20 paras, ~685 tokens input)...
🟦 Translating batch 3/31 (20 paras, ~798 tokens input)...
🟦 Translating batch 4/31 (20 paras, ~594 tokens input)...
🟦 Translating batch 5/31 (20 paras, ~717 tokens input)...
🟦 Translating batch 6/31 (20 paras, ~752 tokens input)...
🟦 Translating batch 7/31 (20 paras, ~547 tokens input)...
🟦 Translating batch 8/31 (20 paras, ~840 tokens input)...
🟦 Translating batch 9/31 (20 paras, ~828 tokens input)...
🟦 Translating batch 10/31 (20 paras, ~476 tokens input)...
🟦 Translating batch 11/31 (20 paras, ~490 tokens input)...
🟦 Translating batch 12/31 (20 paras, ~545 tokens input)...
🟦 Translating batch 13/31 (20 paras, ~707 tokens input)...
🟦 Translating batch 14/31 (20 paras, ~499 tokens input)...
🟦 Translating batch 15/31 (20 paras, ~760 tokens input)...
🟦 Translating batch 16/31 (20 paras, ~644 tokens input)...
🟦 Translating batch 17/31 (20 paras, ~505 tokens input)...
🟦 Translating batch 18/31 (20 paras, ~612 tokens input)...
🟦 Translating batch 19/31 (20 paras, ~560 tokens input)...
🟦 Translating batch 20/31 (20 paras, ~626 tokens input)...
🟦 Translating batch 21/31 (20 paras, ~679 tokens input)...
🟦 Translating batch 22/31 (20 paras, ~629 tokens input)...
🟦 Translating batch 23/31 (20 paras, ~682 tokens input)...
🟦 Translating batch 24/31 (20 paras, ~689 tokens input)...
🟦 Translating batch 25/31 (20 paras, ~588 tokens input)...
🟦 Translating batch 26/31 (20 paras, ~542 tokens input)...
🟦 Translating batch 27/31 (20 paras, ~816 tokens input)...
🟦 Translating batch 28/31 (20 paras, ~689 tokens input)...
🟦 Translating batch 29/31 (20 paras, ~814 tokens input)...
🟦 Translating batch 30/31 (20 paras, ~543 tokens input)...
🟦 Translating batch 31/31 (15 paras, ~435 tokens input)...
✅ Done: /Users/andrew/repo/urdu-principles-of-faith/pipeline2/backtranslation/chapters/chapter14_back_4_end_of_chapter_activities.md (615/615 translated)

📘 Processing chapter14_back_5_hearing_the_voice_of_god.md...
📑 Paragraph markers found: 49
🧮 Token-aware batching: 3 batch(es), budget ~106666 tokens, max batch size 20
🟦 Translating batch 1/3 (20 paras, ~1189 tokens input)...
🟦 Translating batch 2/3 (20 paras, ~3142 tokens input)...
🟦 Translating batch 3/3 (9 paras, ~381 tokens input)...
✅ Done: /Users/andrew/repo/urdu-principles-of-faith/pipeline2/backtranslation/chapters/chapter14_back_5_hearing_the_voice_of_god.md (49/49 translated)

📘 Processing chapter14_chapter_14_keep_watch.md...
📑 Paragraph markers found: 109
🧮 Token-aware batching: 6 batch(es), budget ~106666 tokens, max batch size 20
🟦 Translating batch 1/6 (20 paras, ~772 tokens input)...
🟦 Translating batch 2/6 (20 paras, ~775 tokens input)...
🟦 Translating batch 3/6 (20 paras, ~1389 tokens input)...
🟦 Translating batch 4/6 (20 paras, ~690 tokens input)...
🟦 Translating batch 5/6 (20 paras, ~933 tokens input)...
🟦 Translating batch 6/6 (9 paras, ~623 tokens input)...
✅ Done: /Users/andrew/repo/urdu-principles-of-faith/pipeline2/backtranslation/chapters/chapter14_chapter_14_keep_watch.md (109/109 translated)

📘 Processing chapter1_chapter_1_sound_doctrine_matters.md...
📑 Paragraph markers found: 116
🧮 Token-aware batching: 6 batch(es), budget ~106666 tokens, max batch size 20
🟦 Translating batch 1/6 (20 paras, ~2191 tokens input)...
🟦 Translating batch 2/6 (20 paras, ~1269 tokens input)...
🟦 Translating batch 3/6 (20 paras, ~774 tokens input)...
🟦 Translating batch 4/6 (20 paras, ~1438 tokens input)...
🟦 Translating batch 5/6 (20 paras, ~661 tokens input)...
🟦 Translating batch 6/6 (16 paras, ~554 tokens input)...
✅ Done: /Users/andrew/repo/urdu-principles-of-faith/pipeline2/backtranslation/chapters/chapter1_chapter_1_sound_doctrine_matters.md (116/116 translated)

📘 Processing chapter2_chapter_2_god_eternal_creator_and_loving_father.md...
📑 Paragraph markers found: 70
🧮 Token-aware batching: 4 batch(es), budget ~106666 tokens, max batch size 20
🟦 Translating batch 1/4 (20 paras, ~1711 tokens input)...
🟦 Translating batch 2/4 (20 paras, ~1569 tokens input)...
🟦 Translating batch 3/4 (20 paras, ~2831 tokens input)...
🟦 Translating batch 4/4 (10 paras, ~623 tokens input)...
✅ Done: /Users/andrew/repo/urdu-principles-of-faith/pipeline2/backtranslation/chapters/chapter2_chapter_2_god_eternal_creator_and_loving_father.md (70/70 translated)

📘 Processing chapter3_chapter_3_sin_and_redemption.md...
📑 Paragraph markers found: 115
🧮 Token-aware batching: 6 batch(es), budget ~106666 tokens, max batch size 20
🟦 Translating batch 1/6 (20 paras, ~1608 tokens input)...
🟦 Translating batch 2/6 (20 paras, ~644 tokens input)...
🟦 Translating batch 3/6 (20 paras, ~1163 tokens input)...
🟦 Translating batch 4/6 (20 paras, ~2189 tokens input)...
🟦 Translating batch 5/6 (20 paras, ~1510 tokens input)...
🟦 Translating batch 6/6 (15 paras, ~783 tokens input)...
✅ Done: /Users/andrew/repo/urdu-principles-of-faith/pipeline2/backtranslation/chapters/chapter3_chapter_3_sin_and_redemption.md (115/115 translated)

📘 Processing chapter4_chapter_4_jesus_the_messiah.md...
📑 Paragraph markers found: 105
🧮 Token-aware batching: 6 batch(es), budget ~106666 tokens, max batch size 20
🟦 Translating batch 1/6 (20 paras, ~1662 tokens input)...
🟦 Translating batch 2/6 (20 paras, ~1853 tokens input)...
🟦 Translating batch 3/6 (20 paras, ~982 tokens input)...
🟦 Translating batch 4/6 (20 paras, ~1657 tokens input)...
🟦 Translating batch 5/6 (20 paras, ~1209 tokens input)...
🟦 Translating batch 6/6 (5 paras, ~426 tokens input)...
✅ Done: /Users/andrew/repo/urdu-principles-of-faith/pipeline2/backtranslation/chapters/chapter4_chapter_4_jesus_the_messiah.md (105/105 translated)

📘 Processing chapter5_chapter_5_repentance_from_dead_works.md...
📑 Paragraph markers found: 152
🧮 Token-aware batching: 8 batch(es), budget ~106666 tokens, max batch size 20
🟦 Translating batch 1/8 (20 paras, ~1071 tokens input)...
🟦 Translating batch 2/8 (20 paras, ~947 tokens input)...
🟦 Translating batch 3/8 (20 paras, ~956 tokens input)...
🟦 Translating batch 4/8 (20 paras, ~1112 tokens input)...
🟦 Translating batch 5/8 (20 paras, ~1439 tokens input)...
🟦 Translating batch 6/8 (20 paras, ~1270 tokens input)...
🟦 Translating batch 7/8 (20 paras, ~2367 tokens input)...
🟦 Translating batch 8/8 (12 paras, ~807 tokens input)...
✅ Done: /Users/andrew/repo/urdu-principles-of-faith/pipeline2/backtranslation/chapters/chapter5_chapter_5_repentance_from_dead_works.md (152/152 translated)

📘 Processing chapter6_chapter_6_faith_toward_god.md...
📑 Paragraph markers found: 177
⏭️ Skipping <!-- p0 --> (already translated)
⏭️ Skipping <!-- p1 --> (already translated)
⏭️ Skipping <!-- p2 --> (already translated)
⏭️ Skipping <!-- p3 --> (already translated)
⏭️ Skipping <!-- p4 --> (already translated)
⏭️ Skipping <!-- p5 --> (already translated)
⏭️ Skipping <!-- p6 --> (already translated)
⏭️ Skipping <!-- p7 --> (already translated)
⏭️ Skipping <!-- p8 --> (already translated)
⏭️ Skipping <!-- p9 --> (already translated)
⏭️ Skipping <!-- p10 --> (already translated)
⏭️ Skipping <!-- p11 --> (already translated)
⏭️ Skipping <!-- p12 --> (already translated)
⏭️ Skipping <!-- p13 --> (already translated)
⏭️ Skipping <!-- p14 --> (already translated)
⏭️ Skipping <!-- p15 --> (already translated)
⏭️ Skipping <!-- p16 --> (already translated)
⏭️ Skipping <!-- p17 --> (already translated)
⏭️ Skipping <!-- p18 --> (already translated)
⏭️ Skipping <!-- p19 --> (already translated)
⏭️ Skipping <!-- p20 --> (already translated)
⏭️ Skipping <!-- p21 --> (already translated)
⏭️ Skipping <!-- p22 --> (already translated)
⏭️ Skipping <!-- p23 --> (already translated)
⏭️ Skipping <!-- p24 --> (already translated)
⏭️ Skipping <!-- p25 --> (already translated)
⏭️ Skipping <!-- p26 --> (already translated)
⏭️ Skipping <!-- p27 --> (already translated)
⏭️ Skipping <!-- p28 --> (already translated)
⏭️ Skipping <!-- p29 --> (already translated)
⏭️ Skipping <!-- p30 --> (already translated)
⏭️ Skipping <!-- p31 --> (already translated)
⏭️ Skipping <!-- p32 --> (already translated)
⏭️ Skipping <!-- p33 --> (already translated)
⏭️ Skipping <!-- p34 --> (already translated)
⏭️ Skipping <!-- p35 --> (already translated)
⏭️ Skipping <!-- p36 --> (already translated)
⏭️ Skipping <!-- p37 --> (already translated)
⏭️ Skipping <!-- p38 --> (already translated)
⏭️ Skipping <!-- p39 --> (already translated)
⏭️ Skipping <!-- p40 --> (already translated)
⏭️ Skipping <!-- p41 --> (already translated)
⏭️ Skipping <!-- p42 --> (already translated)
⏭️ Skipping <!-- p43 --> (already translated)
⏭️ Skipping <!-- p44 --> (already translated)
⏭️ Skipping <!-- p45 --> (already translated)
⏭️ Skipping <!-- p46 --> (already translated)
⏭️ Skipping <!-- p47 --> (already translated)
⏭️ Skipping <!-- p48 --> (already translated)
⏭️ Skipping <!-- p49 --> (already translated)
⏭️ Skipping <!-- p50 --> (already translated)
⏭️ Skipping <!-- p51 --> (already translated)
⏭️ Skipping <!-- p52 --> (already translated)
⏭️ Skipping <!-- p53 --> (already translated)
⏭️ Skipping <!-- p54 --> (already translated)
⏭️ Skipping <!-- p55 --> (already translated)
⏭️ Skipping <!-- p56 --> (already translated)
⏭️ Skipping <!-- p57 --> (already translated)
⏭️ Skipping <!-- p58 --> (already translated)
⏭️ Skipping <!-- p59 --> (already translated)
⏭️ Skipping <!-- p60 --> (already translated)
⏭️ Skipping <!-- p61 --> (already translated)
⏭️ Skipping <!-- p62 --> (already translated)
⏭️ Skipping <!-- p63 --> (already translated)
⏭️ Skipping <!-- p64 --> (already translated)
⏭️ Skipping <!-- p65 --> (already translated)
⏭️ Skipping <!-- p66 --> (already translated)
⏭️ Skipping <!-- p67 --> (already translated)
⏭️ Skipping <!-- p68 --> (already translated)
⏭️ Skipping <!-- p69 --> (already translated)
⏭️ Skipping <!-- p70 --> (already translated)
⏭️ Skipping <!-- p71 --> (already translated)
⏭️ Skipping <!-- p72 --> (already translated)
⏭️ Skipping <!-- p73 --> (already translated)
⏭️ Skipping <!-- p74 --> (already translated)
⏭️ Skipping <!-- p75 --> (already translated)
⏭️ Skipping <!-- p76 --> (already translated)
⏭️ Skipping <!-- p77 --> (already translated)
⏭️ Skipping <!-- p78 --> (already translated)
⏭️ Skipping <!-- p79 --> (already translated)
⏭️ Skipping <!-- p80 --> (already translated)
⏭️ Skipping <!-- p81 --> (already translated)
⏭️ Skipping <!-- p82 --> (already translated)
⏭️ Skipping <!-- p83 --> (already translated)
⏭️ Skipping <!-- p84 --> (already translated)
⏭️ Skipping <!-- p85 --> (already translated)
⏭️ Skipping <!-- p86 --> (already translated)
⏭️ Skipping <!-- p87 --> (already translated)
⏭️ Skipping <!-- p88 --> (already translated)
⏭️ Skipping <!-- p89 --> (already translated)
⏭️ Skipping <!-- p90 --> (already translated)
⏭️ Skipping <!-- p91 --> (already translated)
⏭️ Skipping <!-- p92 --> (already translated)
⏭️ Skipping <!-- p93 --> (already translated)
⏭️ Skipping <!-- p94 --> (already translated)
⏭️ Skipping <!-- p95 --> (already translated)
⏭️ Skipping <!-- p96 --> (already translated)
⏭️ Skipping <!-- p97 --> (already translated)
⏭️ Skipping <!-- p98 --> (already translated)
⏭️ Skipping <!-- p99 --> (already translated)
⏭️ Skipping <!-- p100 --> (already translated)
⏭️ Skipping <!-- p101 --> (already translated)
⏭️ Skipping <!-- p102 --> (already translated)
⏭️ Skipping <!-- p103 --> (already translated)
⏭️ Skipping <!-- p104 --> (already translated)
⏭️ Skipping <!-- p105 --> (already translated)
⏭️ Skipping <!-- p106 --> (already translated)
⏭️ Skipping <!-- p107 --> (already translated)
⏭️ Skipping <!-- p108 --> (already translated)
⏭️ Skipping <!-- p109 --> (already translated)
⏭️ Skipping <!-- p110 --> (already translated)
⏭️ Skipping <!-- p111 --> (already translated)
⏭️ Skipping <!-- p112 --> (already translated)
⏭️ Skipping <!-- p113 --> (already translated)
⏭️ Skipping <!-- p114 --> (already translated)
⏭️ Skipping <!-- p115 --> (already translated)
⏭️ Skipping <!-- p116 --> (already translated)
⏭️ Skipping <!-- p117 --> (already translated)
⏭️ Skipping <!-- p118 --> (already translated)
⏭️ Skipping <!-- p119 --> (already translated)
⏭️ Skipping <!-- p120 --> (already translated)
⏭️ Skipping <!-- p121 --> (already translated)
⏭️ Skipping <!-- p122 --> (already translated)
⏭️ Skipping <!-- p123 --> (already translated)
⏭️ Skipping <!-- p124 --> (already translated)
⏭️ Skipping <!-- p125 --> (already translated)
⏭️ Skipping <!-- p126 --> (already translated)
⏭️ Skipping <!-- p127 --> (already translated)
⏭️ Skipping <!-- p128 --> (already translated)
⏭️ Skipping <!-- p129 --> (already translated)
⏭️ Skipping <!-- p130 --> (already translated)
⏭️ Skipping <!-- p131 --> (already translated)
⏭️ Skipping <!-- p132 --> (already translated)
⏭️ Skipping <!-- p133 --> (already translated)
⏭️ Skipping <!-- p134 --> (already translated)
⏭️ Skipping <!-- p135 --> (already translated)
⏭️ Skipping <!-- p136 --> (already translated)
⏭️ Skipping <!-- p137 --> (already translated)
⏭️ Skipping <!-- p138 --> (already translated)
⏭️ Skipping <!-- p139 --> (already translated)
⏭️ Skipping <!-- p140 --> (already translated)
⏭️ Skipping <!-- p141 --> (already translated)
⏭️ Skipping <!-- p142 --> (already translated)
⏭️ Skipping <!-- p143 --> (already translated)
⏭️ Skipping <!-- p144 --> (already translated)
⏭️ Skipping <!-- p145 --> (already translated)
⏭️ Skipping <!-- p146 --> (already translated)
⏭️ Skipping <!-- p147 --> (already translated)
⏭️ Skipping <!-- p148 --> (already translated)
⏭️ Skipping <!-- p149 --> (already translated)
⏭️ Skipping <!-- p150 --> (already translated)
⏭️ Skipping <!-- p151 --> (already translated)
⏭️ Skipping <!-- p152 --> (already translated)
⏭️ Skipping <!-- p153 --> (already translated)
⏭️ Skipping <!-- p154 --> (already translated)
⏭️ Skipping <!-- p155 --> (already translated)
⏭️ Skipping <!-- p156 --> (already translated)
⏭️ Skipping <!-- p157 --> (already translated)
⏭️ Skipping <!-- p158 --> (already translated)
⏭️ Skipping <!-- p159 --> (already translated)
⏭️ Skipping <!-- p160 --> (already translated)
⏭️ Skipping <!-- p161 --> (already translated)
⏭️ Skipping <!-- p162 --> (already translated)
⏭️ Skipping <!-- p163 --> (already translated)
⏭️ Skipping <!-- p164 --> (already translated)
⏭️ Skipping <!-- p165 --> (already translated)
⏭️ Skipping <!-- p166 --> (already translated)
⏭️ Skipping <!-- p167 --> (already translated)
⏭️ Skipping <!-- p168 --> (already translated)
⏭️ Skipping <!-- p169 --> (already translated)
⏭️ Skipping <!-- p170 --> (already translated)
⏭️ Skipping <!-- p171 --> (already translated)
⏭️ Skipping <!-- p172 --> (already translated)
⏭️ Skipping <!-- p173 --> (already translated)
⏭️ Skipping <!-- p174 --> (already translated)
⏭️ Skipping <!-- p175 --> (already translated)
⏭️ Skipping <!-- p176 --> (already translated)
🧮 Token-aware batching: 0 batch(es), budget ~106666 tokens, max batch size 20
✅ Done: /Users/andrew/repo/urdu-principles-of-faith/pipeline2/backtranslation/chapters/chapter6_chapter_6_faith_toward_god.md (0/177 translated)

📘 Processing chapter7_chapter_7_jesus_the_foundation_of_our_faith.md...
📑 Paragraph markers found: 78
🧮 Token-aware batching: 4 batch(es), budget ~106666 tokens, max batch size 20
🟦 Translating batch 1/4 (20 paras, ~3207 tokens input)...
🟦 Translating batch 2/4 (20 paras, ~3573 tokens input)...
🟦 Translating batch 3/4 (20 paras, ~2735 tokens input)...
🟦 Translating batch 4/4 (18 paras, ~1340 tokens input)...
✅ Done: /Users/andrew/repo/urdu-principles-of-faith/pipeline2/backtranslation/chapters/chapter7_chapter_7_jesus_the_foundation_of_our_faith.md (78/78 translated)

📘 Processing chapter8_chapter_8_holy_spirit_comforter_guide_and_power.md...
📑 Paragraph markers found: 147
🧮 Token-aware batching: 8 batch(es), budget ~106666 tokens, max batch size 20
🟦 Translating batch 1/8 (20 paras, ~2244 tokens input)...
🟦 Translating batch 2/8 (20 paras, ~1857 tokens input)...
🟦 Translating batch 3/8 (20 paras, ~2147 tokens input)...
🟦 Translating batch 4/8 (20 paras, ~1338 tokens input)...
🟦 Translating batch 5/8 (20 paras, ~1158 tokens input)...
🟦 Translating batch 6/8 (20 paras, ~1146 tokens input)...
🟦 Translating batch 7/8 (20 paras, ~1113 tokens input)...
🟦 Translating batch 8/8 (7 paras, ~406 tokens input)...
✅ Done: /Users/andrew/repo/urdu-principles-of-faith/pipeline2/backtranslation/chapters/chapter8_chapter_8_holy_spirit_comforter_guide_and_power.md (147/147 translated)

📘 Processing chapter9_chapter_9_the_church_our_role_in_it.md...
📑 Paragraph markers found: 195
🧮 Token-aware batching: 10 batch(es), budget ~106666 tokens, max batch size 20
🟦 Translating batch 1/10 (20 paras, ~1046 tokens input)...
🟦 Translating batch 2/10 (20 paras, ~2172 tokens input)...
🟦 Translating batch 3/10 (20 paras, ~1940 tokens input)...
🟦 Translating batch 4/10 (20 paras, ~1724 tokens input)...
🟦 Translating batch 5/10 (20 paras, ~1934 tokens input)...
🟦 Translating batch 6/10 (20 paras, ~1715 tokens input)...
🟦 Translating batch 7/10 (20 paras, ~2455 tokens input)...
🟦 Translating batch 8/10 (20 paras, ~1088 tokens input)...
🟦 Translating batch 9/10 (20 paras, ~1726 tokens input)...
🟦 Translating batch 10/10 (15 paras, ~1085 tokens input)...
✅ Done: /Users/andrew/repo/urdu-principles-of-faith/pipeline2/backtranslation/chapters/chapter9_chapter_9_the_church_our_role_in_it.md (195/195 translated)

🎯 All files processed.
🔍 Found 25 matching file pairs:
  - chapter0_0_intro.md
  - chapter0_1_dedication.md
  - chapter0_2_acknowledgements.md
  - chapter0_3_table_of_contents.md
  - chapter0_4_list_of_tables.md
  - chapter0_5_foreword.md
  - chapter0_6_preface.md
  - chapter10_chapter_10_sanctified_prepared_for_god_s_purpose.md
  - chapter11_chapter_11_baptisms_water_and_spirit.md
  - chapter12_chapter_12_discipleship.md
  - chapter13_chapter_13_spiritual_authority.md
  - chapter14_back_1_postscript.md
  - chapter14_back_3_extended_reference_tables.md
  - chapter14_back_4_end_of_chapter_activities.md
  - chapter14_back_5_hearing_the_voice_of_god.md
  - chapter14_chapter_14_keep_watch.md
  - chapter1_chapter_1_sound_doctrine_matters.md
  - chapter2_chapter_2_god_eternal_creator_and_loving_father.md
  - chapter3_chapter_3_sin_and_redemption.md
  - chapter4_chapter_4_jesus_the_messiah.md
  - chapter5_chapter_5_repentance_from_dead_works.md
  - chapter6_chapter_6_faith_toward_god.md
  - chapter7_chapter_7_jesus_the_foundation_of_our_faith.md
  - chapter8_chapter_8_holy_spirit_comforter_guide_and_power.md
  - chapter9_chapter_9_the_church_our_role_in_it.md

=== Processing: chapter0_0_intro.md ===
Detected languages → Source: en, Back: en

Embedding batches:   0%|          | 0/1 [00:00<?, ?it/s]
Embedding batches: 100%|██████████| 1/1 [00:02<00:00,  2.46s/it]
Embedding batches: 100%|██████████| 1/1 [00:02<00:00,  2.46s/it]
✅ Saved: /Users/andrew/repo/urdu-principles-of-faith/pipeline2/analysis/chapters/drift_report_chapter0_0_intro_vs_chapter0_0_intro.csv
translation_quality
HIGH      19
MEDIUM     1
Name: count, dtype: int64

=== Processing: chapter0_1_dedication.md ===
Detected languages → Source: en, Back: en

Embedding batches:   0%|          | 0/1 [00:00<?, ?it/s]
Embedding batches: 100%|██████████| 1/1 [00:01<00:00,  1.24s/it]
Embedding batches: 100%|██████████| 1/1 [00:01<00:00,  1.24s/it]
✅ Saved: /Users/andrew/repo/urdu-principles-of-faith/pipeline2/analysis/chapters/drift_report_chapter0_1_dedication_vs_chapter0_1_dedication.csv
translation_quality
HIGH    2
Name: count, dtype: int64

=== Processing: chapter0_2_acknowledgements.md ===
Detected languages → Source: en, Back: en

Embedding batches:   0%|          | 0/1 [00:00<?, ?it/s]
Embedding batches: 100%|██████████| 1/1 [00:00<00:00,  1.02it/s]
Embedding batches: 100%|██████████| 1/1 [00:00<00:00,  1.02it/s]
✅ Saved: /Users/andrew/repo/urdu-principles-of-faith/pipeline2/analysis/chapters/drift_report_chapter0_2_acknowledgements_vs_chapter0_2_acknowledgements.csv
translation_quality
HIGH      2
MEDIUM    1
Name: count, dtype: int64

=== Processing: chapter0_3_table_of_contents.md ===
Detected languages → Source: en, Back: en

Embedding batches:   0%|          | 0/1 [00:00<?, ?it/s]
Embedding batches: 100%|██████████| 1/1 [00:01<00:00,  1.40s/it]
Embedding batches: 100%|██████████| 1/1 [00:01<00:00,  1.40s/it]
✅ Saved: /Users/andrew/repo/urdu-principles-of-faith/pipeline2/analysis/chapters/drift_report_chapter0_3_table_of_contents_vs_chapter0_3_table_of_contents.csv
translation_quality
HIGH    25
Name: count, dtype: int64

=== Processing: chapter0_4_list_of_tables.md ===
Detected languages → Source: en, Back: en

Embedding batches:   0%|          | 0/1 [00:00<?, ?it/s]
Embedding batches: 100%|██████████| 1/1 [00:01<00:00,  1.30s/it]
Embedding batches: 100%|██████████| 1/1 [00:01<00:00,  1.30s/it]
✅ Saved: /Users/andrew/repo/urdu-principles-of-faith/pipeline2/analysis/chapters/drift_report_chapter0_4_list_of_tables_vs_chapter0_4_list_of_tables.csv
translation_quality
HIGH    12
Name: count, dtype: int64

=== Processing: chapter0_5_foreword.md ===
Detected languages → Source: en, Back: en

Embedding batches:   0%|          | 0/1 [00:00<?, ?it/s]
Embedding batches: 100%|██████████| 1/1 [00:01<00:00,  1.45s/it]
Embedding batches: 100%|██████████| 1/1 [00:01<00:00,  1.45s/it]
✅ Saved: /Users/andrew/repo/urdu-principles-of-faith/pipeline2/analysis/chapters/drift_report_chapter0_5_foreword_vs_chapter0_5_foreword.csv
translation_quality
HIGH    5
Name: count, dtype: int64

=== Processing: chapter0_6_preface.md ===
Detected languages → Source: en, Back: en

Embedding batches:   0%|          | 0/1 [00:00<?, ?it/s]
Embedding batches: 100%|██████████| 1/1 [00:01<00:00,  1.63s/it]
Embedding batches: 100%|██████████| 1/1 [00:01<00:00,  1.63s/it]
✅ Saved: /Users/andrew/repo/urdu-principles-of-faith/pipeline2/analysis/chapters/drift_report_chapter0_6_preface_vs_chapter0_6_preface.csv
translation_quality
HIGH      62
MEDIUM     6
Name: count, dtype: int64

=== Processing: chapter10_chapter_10_sanctified_prepared_for_god_s_purpose.md ===
Detected languages → Source: en, Back: en

Embedding batches:   0%|          | 0/2 [00:00<?, ?it/s]
Embedding batches:  50%|█████     | 1/2 [00:00<00:00,  1.60it/s]
Embedding batches: 100%|██████████| 2/2 [00:02<00:00,  1.08s/it]
Embedding batches: 100%|██████████| 2/2 [00:02<00:00,  1.01s/it]
✅ Saved: /Users/andrew/repo/urdu-principles-of-faith/pipeline2/analysis/chapters/drift_report_chapter10_chapter_10_sanctified_prepared_for_god_s_purpose_vs_chapter10_chapter_10_sanctified_prepared_for_god_s_purpose.csv
translation_quality
HIGH      104
MEDIUM      6
LOW         1
Name: count, dtype: int64

=== Processing: chapter11_chapter_11_baptisms_water_and_spirit.md ===
Detected languages → Source: en, Back: en

Embedding batches:   0%|          | 0/4 [00:00<?, ?it/s]
Embedding batches:  25%|██▌       | 1/4 [00:00<00:01,  1.54it/s]
Embedding batches:  50%|█████     | 2/4 [00:01<00:01,  1.55it/s]
Embedding batches:  75%|███████▌  | 3/4 [00:01<00:00,  1.66it/s]
Embedding batches: 100%|██████████| 4/4 [00:02<00:00,  1.29it/s]
Embedding batches: 100%|██████████| 4/4 [00:02<00:00,  1.39it/s]
✅ Saved: /Users/andrew/repo/urdu-principles-of-faith/pipeline2/analysis/chapters/drift_report_chapter11_chapter_11_baptisms_water_and_spirit_vs_chapter11_chapter_11_baptisms_water_and_spirit.csv
translation_quality
HIGH      120
MEDIUM     10
LOW         2
Name: count, dtype: int64

=== Processing: chapter12_chapter_12_discipleship.md ===
Detected languages → Source: en, Back: en

Embedding batches:   0%|          | 0/2 [00:00<?, ?it/s]
Embedding batches:  50%|█████     | 1/2 [00:01<00:01,  1.62s/it]
Embedding batches: 100%|██████████| 2/2 [00:03<00:00,  1.53s/it]
Embedding batches: 100%|██████████| 2/2 [00:03<00:00,  1.54s/it]
✅ Saved: /Users/andrew/repo/urdu-principles-of-faith/pipeline2/analysis/chapters/drift_report_chapter12_chapter_12_discipleship_vs_chapter12_chapter_12_discipleship.csv
translation_quality
HIGH        84
MEDIUM      19
CRITICAL     6
LOW          6
Name: count, dtype: int64

=== Processing: chapter13_chapter_13_spiritual_authority.md ===
Detected languages → Source: en, Back: en

Embedding batches:   0%|          | 0/4 [00:00<?, ?it/s]
Embedding batches:  25%|██▌       | 1/4 [00:00<00:01,  1.61it/s]
Embedding batches:  50%|█████     | 2/4 [00:01<00:01,  1.21it/s]
Embedding batches:  75%|███████▌  | 3/4 [00:03<00:01,  1.13s/it]
Embedding batches: 100%|██████████| 4/4 [00:03<00:00,  1.13it/s]
Embedding batches: 100%|██████████| 4/4 [00:03<00:00,  1.12it/s]
✅ Saved: /Users/andrew/repo/urdu-principles-of-faith/pipeline2/analysis/chapters/drift_report_chapter13_chapter_13_spiritual_authority_vs_chapter13_chapter_13_spiritual_authority.csv
translation_quality
HIGH      179
MEDIUM     13
LOW         4
Name: count, dtype: int64

=== Processing: chapter14_back_1_postscript.md ===
Detected languages → Source: en, Back: en

Embedding batches:   0%|          | 0/1 [00:00<?, ?it/s]
Embedding batches: 100%|██████████| 1/1 [00:00<00:00,  2.95it/s]
Embedding batches: 100%|██████████| 1/1 [00:00<00:00,  2.94it/s]
✅ Saved: /Users/andrew/repo/urdu-principles-of-faith/pipeline2/analysis/chapters/drift_report_chapter14_back_1_postscript_vs_chapter14_back_1_postscript.csv
translation_quality
HIGH    11
Name: count, dtype: int64

=== Processing: chapter14_back_3_extended_reference_tables.md ===
Detected languages → Source: en, Back: en

Embedding batches:   0%|          | 0/1 [00:00<?, ?it/s]
Embedding batches: 100%|██████████| 1/1 [00:00<00:00,  2.07it/s]
Embedding batches: 100%|██████████| 1/1 [00:00<00:00,  2.06it/s]
✅ Saved: /Users/andrew/repo/urdu-principles-of-faith/pipeline2/analysis/chapters/drift_report_chapter14_back_3_extended_reference_tables_vs_chapter14_back_3_extended_reference_tables.csv
translation_quality
HIGH    4
Name: count, dtype: int64

=== Processing: chapter14_back_4_end_of_chapter_activities.md ===
Detected languages → Source: en, Back: en

Embedding batches:   0%|          | 0/4 [00:00<?, ?it/s]
Embedding batches:  25%|██▌       | 1/4 [00:01<00:03,  1.22s/it]
Embedding batches:  50%|█████     | 2/4 [00:02<00:02,  1.01s/it]
Embedding batches:  75%|███████▌  | 3/4 [00:03<00:01,  1.23s/it]
Embedding batches: 100%|██████████| 4/4 [00:04<00:00,  1.19s/it]
Embedding batches: 100%|██████████| 4/4 [00:04<00:00,  1.18s/it]
✅ Saved: /Users/andrew/repo/urdu-principles-of-faith/pipeline2/analysis/chapters/drift_report_chapter14_back_4_end_of_chapter_activities_vs_chapter14_back_4_end_of_chapter_activities.csv
translation_quality
HIGH        457
MEDIUM       92
CRITICAL     40
LOW          25
Name: count, dtype: int64

=== Processing: chapter14_back_5_hearing_the_voice_of_god.md ===
Detected languages → Source: en, Back: en

Embedding batches:   0%|          | 0/1 [00:00<?, ?it/s]
Embedding batches: 100%|██████████| 1/1 [00:00<00:00,  1.85it/s]
Embedding batches: 100%|██████████| 1/1 [00:00<00:00,  1.84it/s]
✅ Saved: /Users/andrew/repo/urdu-principles-of-faith/pipeline2/analysis/chapters/drift_report_chapter14_back_5_hearing_the_voice_of_god_vs_chapter14_back_5_hearing_the_voice_of_god.csv
translation_quality
HIGH      41
MEDIUM     7
Name: count, dtype: int64

=== Processing: chapter14_chapter_14_keep_watch.md ===
Detected languages → Source: en, Back: en

Embedding batches:   0%|          | 0/2 [00:00<?, ?it/s]
Embedding batches:  50%|█████     | 1/2 [00:00<00:00,  1.49it/s]
Embedding batches: 100%|██████████| 2/2 [00:01<00:00,  1.78it/s]
Embedding batches: 100%|██████████| 2/2 [00:01<00:00,  1.73it/s]
✅ Saved: /Users/andrew/repo/urdu-principles-of-faith/pipeline2/analysis/chapters/drift_report_chapter14_chapter_14_keep_watch_vs_chapter14_chapter_14_keep_watch.csv
translation_quality
HIGH      99
MEDIUM     8
LOW        1
Name: count, dtype: int64

=== Processing: chapter1_chapter_1_sound_doctrine_matters.md ===
Detected languages → Source: en, Back: en

Embedding batches:   0%|          | 0/2 [00:00<?, ?it/s]
Embedding batches:  50%|█████     | 1/2 [00:00<00:00,  1.38it/s]
Embedding batches: 100%|██████████| 2/2 [00:01<00:00,  1.99it/s]
Embedding batches: 100%|██████████| 2/2 [00:01<00:00,  1.87it/s]
✅ Saved: /Users/andrew/repo/urdu-principles-of-faith/pipeline2/analysis/chapters/drift_report_chapter1_chapter_1_sound_doctrine_matters_vs_chapter1_chapter_1_sound_doctrine_matters.csv
translation_quality
HIGH        75
MEDIUM      14
LOW          6
CRITICAL     2
Name: count, dtype: int64

=== Processing: chapter2_chapter_2_god_eternal_creator_and_loving_father.md ===
Detected languages → Source: en, Back: en

Embedding batches:   0%|          | 0/2 [00:00<?, ?it/s]
Embedding batches:  50%|█████     | 1/2 [00:00<00:00,  2.18it/s]
Embedding batches: 100%|██████████| 2/2 [00:00<00:00,  2.38it/s]
Embedding batches: 100%|██████████| 2/2 [00:00<00:00,  2.34it/s]
✅ Saved: /Users/andrew/repo/urdu-principles-of-faith/pipeline2/analysis/chapters/drift_report_chapter2_chapter_2_god_eternal_creator_and_loving_father_vs_chapter2_chapter_2_god_eternal_creator_and_loving_father.csv
translation_quality
HIGH      62
MEDIUM     5
LOW        2
Name: count, dtype: int64

=== Processing: chapter3_chapter_3_sin_and_redemption.md ===
Detected languages → Source: en, Back: en

Embedding batches:   0%|          | 0/2 [00:00<?, ?it/s]
Embedding batches:  50%|█████     | 1/2 [00:00<00:00,  1.84it/s]
Embedding batches: 100%|██████████| 2/2 [00:01<00:00,  1.94it/s]
Embedding batches: 100%|██████████| 2/2 [00:01<00:00,  1.93it/s]
✅ Saved: /Users/andrew/repo/urdu-principles-of-faith/pipeline2/analysis/chapters/drift_report_chapter3_chapter_3_sin_and_redemption_vs_chapter3_chapter_3_sin_and_redemption.csv
translation_quality
HIGH        103
MEDIUM        6
LOW           4
CRITICAL      1
Name: count, dtype: int64

=== Processing: chapter4_chapter_4_jesus_the_messiah.md ===
Detected languages → Source: en, Back: en

Embedding batches:   0%|          | 0/2 [00:00<?, ?it/s]
Embedding batches:  50%|█████     | 1/2 [00:00<00:00,  1.85it/s]
Embedding batches: 100%|██████████| 2/2 [00:01<00:00,  1.88it/s]
Embedding batches: 100%|██████████| 2/2 [00:01<00:00,  1.88it/s]
✅ Saved: /Users/andrew/repo/urdu-principles-of-faith/pipeline2/analysis/chapters/drift_report_chapter4_chapter_4_jesus_the_messiah_vs_chapter4_chapter_4_jesus_the_messiah.csv
translation_quality
HIGH        90
MEDIUM       8
LOW          4
CRITICAL     2
Name: count, dtype: int64

=== Processing: chapter5_chapter_5_repentance_from_dead_works.md ===
Detected languages → Source: en, Back: en

Embedding batches:   0%|          | 0/2 [00:00<?, ?it/s]
Embedding batches:  50%|█████     | 1/2 [00:00<00:00,  1.27it/s]
Embedding batches: 100%|██████████| 2/2 [00:01<00:00,  1.51it/s]
Embedding batches: 100%|██████████| 2/2 [00:01<00:00,  1.47it/s]
✅ Saved: /Users/andrew/repo/urdu-principles-of-faith/pipeline2/analysis/chapters/drift_report_chapter5_chapter_5_repentance_from_dead_works_vs_chapter5_chapter_5_repentance_from_dead_works.csv
translation_quality
HIGH      119
MEDIUM     13
LOW         1
Name: count, dtype: int64

=== Processing: chapter6_chapter_6_faith_toward_god.md ===
⏭️  Skipping drift_report_chapter6_chapter_6_faith_toward_god_vs_chapter6_chapter_6_faith_toward_god.csv (already exists). Use --overwrite to regenerate.

=== Processing: chapter7_chapter_7_jesus_the_foundation_of_our_faith.md ===
Detected languages → Source: en, Back: en

Embedding batches:   0%|          | 0/3 [00:00<?, ?it/s]
Embedding batches:  33%|███▎      | 1/3 [00:00<00:01,  1.86it/s]
Embedding batches:  67%|██████▋   | 2/3 [00:01<00:00,  2.01it/s]
Embedding batches: 100%|██████████| 3/3 [00:01<00:00,  2.01it/s]
Embedding batches: 100%|██████████| 3/3 [00:01<00:00,  2.00it/s]
✅ Saved: /Users/andrew/repo/urdu-principles-of-faith/pipeline2/analysis/chapters/drift_report_chapter7_chapter_7_jesus_the_foundation_of_our_faith_vs_chapter7_chapter_7_jesus_the_foundation_of_our_faith.csv
translation_quality
HIGH      61
MEDIUM    14
LOW        2
Name: count, dtype: int64

=== Processing: chapter8_chapter_8_holy_spirit_comforter_guide_and_power.md ===
Detected languages → Source: en, Back: en

Embedding batches:   0%|          | 0/3 [00:00<?, ?it/s]
Embedding batches:  33%|███▎      | 1/3 [00:00<00:01,  1.20it/s]
Embedding batches:  67%|██████▋   | 2/3 [00:01<00:00,  1.18it/s]
Embedding batches: 100%|██████████| 3/3 [00:02<00:00,  1.43it/s]
Embedding batches: 100%|██████████| 3/3 [00:02<00:00,  1.36it/s]
✅ Saved: /Users/andrew/repo/urdu-principles-of-faith/pipeline2/analysis/chapters/drift_report_chapter8_chapter_8_holy_spirit_comforter_guide_and_power_vs_chapter8_chapter_8_holy_spirit_comforter_guide_and_power.csv
translation_quality
HIGH      123
MEDIUM     21
LOW         2
Name: count, dtype: int64

=== Processing: chapter9_chapter_9_the_church_our_role_in_it.md ===
Detected languages → Source: en, Back: en

Embedding batches:   0%|          | 0/4 [00:00<?, ?it/s]
Embedding batches:  25%|██▌       | 1/4 [00:01<00:03,  1.01s/it]
Embedding batches:  50%|█████     | 2/4 [00:01<00:01,  1.32it/s]
Embedding batches:  75%|███████▌  | 3/4 [00:02<00:00,  1.59it/s]
Embedding batches: 100%|██████████| 4/4 [00:02<00:00,  1.78it/s]
Embedding batches: 100%|██████████| 4/4 [00:02<00:00,  1.58it/s]
✅ Saved: /Users/andrew/repo/urdu-principles-of-faith/pipeline2/analysis/chapters/drift_report_chapter9_chapter_9_the_church_our_role_in_it_vs_chapter9_chapter_9_the_church_our_role_in_it.csv
translation_quality
HIGH        156
MEDIUM       30
LOW           7
CRITICAL      1
Name: count, dtype: int64
🗂 Found 25 drift reports in /Users/andrew/repo/urdu-principles-of-faith/pipeline2/analysis/chapters. Processing...

Analyzing 6 flagged paragraphs in drift_report_chapter0_6_preface_vs_chapter0_6_preface.csv...

Explaining differences: 0it [00:00, ?it/s]
Explaining differences: 1it [00:01,  1.60s/it]
Explaining differences: 2it [00:03,  1.63s/it]
Explaining differences: 3it [00:04,  1.44s/it]
Explaining differences: 4it [00:06,  1.77s/it]
Explaining differences: 5it [00:08,  1.75s/it]
Explaining differences: 6it [00:11,  2.05s/it]
Explaining differences: 6it [00:11,  1.85s/it]
✅ Saved explained drift report: /Users/andrew/repo/urdu-principles-of-faith/pipeline2/analysis/chapters/explained/drift_report_chapter0_6_preface_vs_chapter0_6_preface_explained.csv
📊 Summary: 6 analyzed | 0 changed | 0 failed to parse

Analyzing 14 flagged paragraphs in drift_report_chapter5_chapter_5_repentance_from_dead_works_vs_chapter5_chapter_5_repentance_from_dead_works.csv...

Explaining differences: 0it [00:00, ?it/s]
Explaining differences: 1it [00:01,  1.09s/it]
Explaining differences: 2it [00:02,  1.42s/it]
Explaining differences: 3it [00:05,  1.87s/it]
Explaining differences: 4it [00:06,  1.66s/it]
Explaining differences: 5it [00:07,  1.58s/it]
Explaining differences: 6it [00:09,  1.60s/it]
Explaining differences: 7it [00:10,  1.42s/it]
Explaining differences: 8it [00:11,  1.29s/it]
Explaining differences: 9it [00:13,  1.36s/it]
Explaining differences: 10it [00:15,  1.53s/it]
Explaining differences: 11it [00:17,  1.70s/it]
Explaining differences: 12it [00:19,  1.85s/it]
Explaining differences: 13it [00:20,  1.77s/it]
Explaining differences: 14it [00:22,  1.73s/it]
Explaining differences: 14it [00:22,  1.61s/it]
✅ Saved explained drift report: /Users/andrew/repo/urdu-principles-of-faith/pipeline2/analysis/chapters/explained/drift_report_chapter5_chapter_5_repentance_from_dead_works_vs_chapter5_chapter_5_repentance_from_dead_works_explained.csv
📊 Summary: 14 analyzed | 3 changed | 0 failed to parse

ℹ️  No non-HIGH paragraphs in drift_report_chapter14_back_1_postscript_vs_chapter14_back_1_postscript.csv — skipping.
Analyzing 11 flagged paragraphs in drift_report_chapter3_chapter_3_sin_and_redemption_vs_chapter3_chapter_3_sin_and_redemption.csv...

Explaining differences: 0it [00:00, ?it/s]
Explaining differences: 1it [00:02,  2.22s/it]
Explaining differences: 2it [00:03,  1.87s/it]
Explaining differences: 3it [00:04,  1.51s/it]
Explaining differences: 4it [00:06,  1.69s/it]
Explaining differences: 5it [00:08,  1.62s/it]
Explaining differences: 6it [00:10,  1.76s/it]
Explaining differences: 7it [00:12,  1.96s/it]
Explaining differences: 8it [00:14,  1.82s/it]
Explaining differences: 9it [00:15,  1.59s/it]
Explaining differences: 10it [00:17,  1.67s/it]
Explaining differences: 11it [00:18,  1.62s/it]
Explaining differences: 11it [00:18,  1.70s/it]
✅ Saved explained drift report: /Users/andrew/repo/urdu-principles-of-faith/pipeline2/analysis/chapters/explained/drift_report_chapter3_chapter_3_sin_and_redemption_vs_chapter3_chapter_3_sin_and_redemption_explained.csv
📊 Summary: 11 analyzed | 5 changed | 0 failed to parse

Analyzing 14 flagged paragraphs in drift_report_chapter4_chapter_4_jesus_the_messiah_vs_chapter4_chapter_4_jesus_the_messiah.csv...

Explaining differences: 0it [00:00, ?it/s]
Explaining differences: 1it [00:02,  2.06s/it]
Explaining differences: 2it [00:04,  2.43s/it]
Explaining differences: 3it [00:06,  2.09s/it]
Explaining differences: 4it [00:08,  1.94s/it]
Explaining differences: 5it [00:09,  1.83s/it]
Explaining differences: 6it [00:11,  1.74s/it]
Explaining differences: 7it [00:13,  1.93s/it]
Explaining differences: 8it [00:15,  1.80s/it]
Explaining differences: 9it [00:16,  1.70s/it]
Explaining differences: 10it [00:18,  1.68s/it]
Explaining differences: 11it [00:19,  1.51s/it]
Explaining differences: 12it [00:21,  1.55s/it]
Explaining differences: 13it [00:22,  1.61s/it]
Explaining differences: 14it [00:24,  1.76s/it]
Explaining differences: 14it [00:24,  1.78s/it]
✅ Saved explained drift report: /Users/andrew/repo/urdu-principles-of-faith/pipeline2/analysis/chapters/explained/drift_report_chapter4_chapter_4_jesus_the_messiah_vs_chapter4_chapter_4_jesus_the_messiah_explained.csv
📊 Summary: 14 analyzed | 5 changed | 0 failed to parse

Analyzing 7 flagged paragraphs in drift_report_chapter2_chapter_2_god_eternal_creator_and_loving_father_vs_chapter2_chapter_2_god_eternal_creator_and_loving_father.csv...

Explaining differences: 0it [00:00, ?it/s]
Explaining differences: 1it [00:01,  1.75s/it]
Explaining differences: 2it [00:03,  1.49s/it]
Explaining differences: 3it [00:04,  1.65s/it]
Explaining differences: 4it [00:06,  1.58s/it]
Explaining differences: 5it [00:08,  1.61s/it]
Explaining differences: 6it [00:10,  1.75s/it]
Explaining differences: 7it [00:12,  1.83s/it]
Explaining differences: 7it [00:12,  1.72s/it]
✅ Saved explained drift report: /Users/andrew/repo/urdu-principles-of-faith/pipeline2/analysis/chapters/explained/drift_report_chapter2_chapter_2_god_eternal_creator_and_loving_father_vs_chapter2_chapter_2_god_eternal_creator_and_loving_father_explained.csv
📊 Summary: 7 analyzed | 1 changed | 0 failed to parse

Analyzing 12 flagged paragraphs in drift_report_chapter11_chapter_11_baptisms_water_and_spirit_vs_chapter11_chapter_11_baptisms_water_and_spirit.csv...

Explaining differences: 0it [00:00, ?it/s]
Explaining differences: 1it [00:02,  2.01s/it]
Explaining differences: 2it [00:03,  1.43s/it]
Explaining differences: 3it [00:04,  1.52s/it]
Explaining differences: 4it [00:05,  1.43s/it]
Explaining differences: 5it [00:07,  1.64s/it]
Explaining differences: 6it [00:09,  1.63s/it]
Explaining differences: 7it [00:11,  1.82s/it]
Explaining differences: 8it [00:13,  1.73s/it]
Explaining differences: 9it [00:14,  1.64s/it]
Explaining differences: 10it [00:16,  1.55s/it]
Explaining differences: 11it [00:17,  1.50s/it]
Explaining differences: 12it [00:19,  1.51s/it]
Explaining differences: 12it [00:19,  1.59s/it]
✅ Saved explained drift report: /Users/andrew/repo/urdu-principles-of-faith/pipeline2/analysis/chapters/explained/drift_report_chapter11_chapter_11_baptisms_water_and_spirit_vs_chapter11_chapter_11_baptisms_water_and_spirit_explained.csv
📊 Summary: 12 analyzed | 0 changed | 0 failed to parse

ℹ️  No non-HIGH paragraphs in drift_report_chapter0_4_list_of_tables_vs_chapter0_4_list_of_tables.csv — skipping.
Analyzing 38 flagged paragraphs in drift_report_chapter9_chapter_9_the_church_our_role_in_it_vs_chapter9_chapter_9_the_church_our_role_in_it.csv...

Explaining differences: 0it [00:00, ?it/s]
Explaining differences: 1it [00:01,  1.34s/it]
Explaining differences: 2it [00:02,  1.37s/it]
Explaining differences: 3it [00:05,  1.92s/it]
Explaining differences: 4it [00:06,  1.78s/it]
Explaining differences: 5it [00:08,  1.77s/it]
Explaining differences: 6it [00:10,  1.73s/it]
Explaining differences: 7it [00:12,  1.81s/it]
Explaining differences: 8it [00:13,  1.69s/it]
Explaining differences: 9it [00:15,  1.68s/it]
Explaining differences: 10it [00:17,  1.68s/it]
Explaining differences: 11it [00:18,  1.66s/it]
Explaining differences: 12it [00:20,  1.68s/it]
Explaining differences: 13it [00:21,  1.62s/it]
Explaining differences: 14it [00:23,  1.70s/it]
Explaining differences: 15it [00:25,  1.60s/it]
Explaining differences: 16it [00:26,  1.63s/it]
Explaining differences: 17it [00:27,  1.49s/it]
Explaining differences: 18it [00:30,  1.90s/it]
Explaining differences: 19it [00:32,  1.98s/it]
Explaining differences: 20it [00:34,  1.81s/it]
Explaining differences: 21it [00:35,  1.75s/it]
Explaining differences: 22it [00:37,  1.72s/it]
Explaining differences: 23it [00:39,  1.67s/it]
Explaining differences: 24it [00:40,  1.64s/it]
Explaining differences: 25it [00:42,  1.80s/it]
Explaining differences: 26it [00:44,  1.59s/it]
Explaining differences: 27it [00:45,  1.51s/it]
Explaining differences: 28it [00:46,  1.41s/it]
Explaining differences: 29it [00:47,  1.38s/it]
Explaining differences: 30it [00:49,  1.46s/it]
Explaining differences: 31it [00:50,  1.46s/it]
Explaining differences: 32it [00:52,  1.60s/it]
Explaining differences: 33it [00:54,  1.61s/it]
Explaining differences: 34it [00:56,  1.63s/it]
Explaining differences: 35it [00:57,  1.54s/it]
Explaining differences: 36it [00:58,  1.38s/it]
Explaining differences: 37it [01:00,  1.41s/it]
Explaining differences: 38it [01:01,  1.38s/it]
Explaining differences: 38it [01:01,  1.61s/it]
✅ Saved explained drift report: /Users/andrew/repo/urdu-principles-of-faith/pipeline2/analysis/chapters/explained/drift_report_chapter9_chapter_9_the_church_our_role_in_it_vs_chapter9_chapter_9_the_church_our_role_in_it_explained.csv
📊 Summary: 38 analyzed | 13 changed | 0 failed to parse

Analyzing 22 flagged paragraphs in drift_report_chapter1_chapter_1_sound_doctrine_matters_vs_chapter1_chapter_1_sound_doctrine_matters.csv...

Explaining differences: 0it [00:00, ?it/s]
Explaining differences: 1it [00:01,  1.24s/it]
Explaining differences: 2it [00:02,  1.46s/it]
Explaining differences: 3it [00:04,  1.60s/it]
Explaining differences: 4it [00:06,  1.54s/it]
Explaining differences: 5it [00:07,  1.56s/it]
Explaining differences: 6it [00:09,  1.55s/it]
Explaining differences: 7it [00:10,  1.49s/it]
Explaining differences: 8it [00:12,  1.65s/it]
Explaining differences: 9it [00:14,  1.62s/it]
Explaining differences: 10it [00:15,  1.48s/it]
Explaining differences: 11it [00:17,  1.61s/it]
Explaining differences: 12it [00:19,  1.68s/it]
Explaining differences: 13it [00:20,  1.61s/it]
Explaining differences: 14it [00:22,  1.62s/it]
Explaining differences: 15it [00:23,  1.62s/it]
Explaining differences: 16it [00:25,  1.62s/it]
Explaining differences: 17it [00:26,  1.54s/it]
Explaining differences: 18it [00:28,  1.51s/it]
Explaining differences: 19it [00:29,  1.55s/it]
Explaining differences: 20it [00:31,  1.58s/it]
Explaining differences: 21it [00:33,  1.64s/it]
Explaining differences: 22it [00:35,  1.72s/it]
Explaining differences: 22it [00:35,  1.60s/it]
✅ Saved explained drift report: /Users/andrew/repo/urdu-principles-of-faith/pipeline2/analysis/chapters/explained/drift_report_chapter1_chapter_1_sound_doctrine_matters_vs_chapter1_chapter_1_sound_doctrine_matters_explained.csv
📊 Summary: 22 analyzed | 8 changed | 0 failed to parse

Analyzing 23 flagged paragraphs in drift_report_chapter8_chapter_8_holy_spirit_comforter_guide_and_power_vs_chapter8_chapter_8_holy_spirit_comforter_guide_and_power.csv...

Explaining differences: 0it [00:00, ?it/s]
Explaining differences: 1it [00:01,  1.78s/it]
Explaining differences: 2it [00:02,  1.37s/it]
Explaining differences: 3it [00:04,  1.37s/it]
Explaining differences: 4it [00:05,  1.28s/it]
Explaining differences: 5it [00:06,  1.39s/it]
Explaining differences: 6it [00:08,  1.34s/it]
Explaining differences: 7it [00:09,  1.24s/it]
Explaining differences: 8it [00:11,  1.55s/it]
Explaining differences: 9it [00:12,  1.45s/it]
Explaining differences: 10it [00:14,  1.51s/it]
Explaining differences: 11it [00:15,  1.48s/it]
Explaining differences: 12it [00:16,  1.40s/it]
Explaining differences: 13it [00:18,  1.57s/it]
Explaining differences: 14it [00:20,  1.47s/it]
Explaining differences: 15it [00:22,  1.64s/it]
Explaining differences: 16it [00:24,  1.77s/it]
Explaining differences: 17it [00:26,  1.79s/it]
Explaining differences: 18it [00:27,  1.79s/it]
Explaining differences: 19it [00:29,  1.70s/it]
Explaining differences: 20it [00:30,  1.68s/it]
Explaining differences: 21it [00:32,  1.54s/it]
Explaining differences: 22it [00:33,  1.51s/it]
Explaining differences: 23it [00:35,  1.53s/it]
Explaining differences: 23it [00:35,  1.53s/it]
✅ Saved explained drift report: /Users/andrew/repo/urdu-principles-of-faith/pipeline2/analysis/chapters/explained/drift_report_chapter8_chapter_8_holy_spirit_comforter_guide_and_power_vs_chapter8_chapter_8_holy_spirit_comforter_guide_and_power_explained.csv
📊 Summary: 23 analyzed | 4 changed | 0 failed to parse

ℹ️  No non-HIGH paragraphs in drift_report_chapter0_3_table_of_contents_vs_chapter0_3_table_of_contents.csv — skipping.
Analyzing 157 flagged paragraphs in drift_report_chapter14_back_4_end_of_chapter_activities_vs_chapter14_back_4_end_of_chapter_activities.csv...

Explaining differences: 0it [00:00, ?it/s]
Explaining differences: 1it [00:01,  1.36s/it]
Explaining differences: 2it [00:02,  1.30s/it]
Explaining differences: 3it [00:04,  1.67s/it]
Explaining differences: 4it [00:05,  1.48s/it]
Explaining differences: 5it [00:07,  1.42s/it]
Explaining differences: 6it [00:09,  1.63s/it]
Explaining differences: 7it [00:10,  1.65s/it]
Explaining differences: 8it [00:12,  1.64s/it]
Explaining differences: 9it [00:13,  1.53s/it]
Explaining differences: 10it [00:15,  1.69s/it]
Explaining differences: 11it [00:16,  1.51s/it]
Explaining differences: 12it [00:18,  1.51s/it]
Explaining differences: 13it [00:19,  1.47s/it]
Explaining differences: 14it [00:21,  1.52s/it]
Explaining differences: 15it [00:22,  1.35s/it]
Explaining differences: 16it [00:23,  1.32s/it]
Explaining differences: 17it [00:25,  1.33s/it]
Explaining differences: 18it [00:26,  1.37s/it]
Explaining differences: 19it [00:27,  1.25s/it]
Explaining differences: 20it [00:28,  1.26s/it]
Explaining differences: 21it [00:30,  1.28s/it]
Explaining differences: 22it [00:31,  1.28s/it]
Explaining differences: 23it [00:33,  1.38s/it]
Explaining differences: 24it [00:34,  1.49s/it]
Explaining differences: 25it [00:36,  1.41s/it]
Explaining differences: 26it [00:37,  1.35s/it]
Explaining differences: 27it [00:38,  1.32s/it]
Explaining differences: 28it [00:40,  1.45s/it]
Explaining differences: 29it [00:41,  1.42s/it]
Explaining differences: 30it [00:42,  1.35s/it]
Explaining differences: 31it [00:43,  1.31s/it]
Explaining differences: 32it [00:45,  1.24s/it]
Explaining differences: 33it [00:46,  1.20s/it]
Explaining differences: 34it [00:47,  1.22s/it]
Explaining differences: 35it [00:48,  1.25s/it]
Explaining differences: 36it [00:50,  1.33s/it]
Explaining differences: 37it [00:51,  1.39s/it]
Explaining differences: 38it [00:53,  1.56s/it]
Explaining differences: 39it [00:54,  1.46s/it]
Explaining differences: 40it [00:56,  1.39s/it]
Explaining differences: 41it [00:58,  1.59s/it]
Explaining differences: 42it [00:59,  1.51s/it]
Explaining differences: 43it [01:01,  1.60s/it]
Explaining differences: 44it [01:02,  1.59s/it]
Explaining differences: 45it [01:04,  1.57s/it]
Explaining differences: 46it [01:05,  1.50s/it]
Explaining differences: 47it [01:06,  1.33s/it]
Explaining differences: 48it [01:08,  1.47s/it]
Explaining differences: 49it [01:10,  1.51s/it]
Explaining differences: 50it [01:11,  1.48s/it]
Explaining differences: 51it [01:12,  1.41s/it]
Explaining differences: 52it [01:14,  1.39s/it]
Explaining differences: 53it [01:16,  1.60s/it]
Explaining differences: 54it [01:18,  1.83s/it]
Explaining differences: 55it [01:20,  1.73s/it]
Explaining differences: 56it [01:21,  1.61s/it]
Explaining differences: 57it [01:22,  1.52s/it]
Explaining differences: 58it [01:24,  1.63s/it]
Explaining differences: 59it [01:26,  1.59s/it]
Explaining differences: 60it [01:27,  1.49s/it]
Explaining differences: 61it [01:28,  1.40s/it]
Explaining differences: 62it [01:30,  1.46s/it]
Explaining differences: 63it [01:32,  1.66s/it]
Explaining differences: 64it [01:34,  1.69s/it]
Explaining differences: 65it [01:35,  1.62s/it]
Explaining differences: 66it [01:36,  1.48s/it]
Explaining differences: 67it [01:38,  1.45s/it]
Explaining differences: 68it [01:39,  1.39s/it]
Explaining differences: 69it [01:40,  1.35s/it]
Explaining differences: 70it [01:41,  1.27s/it]
Explaining differences: 71it [01:43,  1.38s/it]
Explaining differences: 72it [01:45,  1.54s/it]
Explaining differences: 73it [01:46,  1.42s/it]
Explaining differences: 74it [01:47,  1.38s/it]
Explaining differences: 75it [01:49,  1.58s/it]
Explaining differences: 76it [01:50,  1.41s/it]
Explaining differences: 77it [01:52,  1.65s/it]
Explaining differences: 78it [01:54,  1.52s/it]
Explaining differences: 79it [01:55,  1.48s/it]
Explaining differences: 80it [01:56,  1.33s/it]
Explaining differences: 81it [01:57,  1.33s/it]
Explaining differences: 82it [01:58,  1.25s/it]
Explaining differences: 83it [02:00,  1.43s/it]
Explaining differences: 84it [02:02,  1.46s/it]
Explaining differences: 85it [02:03,  1.51s/it]
Explaining differences: 86it [02:05,  1.67s/it]
Explaining differences: 87it [02:07,  1.60s/it]
Explaining differences: 88it [02:08,  1.61s/it]
Explaining differences: 89it [02:10,  1.60s/it]
Explaining differences: 90it [02:12,  1.63s/it]
Explaining differences: 91it [02:13,  1.51s/it]
Explaining differences: 92it [02:15,  1.76s/it]
Explaining differences: 93it [02:17,  1.84s/it]
Explaining differences: 94it [02:19,  1.80s/it]
Explaining differences: 95it [02:21,  1.70s/it]
Explaining differences: 96it [02:22,  1.76s/it]
Explaining differences: 97it [02:24,  1.72s/it]
Explaining differences: 98it [02:25,  1.62s/it]
Explaining differences: 99it [02:27,  1.64s/it]
Explaining differences: 100it [02:29,  1.60s/it]
Explaining differences: 101it [02:30,  1.56s/it]
Explaining differences: 102it [02:31,  1.41s/it]
Explaining differences: 103it [02:33,  1.47s/it]
Explaining differences: 104it [02:34,  1.49s/it]
Explaining differences: 105it [02:36,  1.59s/it]
Explaining differences: 106it [02:37,  1.48s/it]
Explaining differences: 107it [02:39,  1.41s/it]
Explaining differences: 108it [02:40,  1.45s/it]
Explaining differences: 109it [02:41,  1.41s/it]
Explaining differences: 110it [02:43,  1.51s/it]
Explaining differences: 111it [02:45,  1.58s/it]
Explaining differences: 112it [02:46,  1.51s/it]
Explaining differences: 113it [02:48,  1.44s/it]
Explaining differences: 114it [02:49,  1.53s/it]
Explaining differences: 115it [02:51,  1.46s/it]
Explaining differences: 116it [02:52,  1.47s/it]
Explaining differences: 117it [02:54,  1.56s/it]
Explaining differences: 118it [02:56,  1.64s/it]
Explaining differences: 119it [02:58,  1.70s/it]
Explaining differences: 120it [02:59,  1.64s/it]
Explaining differences: 121it [03:01,  1.64s/it]
Explaining differences: 122it [03:02,  1.65s/it]
Explaining differences: 123it [03:04,  1.74s/it]
Explaining differences: 124it [03:06,  1.80s/it]
Explaining differences: 125it [03:08,  1.76s/it]
Explaining differences: 126it [03:10,  1.75s/it]
Explaining differences: 127it [03:11,  1.71s/it]
Explaining differences: 128it [03:13,  1.66s/it]
Explaining differences: 129it [03:15,  1.72s/it]
Explaining differences: 130it [03:16,  1.69s/it]
Explaining differences: 131it [03:17,  1.52s/it]
Explaining differences: 132it [03:19,  1.55s/it]
Explaining differences: 133it [03:20,  1.52s/it]
Explaining differences: 134it [03:22,  1.52s/it]
Explaining differences: 135it [03:23,  1.50s/it]
Explaining differences: 136it [03:25,  1.51s/it]
Explaining differences: 137it [03:26,  1.48s/it]
Explaining differences: 138it [03:29,  1.73s/it]
Explaining differences: 139it [03:31,  1.75s/it]
Explaining differences: 140it [03:32,  1.68s/it]
Explaining differences: 141it [03:33,  1.61s/it]
Explaining differences: 142it [03:35,  1.53s/it]
Explaining differences: 143it [03:37,  1.60s/it]
Explaining differences: 144it [03:39,  1.76s/it]
Explaining differences: 145it [03:41,  1.85s/it]
Explaining differences: 146it [03:42,  1.74s/it]
Explaining differences: 147it [03:44,  1.66s/it]
Explaining differences: 148it [03:45,  1.53s/it]
Explaining differences: 149it [03:46,  1.42s/it]
Explaining differences: 150it [03:48,  1.56s/it]
Explaining differences: 151it [03:49,  1.53s/it]
Explaining differences: 152it [03:51,  1.50s/it]
Explaining differences: 153it [03:53,  1.60s/it]
Explaining differences: 154it [03:54,  1.49s/it]
Explaining differences: 155it [03:56,  1.75s/it]
Explaining differences: 156it [03:58,  1.70s/it]
Explaining differences: 157it [04:00,  1.76s/it]
Explaining differences: 157it [04:00,  1.53s/it]
✅ Saved explained drift report: /Users/andrew/repo/urdu-principles-of-faith/pipeline2/analysis/chapters/explained/drift_report_chapter14_back_4_end_of_chapter_activities_vs_chapter14_back_4_end_of_chapter_activities_explained.csv
📊 Summary: 157 analyzed | 30 changed | 0 failed to parse

Analyzing 7 flagged paragraphs in drift_report_chapter14_back_5_hearing_the_voice_of_god_vs_chapter14_back_5_hearing_the_voice_of_god.csv...

Explaining differences: 0it [00:00, ?it/s]
Explaining differences: 1it [00:01,  1.59s/it]
Explaining differences: 2it [00:03,  1.82s/it]
Explaining differences: 3it [00:05,  1.83s/it]
Explaining differences: 4it [00:07,  1.87s/it]
Explaining differences: 5it [00:08,  1.77s/it]
Explaining differences: 6it [00:10,  1.77s/it]
Explaining differences: 7it [00:12,  1.66s/it]
Explaining differences: 7it [00:12,  1.73s/it]
✅ Saved explained drift report: /Users/andrew/repo/urdu-principles-of-faith/pipeline2/analysis/chapters/explained/drift_report_chapter14_back_5_hearing_the_voice_of_god_vs_chapter14_back_5_hearing_the_voice_of_god_explained.csv
📊 Summary: 7 analyzed | 1 changed | 0 failed to parse

Analyzing 9 flagged paragraphs in drift_report_chapter14_chapter_14_keep_watch_vs_chapter14_chapter_14_keep_watch.csv...

Explaining differences: 0it [00:00, ?it/s]
Explaining differences: 1it [00:01,  1.56s/it]
Explaining differences: 2it [00:03,  2.03s/it]
Explaining differences: 3it [00:05,  1.88s/it]
Explaining differences: 4it [00:07,  1.77s/it]
Explaining differences: 5it [00:08,  1.61s/it]
Explaining differences: 6it [00:10,  1.71s/it]
Explaining differences: 7it [00:11,  1.56s/it]
Explaining differences: 8it [00:13,  1.55s/it]
Explaining differences: 9it [00:14,  1.43s/it]
Explaining differences: 9it [00:14,  1.60s/it]
✅ Saved explained drift report: /Users/andrew/repo/urdu-principles-of-faith/pipeline2/analysis/chapters/explained/drift_report_chapter14_chapter_14_keep_watch_vs_chapter14_chapter_14_keep_watch_explained.csv
📊 Summary: 9 analyzed | 1 changed | 0 failed to parse

ℹ️  No non-HIGH paragraphs in drift_report_chapter0_1_dedication_vs_chapter0_1_dedication.csv — skipping.
Analyzing 1 flagged paragraphs in drift_report_chapter0_0_intro_vs_chapter0_0_intro.csv...

Explaining differences: 0it [00:00, ?it/s]
Explaining differences: 1it [00:01,  1.07s/it]
Explaining differences: 1it [00:01,  1.07s/it]
✅ Saved explained drift report: /Users/andrew/repo/urdu-principles-of-faith/pipeline2/analysis/chapters/explained/drift_report_chapter0_0_intro_vs_chapter0_0_intro_explained.csv
📊 Summary: 1 analyzed | 0 changed | 0 failed to parse

Analyzing 16 flagged paragraphs in drift_report_chapter7_chapter_7_jesus_the_foundation_of_our_faith_vs_chapter7_chapter_7_jesus_the_foundation_of_our_faith.csv...

Explaining differences: 0it [00:00, ?it/s]
Explaining differences: 1it [00:01,  1.55s/it]
Explaining differences: 2it [00:03,  1.71s/it]
Explaining differences: 3it [00:04,  1.46s/it]
Explaining differences: 4it [00:05,  1.42s/it]
Explaining differences: 5it [00:07,  1.48s/it]
Explaining differences: 6it [00:08,  1.45s/it]
Explaining differences: 7it [00:10,  1.49s/it]
Explaining differences: 8it [00:11,  1.48s/it]
Explaining differences: 9it [00:14,  1.76s/it]
Explaining differences: 10it [00:16,  1.86s/it]
Explaining differences: 11it [00:17,  1.75s/it]
Explaining differences: 12it [00:20,  1.99s/it]
Explaining differences: 13it [00:21,  1.83s/it]
Explaining differences: 14it [00:23,  1.71s/it]
Explaining differences: 15it [00:24,  1.68s/it]
Explaining differences: 16it [00:26,  1.76s/it]
Explaining differences: 16it [00:26,  1.68s/it]
✅ Saved explained drift report: /Users/andrew/repo/urdu-principles-of-faith/pipeline2/analysis/chapters/explained/drift_report_chapter7_chapter_7_jesus_the_foundation_of_our_faith_vs_chapter7_chapter_7_jesus_the_foundation_of_our_faith_explained.csv
📊 Summary: 16 analyzed | 0 changed | 0 failed to parse

Analyzing 17 flagged paragraphs in drift_report_chapter13_chapter_13_spiritual_authority_vs_chapter13_chapter_13_spiritual_authority.csv...

Explaining differences: 0it [00:00, ?it/s]
Explaining differences: 1it [00:01,  1.57s/it]
Explaining differences: 2it [00:03,  1.61s/it]
Explaining differences: 3it [00:05,  1.95s/it]
Explaining differences: 4it [00:07,  1.97s/it]
Explaining differences: 5it [00:09,  1.92s/it]
Explaining differences: 6it [00:10,  1.75s/it]
Explaining differences: 7it [00:12,  1.59s/it]
Explaining differences: 8it [00:13,  1.63s/it]
Explaining differences: 9it [00:15,  1.66s/it]
Explaining differences: 10it [00:18,  2.01s/it]
Explaining differences: 11it [00:19,  1.85s/it]
Explaining differences: 12it [00:21,  1.87s/it]
Explaining differences: 13it [00:23,  1.91s/it]
Explaining differences: 14it [00:25,  1.80s/it]
Explaining differences: 15it [00:27,  1.78s/it]
Explaining differences: 16it [00:28,  1.75s/it]
Explaining differences: 17it [00:30,  1.82s/it]
Explaining differences: 17it [00:30,  1.80s/it]
✅ Saved explained drift report: /Users/andrew/repo/urdu-principles-of-faith/pipeline2/analysis/chapters/explained/drift_report_chapter13_chapter_13_spiritual_authority_vs_chapter13_chapter_13_spiritual_authority_explained.csv
📊 Summary: 17 analyzed | 4 changed | 0 failed to parse

Analyzing 31 flagged paragraphs in drift_report_chapter12_chapter_12_discipleship_vs_chapter12_chapter_12_discipleship.csv...

Explaining differences: 0it [00:00, ?it/s]
Explaining differences: 1it [00:01,  1.36s/it]
Explaining differences: 2it [00:03,  1.69s/it]
Explaining differences: 3it [00:04,  1.55s/it]
Explaining differences: 4it [00:06,  1.75s/it]
Explaining differences: 5it [00:09,  1.95s/it]
Explaining differences: 6it [00:10,  1.81s/it]
Explaining differences: 7it [00:12,  1.86s/it]
Explaining differences: 8it [00:14,  1.76s/it]
Explaining differences: 9it [00:15,  1.74s/it]
Explaining differences: 10it [00:17,  1.86s/it]
Explaining differences: 11it [00:19,  1.80s/it]
Explaining differences: 12it [00:20,  1.66s/it]
Explaining differences: 13it [00:22,  1.74s/it]
Explaining differences: 14it [00:24,  1.67s/it]
Explaining differences: 15it [00:25,  1.61s/it]
Explaining differences: 16it [00:28,  1.84s/it]
Explaining differences: 17it [00:29,  1.78s/it]
Explaining differences: 18it [00:31,  1.72s/it]
Explaining differences: 19it [00:33,  1.80s/it]
Explaining differences: 20it [00:34,  1.72s/it]
Explaining differences: 21it [00:36,  1.74s/it]
Explaining differences: 22it [00:39,  1.93s/it]
Explaining differences: 23it [00:40,  1.89s/it]
Explaining differences: 24it [00:42,  1.79s/it]
Explaining differences: 25it [00:44,  1.74s/it]
Explaining differences: 26it [00:45,  1.77s/it]
Explaining differences: 27it [00:47,  1.72s/it]
Explaining differences: 28it [00:48,  1.55s/it]
Explaining differences: 29it [00:50,  1.51s/it]
Explaining differences: 30it [00:51,  1.59s/it]
Explaining differences: 31it [00:54,  1.78s/it]
Explaining differences: 31it [00:54,  1.74s/it]
✅ Saved explained drift report: /Users/andrew/repo/urdu-principles-of-faith/pipeline2/analysis/chapters/explained/drift_report_chapter12_chapter_12_discipleship_vs_chapter12_chapter_12_discipleship_explained.csv
📊 Summary: 31 analyzed | 10 changed | 0 failed to parse

ℹ️  No non-HIGH paragraphs in drift_report_chapter14_back_3_extended_reference_tables_vs_chapter14_back_3_extended_reference_tables.csv — skipping.
Analyzing 1 flagged paragraphs in drift_report_chapter0_2_acknowledgements_vs_chapter0_2_acknowledgements.csv...

Explaining differences: 0it [00:00, ?it/s]
Explaining differences: 1it [00:01,  1.42s/it]
Explaining differences: 1it [00:01,  1.42s/it]
✅ Saved explained drift report: /Users/andrew/repo/urdu-principles-of-faith/pipeline2/analysis/chapters/explained/drift_report_chapter0_2_acknowledgements_vs_chapter0_2_acknowledgements_explained.csv
📊 Summary: 1 analyzed | 0 changed | 0 failed to parse

Analyzing 23 flagged paragraphs in drift_report_chapter6_chapter_6_faith_toward_god_vs_chapter6_chapter_6_faith_toward_god.csv...

Explaining differences: 0it [00:00, ?it/s]
Explaining differences: 1it [00:01,  1.58s/it]
Explaining differences: 2it [00:03,  1.84s/it]
Explaining differences: 3it [00:05,  2.08s/it]
Explaining differences: 4it [00:07,  1.84s/it]
Explaining differences: 5it [00:09,  2.02s/it]
Explaining differences: 6it [00:11,  1.90s/it]
Explaining differences: 7it [00:13,  1.81s/it]
Explaining differences: 8it [00:14,  1.67s/it]
Explaining differences: 9it [00:16,  1.74s/it]
Explaining differences: 10it [00:18,  1.91s/it]
Explaining differences: 11it [00:20,  1.80s/it]
Explaining differences: 12it [00:22,  2.04s/it]
Explaining differences: 13it [00:24,  1.89s/it]
Explaining differences: 14it [00:25,  1.81s/it]
Explaining differences: 15it [00:27,  1.78s/it]
Explaining differences: 16it [00:29,  1.66s/it]
Explaining differences: 17it [00:30,  1.71s/it]
Explaining differences: 18it [00:32,  1.71s/it]
Explaining differences: 19it [00:35,  2.05s/it]
Explaining differences: 20it [00:36,  1.81s/it]
Explaining differences: 21it [00:38,  1.95s/it]
Explaining differences: 22it [00:40,  1.94s/it]
Explaining differences: 23it [00:43,  2.10s/it]
Explaining differences: 23it [00:43,  1.88s/it]
⏭️  Skipping drift_report_chapter6_chapter_6_faith_toward_god_vs_chapter6_chapter_6_faith_toward_god.csv — explained report already exists (use --overwrite to regenerate).
ℹ️  No non-HIGH paragraphs in drift_report_chapter0_5_foreword_vs_chapter0_5_foreword.csv — skipping.
Analyzing 7 flagged paragraphs in drift_report_chapter10_chapter_10_sanctified_prepared_for_god_s_purpose_vs_chapter10_chapter_10_sanctified_prepared_for_god_s_purpose.csv...

Explaining differences: 0it [00:00, ?it/s]
Explaining differences: 1it [00:02,  2.05s/it]
Explaining differences: 2it [00:04,  2.21s/it]
Explaining differences: 3it [00:05,  1.81s/it]
Explaining differences: 4it [00:07,  1.79s/it]
Explaining differences: 5it [00:09,  1.82s/it]
Explaining differences: 6it [00:10,  1.63s/it]
Explaining differences: 7it [00:12,  1.70s/it]
Explaining differences: 7it [00:12,  1.78s/it]
✅ Saved explained drift report: /Users/andrew/repo/urdu-principles-of-faith/pipeline2/analysis/chapters/explained/drift_report_chapter10_chapter_10_sanctified_prepared_for_god_s_purpose_vs_chapter10_chapter_10_sanctified_prepared_for_god_s_purpose_explained.csv
📊 Summary: 7 analyzed | 3 changed | 0 failed to parse

🎉 All files processed.

📘 Processing table1.md...
🧮 Auto batch size determined: 20 paragraphs per request (input budget ≈ 246400.0 tokens)
🟦 Translating batch of 1 paragraphs (1/1)...
✅ Done: /Users/andrew/repo/urdu-principles-of-faith/pipeline2/translation/tables/table1.md (1/1 translated)

📘 Processing table10.md...
🧮 Auto batch size determined: 20 paragraphs per request (input budget ≈ 246400.0 tokens)
🟦 Translating batch of 1 paragraphs (1/1)...
✅ Done: /Users/andrew/repo/urdu-principles-of-faith/pipeline2/translation/tables/table10.md (1/1 translated)

📘 Processing table11.md...
🧮 Auto batch size determined: 20 paragraphs per request (input budget ≈ 246400.0 tokens)
🟦 Translating batch of 1 paragraphs (1/1)...
✅ Done: /Users/andrew/repo/urdu-principles-of-faith/pipeline2/translation/tables/table11.md (1/1 translated)

📘 Processing table12.md...
🧮 Auto batch size determined: 20 paragraphs per request (input budget ≈ 246400.0 tokens)
🟦 Translating batch of 1 paragraphs (1/1)...
✅ Done: /Users/andrew/repo/urdu-principles-of-faith/pipeline2/translation/tables/table12.md (1/1 translated)

📘 Processing table2.md...
🧮 Auto batch size determined: 20 paragraphs per request (input budget ≈ 246400.0 tokens)
🟦 Translating batch of 1 paragraphs (1/1)...
✅ Done: /Users/andrew/repo/urdu-principles-of-faith/pipeline2/translation/tables/table2.md (1/1 translated)

📘 Processing table3.md...
🧮 Auto batch size determined: 20 paragraphs per request (input budget ≈ 246400.0 tokens)
🟦 Translating batch of 1 paragraphs (1/1)...
✅ Done: /Users/andrew/repo/urdu-principles-of-faith/pipeline2/translation/tables/table3.md (1/1 translated)

📘 Processing table4.md...
🧮 Auto batch size determined: 20 paragraphs per request (input budget ≈ 246400.0 tokens)
🟦 Translating batch of 1 paragraphs (1/1)...
✅ Done: /Users/andrew/repo/urdu-principles-of-faith/pipeline2/translation/tables/table4.md (1/1 translated)

📘 Processing table5.md...
🧮 Auto batch size determined: 20 paragraphs per request (input budget ≈ 246400.0 tokens)
🟦 Translating batch of 1 paragraphs (1/1)...
✅ Done: /Users/andrew/repo/urdu-principles-of-faith/pipeline2/translation/tables/table5.md (1/1 translated)

📘 Processing table6.md...
🧮 Auto batch size determined: 20 paragraphs per request (input budget ≈ 246400.0 tokens)
🟦 Translating batch of 1 paragraphs (1/1)...
✅ Done: /Users/andrew/repo/urdu-principles-of-faith/pipeline2/translation/tables/table6.md (1/1 translated)

📘 Processing table7.md...
🧮 Auto batch size determined: 20 paragraphs per request (input budget ≈ 246400.0 tokens)
⏭️ Skipping <!-- p0 --> (already translated)
✅ Done: /Users/andrew/repo/urdu-principles-of-faith/pipeline2/translation/tables/table7.md (0/1 translated)

📘 Processing table8.md...
🧮 Auto batch size determined: 20 paragraphs per request (input budget ≈ 246400.0 tokens)
🟦 Translating batch of 1 paragraphs (1/1)...
✅ Done: /Users/andrew/repo/urdu-principles-of-faith/pipeline2/translation/tables/table8.md (1/1 translated)

📘 Processing table9.md...
🧮 Auto batch size determined: 20 paragraphs per request (input budget ≈ 246400.0 tokens)
🟦 Translating batch of 1 paragraphs (1/1)...
✅ Done: /Users/andrew/repo/urdu-principles-of-faith/pipeline2/translation/tables/table9.md (1/1 translated)

🎯 All files processed.
