⚠️  Unknown model for tokenizer; using cl100k_base.

📘 Processing chapter0_0_intro.md...
📑 Paragraph markers found: 20
⏭️ Skipping <!-- p1 --> (already translated)
⏭️ Skipping <!-- p2 --> (already translated)
⏭️ Skipping <!-- p3 --> (already translated)
⏭️ Skipping <!-- p4 --> (already translated)
⏭️ Skipping <!-- p5 --> (already translated)
⏭️ Skipping <!-- p6 --> (already translated)
⏭️ Skipping <!-- p7 --> (already translated)
⏭️ Skipping <!-- p8 --> (already translated)
⏭️ Skipping <!-- p9 --> (already translated)
⏭️ Skipping <!-- p10 --> (already translated)
⏭️ Skipping <!-- p11 --> (already translated)
⏭️ Skipping <!-- p12 --> (already translated)
⏭️ Skipping <!-- p13 --> (already translated)
⏭️ Skipping <!-- p14 --> (already translated)
⏭️ Skipping <!-- p15 --> (already translated)
⏭️ Skipping <!-- p16 --> (already translated)
⏭️ Skipping <!-- p17 --> (already translated)
⏭️ Skipping <!-- p18 --> (already translated)
⏭️ Skipping <!-- p19 --> (already translated)
⏭️ Skipping <!-- p20 --> (already translated)
🧮 Token-aware batching: 0 batch(es), budget ~106666 tokens, max batch size 20
✅ Done: /Users/andrew/repo/kli-translation-pipeline_principles-of-faith/japenese/pipeline2/translation/chapters/chapter0_0_intro.md (0/20 translated)

📘 Processing chapter0_1_dedication.md...
📑 Paragraph markers found: 3
⏭️ Skipping <!-- p0 --> (already translated)
⏭️ Skipping <!-- p1 --> (already translated)
⏭️ Skipping <!-- p2 --> (already translated)
🧮 Token-aware batching: 0 batch(es), budget ~106666 tokens, max batch size 20
✅ Done: /Users/andrew/repo/kli-translation-pipeline_principles-of-faith/japenese/pipeline2/translation/chapters/chapter0_1_dedication.md (0/3 translated)

📘 Processing chapter0_2_acknowledgements.md...
📑 Paragraph markers found: 4
⏭️ Skipping <!-- p0 --> (already translated)
⏭️ Skipping <!-- p1 --> (already translated)
⏭️ Skipping <!-- p2 --> (already translated)
⏭️ Skipping <!-- p3 --> (already translated)
🧮 Token-aware batching: 0 batch(es), budget ~106666 tokens, max batch size 20
✅ Done: /Users/andrew/repo/kli-translation-pipeline_principles-of-faith/japenese/pipeline2/translation/chapters/chapter0_2_acknowledgements.md (0/4 translated)

📘 Processing chapter0_3_table_of_contents.md...
📑 Paragraph markers found: 26
⏭️ Skipping <!-- p0 --> (already translated)
⏭️ Skipping <!-- p1 --> (already translated)
⏭️ Skipping <!-- p2 --> (already translated)
⏭️ Skipping <!-- p3 --> (already translated)
⏭️ Skipping <!-- p4 --> (already translated)
⏭️ Skipping <!-- p5 --> (already translated)
⏭️ Skipping <!-- p6 --> (already translated)
⏭️ Skipping <!-- p7 --> (already translated)
⏭️ Skipping <!-- p8 --> (already translated)
⏭️ Skipping <!-- p9 --> (already translated)
⏭️ Skipping <!-- p10 --> (already translated)
⏭️ Skipping <!-- p11 --> (already translated)
⏭️ Skipping <!-- p12 --> (already translated)
⏭️ Skipping <!-- p13 --> (already translated)
⏭️ Skipping <!-- p14 --> (already translated)
⏭️ Skipping <!-- p15 --> (already translated)
⏭️ Skipping <!-- p16 --> (already translated)
⏭️ Skipping <!-- p17 --> (already translated)
⏭️ Skipping <!-- p18 --> (already translated)
⏭️ Skipping <!-- p19 --> (already translated)
⏭️ Skipping <!-- p20 --> (already translated)
⏭️ Skipping <!-- p21 --> (already translated)
⏭️ Skipping <!-- p22 --> (already translated)
⏭️ Skipping <!-- p23 --> (already translated)
⏭️ Skipping <!-- p24 --> (already translated)
⏭️ Skipping <!-- p25 --> (already translated)
🧮 Token-aware batching: 0 batch(es), budget ~106666 tokens, max batch size 20
✅ Done: /Users/andrew/repo/kli-translation-pipeline_principles-of-faith/japenese/pipeline2/translation/chapters/chapter0_3_table_of_contents.md (0/26 translated)

📘 Processing chapter0_4_list_of_tables.md...
📑 Paragraph markers found: 13
⏭️ Skipping <!-- p0 --> (already translated)
⏭️ Skipping <!-- p1 --> (already translated)
⏭️ Skipping <!-- p2 --> (already translated)
⏭️ Skipping <!-- p3 --> (already translated)
⏭️ Skipping <!-- p4 --> (already translated)
⏭️ Skipping <!-- p5 --> (already translated)
⏭️ Skipping <!-- p6 --> (already translated)
⏭️ Skipping <!-- p7 --> (already translated)
⏭️ Skipping <!-- p8 --> (already translated)
⏭️ Skipping <!-- p9 --> (already translated)
⏭️ Skipping <!-- p10 --> (already translated)
⏭️ Skipping <!-- p11 --> (already translated)
⏭️ Skipping <!-- p12 --> (already translated)
🧮 Token-aware batching: 0 batch(es), budget ~106666 tokens, max batch size 20
✅ Done: /Users/andrew/repo/kli-translation-pipeline_principles-of-faith/japenese/pipeline2/translation/chapters/chapter0_4_list_of_tables.md (0/13 translated)

📘 Processing chapter0_5_foreword.md...
📑 Paragraph markers found: 6
⏭️ Skipping <!-- p0 --> (already translated)
⏭️ Skipping <!-- p1 --> (already translated)
⏭️ Skipping <!-- p2 --> (already translated)
⏭️ Skipping <!-- p3 --> (already translated)
⏭️ Skipping <!-- p4 --> (already translated)
⏭️ Skipping <!-- p5 --> (already translated)
🧮 Token-aware batching: 0 batch(es), budget ~106666 tokens, max batch size 20
✅ Done: /Users/andrew/repo/kli-translation-pipeline_principles-of-faith/japenese/pipeline2/translation/chapters/chapter0_5_foreword.md (0/6 translated)

📘 Processing chapter0_6_preface.md...
📑 Paragraph markers found: 69
⏭️ Skipping <!-- p0 --> (already translated)
⏭️ Skipping <!-- p1 --> (already translated)
⏭️ Skipping <!-- p2 --> (already translated)
⏭️ Skipping <!-- p3 --> (already translated)
⏭️ Skipping <!-- p4 --> (already translated)
⏭️ Skipping <!-- p5 --> (already translated)
⏭️ Skipping <!-- p6 --> (already translated)
⏭️ Skipping <!-- p7 --> (already translated)
⏭️ Skipping <!-- p8 --> (already translated)
⏭️ Skipping <!-- p9 --> (already translated)
⏭️ Skipping <!-- p10 --> (already translated)
⏭️ Skipping <!-- p11 --> (already translated)
⏭️ Skipping <!-- p12 --> (already translated)
⏭️ Skipping <!-- p13 --> (already translated)
⏭️ Skipping <!-- p14 --> (already translated)
⏭️ Skipping <!-- p15 --> (already translated)
⏭️ Skipping <!-- p16 --> (already translated)
⏭️ Skipping <!-- p17 --> (already translated)
⏭️ Skipping <!-- p18 --> (already translated)
⏭️ Skipping <!-- p19 --> (already translated)
⏭️ Skipping <!-- p20 --> (already translated)
⏭️ Skipping <!-- p21 --> (already translated)
⏭️ Skipping <!-- p22 --> (already translated)
⏭️ Skipping <!-- p23 --> (already translated)
⏭️ Skipping <!-- p24 --> (already translated)
⏭️ Skipping <!-- p25 --> (already translated)
⏭️ Skipping <!-- p26 --> (already translated)
⏭️ Skipping <!-- p27 --> (already translated)
⏭️ Skipping <!-- p28 --> (already translated)
⏭️ Skipping <!-- p29 --> (already translated)
⏭️ Skipping <!-- p30 --> (already translated)
⏭️ Skipping <!-- p31 --> (already translated)
⏭️ Skipping <!-- p32 --> (already translated)
⏭️ Skipping <!-- p33 --> (already translated)
⏭️ Skipping <!-- p34 --> (already translated)
⏭️ Skipping <!-- p35 --> (already translated)
⏭️ Skipping <!-- p36 --> (already translated)
⏭️ Skipping <!-- p37 --> (already translated)
⏭️ Skipping <!-- p38 --> (already translated)
⏭️ Skipping <!-- p39 --> (already translated)
⏭️ Skipping <!-- p40 --> (already translated)
⏭️ Skipping <!-- p41 --> (already translated)
⏭️ Skipping <!-- p42 --> (already translated)
⏭️ Skipping <!-- p43 --> (already translated)
⏭️ Skipping <!-- p44 --> (already translated)
⏭️ Skipping <!-- p45 --> (already translated)
⏭️ Skipping <!-- p46 --> (already translated)
⏭️ Skipping <!-- p47 --> (already translated)
⏭️ Skipping <!-- p48 --> (already translated)
⏭️ Skipping <!-- p49 --> (already translated)
⏭️ Skipping <!-- p50 --> (already translated)
⏭️ Skipping <!-- p52 --> (already translated)
⏭️ Skipping <!-- p53 --> (already translated)
⏭️ Skipping <!-- p54 --> (already translated)
⏭️ Skipping <!-- p55 --> (already translated)
⏭️ Skipping <!-- p56 --> (already translated)
⏭️ Skipping <!-- p57 --> (already translated)
⏭️ Skipping <!-- p58 --> (already translated)
⏭️ Skipping <!-- p59 --> (already translated)
⏭️ Skipping <!-- p60 --> (already translated)
⏭️ Skipping <!-- p61 --> (already translated)
⏭️ Skipping <!-- p62 --> (already translated)
⏭️ Skipping <!-- p63 --> (already translated)
⏭️ Skipping <!-- p64 --> (already translated)
⏭️ Skipping <!-- p65 --> (already translated)
⏭️ Skipping <!-- p66 --> (already translated)
⏭️ Skipping <!-- p67 --> (already translated)
⏭️ Skipping <!-- p68 --> (already translated)
⏭️ Skipping <!-- p69 --> (already translated)
🧮 Token-aware batching: 0 batch(es), budget ~106666 tokens, max batch size 20
✅ Done: /Users/andrew/repo/kli-translation-pipeline_principles-of-faith/japenese/pipeline2/translation/chapters/chapter0_6_preface.md (0/69 translated)

📘 Processing chapter10_chapter_10_sanctified_prepared_for_god_s_purpose.md...
📑 Paragraph markers found: 112
⏭️ Skipping <!-- p0 --> (already translated)
⏭️ Skipping <!-- p1 --> (already translated)
⏭️ Skipping <!-- p2 --> (already translated)
⏭️ Skipping <!-- p3 --> (already translated)
⏭️ Skipping <!-- p4 --> (already translated)
⏭️ Skipping <!-- p5 --> (already translated)
⏭️ Skipping <!-- p6 --> (already translated)
⏭️ Skipping <!-- p7 --> (already translated)
⏭️ Skipping <!-- p8 --> (already translated)
⏭️ Skipping <!-- p9 --> (already translated)
⏭️ Skipping <!-- p10 --> (already translated)
⏭️ Skipping <!-- p11 --> (already translated)
⏭️ Skipping <!-- p12 --> (already translated)
⏭️ Skipping <!-- p13 --> (already translated)
⏭️ Skipping <!-- p14 --> (already translated)
⏭️ Skipping <!-- p15 --> (already translated)
⏭️ Skipping <!-- p16 --> (already translated)
⏭️ Skipping <!-- p17 --> (already translated)
⏭️ Skipping <!-- p18 --> (already translated)
⏭️ Skipping <!-- p19 --> (already translated)
⏭️ Skipping <!-- p20 --> (already translated)
⏭️ Skipping <!-- p21 --> (already translated)
⏭️ Skipping <!-- p22 --> (already translated)
⏭️ Skipping <!-- p23 --> (already translated)
⏭️ Skipping <!-- p24 --> (already translated)
⏭️ Skipping <!-- p25 --> (already translated)
⏭️ Skipping <!-- p26 --> (already translated)
⏭️ Skipping <!-- p27 --> (already translated)
⏭️ Skipping <!-- p28 --> (already translated)
⏭️ Skipping <!-- p29 --> (already translated)
⏭️ Skipping <!-- p30 --> (already translated)
⏭️ Skipping <!-- p31 --> (already translated)
⏭️ Skipping <!-- p32 --> (already translated)
⏭️ Skipping <!-- p33 --> (already translated)
⏭️ Skipping <!-- p34 --> (already translated)
⏭️ Skipping <!-- p35 --> (already translated)
⏭️ Skipping <!-- p36 --> (already translated)
⏭️ Skipping <!-- p37 --> (already translated)
⏭️ Skipping <!-- p38 --> (already translated)
⏭️ Skipping <!-- p39 --> (already translated)
⏭️ Skipping <!-- p40 --> (already translated)
⏭️ Skipping <!-- p41 --> (already translated)
⏭️ Skipping <!-- p42 --> (already translated)
⏭️ Skipping <!-- p43 --> (already translated)
⏭️ Skipping <!-- p44 --> (already translated)
⏭️ Skipping <!-- p45 --> (already translated)
⏭️ Skipping <!-- p46 --> (already translated)
⏭️ Skipping <!-- p47 --> (already translated)
⏭️ Skipping <!-- p48 --> (already translated)
⏭️ Skipping <!-- p49 --> (already translated)
⏭️ Skipping <!-- p50 --> (already translated)
⏭️ Skipping <!-- p51 --> (already translated)
⏭️ Skipping <!-- p52 --> (already translated)
⏭️ Skipping <!-- p53 --> (already translated)
⏭️ Skipping <!-- p54 --> (already translated)
⏭️ Skipping <!-- p55 --> (already translated)
⏭️ Skipping <!-- p56 --> (already translated)
⏭️ Skipping <!-- p57 --> (already translated)
⏭️ Skipping <!-- p58 --> (already translated)
⏭️ Skipping <!-- p59 --> (already translated)
⏭️ Skipping <!-- p60 --> (already translated)
⏭️ Skipping <!-- p61 --> (already translated)
⏭️ Skipping <!-- p62 --> (already translated)
⏭️ Skipping <!-- p63 --> (already translated)
⏭️ Skipping <!-- p64 --> (already translated)
⏭️ Skipping <!-- p65 --> (already translated)
⏭️ Skipping <!-- p66 --> (already translated)
⏭️ Skipping <!-- p67 --> (already translated)
⏭️ Skipping <!-- p68 --> (already translated)
⏭️ Skipping <!-- p69 --> (already translated)
⏭️ Skipping <!-- p70 --> (already translated)
⏭️ Skipping <!-- p71 --> (already translated)
⏭️ Skipping <!-- p72 --> (already translated)
⏭️ Skipping <!-- p73 --> (already translated)
⏭️ Skipping <!-- p74 --> (already translated)
⏭️ Skipping <!-- p75 --> (already translated)
⏭️ Skipping <!-- p76 --> (already translated)
⏭️ Skipping <!-- p77 --> (already translated)
⏭️ Skipping <!-- p78 --> (already translated)
⏭️ Skipping <!-- p79 --> (already translated)
⏭️ Skipping <!-- p80 --> (already translated)
⏭️ Skipping <!-- p81 --> (already translated)
⏭️ Skipping <!-- p82 --> (already translated)
⏭️ Skipping <!-- p83 --> (already translated)
⏭️ Skipping <!-- p84 --> (already translated)
⏭️ Skipping <!-- p85 --> (already translated)
⏭️ Skipping <!-- p86 --> (already translated)
⏭️ Skipping <!-- p87 --> (already translated)
⏭️ Skipping <!-- p88 --> (already translated)
⏭️ Skipping <!-- p89 --> (already translated)
⏭️ Skipping <!-- p90 --> (already translated)
⏭️ Skipping <!-- p91 --> (already translated)
⏭️ Skipping <!-- p92 --> (already translated)
⏭️ Skipping <!-- p93 --> (already translated)
⏭️ Skipping <!-- p94 --> (already translated)
⏭️ Skipping <!-- p95 --> (already translated)
⏭️ Skipping <!-- p96 --> (already translated)
⏭️ Skipping <!-- p97 --> (already translated)
⏭️ Skipping <!-- p98 --> (already translated)
⏭️ Skipping <!-- p99 --> (already translated)
⏭️ Skipping <!-- p100 --> (already translated)
⏭️ Skipping <!-- p101 --> (already translated)
⏭️ Skipping <!-- p102 --> (already translated)
⏭️ Skipping <!-- p103 --> (already translated)
⏭️ Skipping <!-- p104 --> (already translated)
⏭️ Skipping <!-- p105 --> (already translated)
⏭️ Skipping <!-- p106 --> (already translated)
⏭️ Skipping <!-- p107 --> (already translated)
⏭️ Skipping <!-- p108 --> (already translated)
⏭️ Skipping <!-- p109 --> (already translated)
⏭️ Skipping <!-- p110 --> (already translated)
⏭️ Skipping <!-- p111 --> (already translated)
🧮 Token-aware batching: 0 batch(es), budget ~106666 tokens, max batch size 20
✅ Done: /Users/andrew/repo/kli-translation-pipeline_principles-of-faith/japenese/pipeline2/translation/chapters/chapter10_chapter_10_sanctified_prepared_for_god_s_purpose.md (0/112 translated)

📘 Processing chapter11_chapter_11_baptisms_water_and_spirit.md...
📑 Paragraph markers found: 133
⏭️ Skipping <!-- p0 --> (already translated)
⏭️ Skipping <!-- p1 --> (already translated)
⏭️ Skipping <!-- p2 --> (already translated)
⏭️ Skipping <!-- p3 --> (already translated)
⏭️ Skipping <!-- p4 --> (already translated)
⏭️ Skipping <!-- p5 --> (already translated)
⏭️ Skipping <!-- p6 --> (already translated)
⏭️ Skipping <!-- p7 --> (already translated)
⏭️ Skipping <!-- p8 --> (already translated)
⏭️ Skipping <!-- p9 --> (already translated)
⏭️ Skipping <!-- p10 --> (already translated)
⏭️ Skipping <!-- p11 --> (already translated)
⏭️ Skipping <!-- p12 --> (already translated)
⏭️ Skipping <!-- p13 --> (already translated)
⏭️ Skipping <!-- p14 --> (already translated)
⏭️ Skipping <!-- p15 --> (already translated)
⏭️ Skipping <!-- p16 --> (already translated)
⏭️ Skipping <!-- p17 --> (already translated)
⏭️ Skipping <!-- p18 --> (already translated)
⏭️ Skipping <!-- p19 --> (already translated)
⏭️ Skipping <!-- p20 --> (already translated)
⏭️ Skipping <!-- p21 --> (already translated)
⏭️ Skipping <!-- p22 --> (already translated)
⏭️ Skipping <!-- p23 --> (already translated)
⏭️ Skipping <!-- p24 --> (already translated)
⏭️ Skipping <!-- p25 --> (already translated)
⏭️ Skipping <!-- p26 --> (already translated)
⏭️ Skipping <!-- p27 --> (already translated)
⏭️ Skipping <!-- p28 --> (already translated)
⏭️ Skipping <!-- p29 --> (already translated)
⏭️ Skipping <!-- p30 --> (already translated)
⏭️ Skipping <!-- p31 --> (already translated)
⏭️ Skipping <!-- p32 --> (already translated)
⏭️ Skipping <!-- p33 --> (already translated)
⏭️ Skipping <!-- p34 --> (already translated)
⏭️ Skipping <!-- p35 --> (already translated)
⏭️ Skipping <!-- p36 --> (already translated)
⏭️ Skipping <!-- p37 --> (already translated)
⏭️ Skipping <!-- p38 --> (already translated)
⏭️ Skipping <!-- p39 --> (already translated)
⏭️ Skipping <!-- p40 --> (already translated)
⏭️ Skipping <!-- p41 --> (already translated)
⏭️ Skipping <!-- p42 --> (already translated)
⏭️ Skipping <!-- p43 --> (already translated)
⏭️ Skipping <!-- p44 --> (already translated)
⏭️ Skipping <!-- p45 --> (already translated)
⏭️ Skipping <!-- p46 --> (already translated)
⏭️ Skipping <!-- p47 --> (already translated)
⏭️ Skipping <!-- p48 --> (already translated)
⏭️ Skipping <!-- p49 --> (already translated)
⏭️ Skipping <!-- p50 --> (already translated)
⏭️ Skipping <!-- p51 --> (already translated)
⏭️ Skipping <!-- p52 --> (already translated)
⏭️ Skipping <!-- p53 --> (already translated)
⏭️ Skipping <!-- p54 --> (already translated)
⏭️ Skipping <!-- p55 --> (already translated)
⏭️ Skipping <!-- p56 --> (already translated)
⏭️ Skipping <!-- p57 --> (already translated)
⏭️ Skipping <!-- p58 --> (already translated)
⏭️ Skipping <!-- p59 --> (already translated)
⏭️ Skipping <!-- p60 --> (already translated)
⏭️ Skipping <!-- p61 --> (already translated)
⏭️ Skipping <!-- p62 --> (already translated)
⏭️ Skipping <!-- p63 --> (already translated)
⏭️ Skipping <!-- p64 --> (already translated)
⏭️ Skipping <!-- p65 --> (already translated)
⏭️ Skipping <!-- p66 --> (already translated)
⏭️ Skipping <!-- p67 --> (already translated)
⏭️ Skipping <!-- p68 --> (already translated)
⏭️ Skipping <!-- p69 --> (already translated)
⏭️ Skipping <!-- p70 --> (already translated)
⏭️ Skipping <!-- p71 --> (already translated)
⏭️ Skipping <!-- p72 --> (already translated)
⏭️ Skipping <!-- p73 --> (already translated)
⏭️ Skipping <!-- p74 --> (already translated)
⏭️ Skipping <!-- p75 --> (already translated)
⏭️ Skipping <!-- p76 --> (already translated)
⏭️ Skipping <!-- p77 --> (already translated)
⏭️ Skipping <!-- p78 --> (already translated)
⏭️ Skipping <!-- p79 --> (already translated)
⏭️ Skipping <!-- p80 --> (already translated)
⏭️ Skipping <!-- p81 --> (already translated)
⏭️ Skipping <!-- p82 --> (already translated)
⏭️ Skipping <!-- p83 --> (already translated)
⏭️ Skipping <!-- p84 --> (already translated)
⏭️ Skipping <!-- p85 --> (already translated)
⏭️ Skipping <!-- p86 --> (already translated)
⏭️ Skipping <!-- p87 --> (already translated)
⏭️ Skipping <!-- p88 --> (already translated)
⏭️ Skipping <!-- p89 --> (already translated)
⏭️ Skipping <!-- p90 --> (already translated)
⏭️ Skipping <!-- p91 --> (already translated)
⏭️ Skipping <!-- p92 --> (already translated)
⏭️ Skipping <!-- p93 --> (already translated)
⏭️ Skipping <!-- p94 --> (already translated)
⏭️ Skipping <!-- p95 --> (already translated)
⏭️ Skipping <!-- p96 --> (already translated)
⏭️ Skipping <!-- p97 --> (already translated)
⏭️ Skipping <!-- p98 --> (already translated)
⏭️ Skipping <!-- p99 --> (already translated)
⏭️ Skipping <!-- p100 --> (already translated)
⏭️ Skipping <!-- p101 --> (already translated)
⏭️ Skipping <!-- p102 --> (already translated)
⏭️ Skipping <!-- p103 --> (already translated)
⏭️ Skipping <!-- p104 --> (already translated)
⏭️ Skipping <!-- p105 --> (already translated)
⏭️ Skipping <!-- p106 --> (already translated)
⏭️ Skipping <!-- p107 --> (already translated)
⏭️ Skipping <!-- p108 --> (already translated)
⏭️ Skipping <!-- p109 --> (already translated)
⏭️ Skipping <!-- p110 --> (already translated)
⏭️ Skipping <!-- p111 --> (already translated)
⏭️ Skipping <!-- p112 --> (already translated)
⏭️ Skipping <!-- p113 --> (already translated)
⏭️ Skipping <!-- p114 --> (already translated)
⏭️ Skipping <!-- p115 --> (already translated)
⏭️ Skipping <!-- p116 --> (already translated)
⏭️ Skipping <!-- p117 --> (already translated)
⏭️ Skipping <!-- p118 --> (already translated)
⏭️ Skipping <!-- p119 --> (already translated)
⏭️ Skipping <!-- p120 --> (already translated)
⏭️ Skipping <!-- p121 --> (already translated)
⏭️ Skipping <!-- p122 --> (already translated)
⏭️ Skipping <!-- p123 --> (already translated)
⏭️ Skipping <!-- p124 --> (already translated)
⏭️ Skipping <!-- p125 --> (already translated)
⏭️ Skipping <!-- p126 --> (already translated)
⏭️ Skipping <!-- p127 --> (already translated)
⏭️ Skipping <!-- p128 --> (already translated)
⏭️ Skipping <!-- p129 --> (already translated)
⏭️ Skipping <!-- p130 --> (already translated)
⏭️ Skipping <!-- p131 --> (already translated)
⏭️ Skipping <!-- p132 --> (already translated)
🧮 Token-aware batching: 0 batch(es), budget ~106666 tokens, max batch size 20
✅ Done: /Users/andrew/repo/kli-translation-pipeline_principles-of-faith/japenese/pipeline2/translation/chapters/chapter11_chapter_11_baptisms_water_and_spirit.md (0/133 translated)

📘 Processing chapter12_chapter_12_discipleship.md...
📑 Paragraph markers found: 116
⏭️ Skipping <!-- p0 --> (already translated)
⏭️ Skipping <!-- p1 --> (already translated)
⏭️ Skipping <!-- p2 --> (already translated)
⏭️ Skipping <!-- p3 --> (already translated)
⏭️ Skipping <!-- p4 --> (already translated)
⏭️ Skipping <!-- p5 --> (already translated)
⏭️ Skipping <!-- p6 --> (already translated)
⏭️ Skipping <!-- p7 --> (already translated)
⏭️ Skipping <!-- p8 --> (already translated)
⏭️ Skipping <!-- p9 --> (already translated)
⏭️ Skipping <!-- p10 --> (already translated)
⏭️ Skipping <!-- p11 --> (already translated)
⏭️ Skipping <!-- p12 --> (already translated)
⏭️ Skipping <!-- p13 --> (already translated)
⏭️ Skipping <!-- p14 --> (already translated)
⏭️ Skipping <!-- p15 --> (already translated)
⏭️ Skipping <!-- p16 --> (already translated)
⏭️ Skipping <!-- p17 --> (already translated)
⏭️ Skipping <!-- p18 --> (already translated)
⏭️ Skipping <!-- p19 --> (already translated)
⏭️ Skipping <!-- p20 --> (already translated)
⏭️ Skipping <!-- p21 --> (already translated)
⏭️ Skipping <!-- p22 --> (already translated)
⏭️ Skipping <!-- p23 --> (already translated)
⏭️ Skipping <!-- p24 --> (already translated)
⏭️ Skipping <!-- p25 --> (already translated)
⏭️ Skipping <!-- p26 --> (already translated)
⏭️ Skipping <!-- p27 --> (already translated)
⏭️ Skipping <!-- p28 --> (already translated)
⏭️ Skipping <!-- p29 --> (already translated)
⏭️ Skipping <!-- p30 --> (already translated)
⏭️ Skipping <!-- p31 --> (already translated)
⏭️ Skipping <!-- p32 --> (already translated)
⏭️ Skipping <!-- p33 --> (already translated)
⏭️ Skipping <!-- p34 --> (already translated)
⏭️ Skipping <!-- p35 --> (already translated)
⏭️ Skipping <!-- p36 --> (already translated)
⏭️ Skipping <!-- p37 --> (already translated)
⏭️ Skipping <!-- p38 --> (already translated)
⏭️ Skipping <!-- p39 --> (already translated)
⏭️ Skipping <!-- p40 --> (already translated)
⏭️ Skipping <!-- p41 --> (already translated)
⏭️ Skipping <!-- p42 --> (already translated)
⏭️ Skipping <!-- p43 --> (already translated)
⏭️ Skipping <!-- p44 --> (already translated)
⏭️ Skipping <!-- p45 --> (already translated)
⏭️ Skipping <!-- p46 --> (already translated)
⏭️ Skipping <!-- p47 --> (already translated)
⏭️ Skipping <!-- p48 --> (already translated)
⏭️ Skipping <!-- p49 --> (already translated)
⏭️ Skipping <!-- p50 --> (already translated)
⏭️ Skipping <!-- p51 --> (already translated)
⏭️ Skipping <!-- p52 --> (already translated)
⏭️ Skipping <!-- p53 --> (already translated)
⏭️ Skipping <!-- p54 --> (already translated)
⏭️ Skipping <!-- p55 --> (already translated)
⏭️ Skipping <!-- p56 --> (already translated)
⏭️ Skipping <!-- p57 --> (already translated)
⏭️ Skipping <!-- p58 --> (already translated)
⏭️ Skipping <!-- p59 --> (already translated)
⏭️ Skipping <!-- p60 --> (already translated)
⏭️ Skipping <!-- p61 --> (already translated)
⏭️ Skipping <!-- p62 --> (already translated)
⏭️ Skipping <!-- p63 --> (already translated)
⏭️ Skipping <!-- p64 --> (already translated)
⏭️ Skipping <!-- p65 --> (already translated)
⏭️ Skipping <!-- p66 --> (already translated)
⏭️ Skipping <!-- p67 --> (already translated)
⏭️ Skipping <!-- p68 --> (already translated)
⏭️ Skipping <!-- p69 --> (already translated)
⏭️ Skipping <!-- p70 --> (already translated)
⏭️ Skipping <!-- p71 --> (already translated)
⏭️ Skipping <!-- p72 --> (already translated)
⏭️ Skipping <!-- p73 --> (already translated)
⏭️ Skipping <!-- p74 --> (already translated)
⏭️ Skipping <!-- p75 --> (already translated)
⏭️ Skipping <!-- p76 --> (already translated)
⏭️ Skipping <!-- p77 --> (already translated)
⏭️ Skipping <!-- p78 --> (already translated)
⏭️ Skipping <!-- p79 --> (already translated)
⏭️ Skipping <!-- p80 --> (already translated)
⏭️ Skipping <!-- p81 --> (already translated)
⏭️ Skipping <!-- p82 --> (already translated)
⏭️ Skipping <!-- p83 --> (already translated)
⏭️ Skipping <!-- p84 --> (already translated)
⏭️ Skipping <!-- p85 --> (already translated)
⏭️ Skipping <!-- p86 --> (already translated)
⏭️ Skipping <!-- p87 --> (already translated)
⏭️ Skipping <!-- p88 --> (already translated)
⏭️ Skipping <!-- p89 --> (already translated)
⏭️ Skipping <!-- p90 --> (already translated)
⏭️ Skipping <!-- p91 --> (already translated)
⏭️ Skipping <!-- p92 --> (already translated)
⏭️ Skipping <!-- p93 --> (already translated)
⏭️ Skipping <!-- p94 --> (already translated)
⏭️ Skipping <!-- p95 --> (already translated)
⏭️ Skipping <!-- p96 --> (already translated)
⏭️ Skipping <!-- p97 --> (already translated)
⏭️ Skipping <!-- p98 --> (already translated)
⏭️ Skipping <!-- p99 --> (already translated)
⏭️ Skipping <!-- p100 --> (already translated)
⏭️ Skipping <!-- p101 --> (already translated)
⏭️ Skipping <!-- p102 --> (already translated)
⏭️ Skipping <!-- p103 --> (already translated)
⏭️ Skipping <!-- p104 --> (already translated)
⏭️ Skipping <!-- p105 --> (already translated)
⏭️ Skipping <!-- p106 --> (already translated)
⏭️ Skipping <!-- p107 --> (already translated)
⏭️ Skipping <!-- p108 --> (already translated)
⏭️ Skipping <!-- p109 --> (already translated)
⏭️ Skipping <!-- p110 --> (already translated)
⏭️ Skipping <!-- p111 --> (already translated)
⏭️ Skipping <!-- p112 --> (already translated)
⏭️ Skipping <!-- p113 --> (already translated)
⏭️ Skipping <!-- p114 --> (already translated)
⏭️ Skipping <!-- p115 --> (already translated)
🧮 Token-aware batching: 0 batch(es), budget ~106666 tokens, max batch size 20
✅ Done: /Users/andrew/repo/kli-translation-pipeline_principles-of-faith/japenese/pipeline2/translation/chapters/chapter12_chapter_12_discipleship.md (0/116 translated)

📘 Processing chapter13_chapter_13_spiritual_authority.md...
📑 Paragraph markers found: 197
⏭️ Skipping <!-- p0 --> (already translated)
⏭️ Skipping <!-- p1 --> (already translated)
⏭️ Skipping <!-- p2 --> (already translated)
⏭️ Skipping <!-- p3 --> (already translated)
⏭️ Skipping <!-- p4 --> (already translated)
⏭️ Skipping <!-- p5 --> (already translated)
⏭️ Skipping <!-- p6 --> (already translated)
⏭️ Skipping <!-- p7 --> (already translated)
⏭️ Skipping <!-- p8 --> (already translated)
⏭️ Skipping <!-- p9 --> (already translated)
⏭️ Skipping <!-- p10 --> (already translated)
⏭️ Skipping <!-- p11 --> (already translated)
⏭️ Skipping <!-- p12 --> (already translated)
⏭️ Skipping <!-- p13 --> (already translated)
⏭️ Skipping <!-- p14 --> (already translated)
⏭️ Skipping <!-- p15 --> (already translated)
⏭️ Skipping <!-- p16 --> (already translated)
⏭️ Skipping <!-- p17 --> (already translated)
⏭️ Skipping <!-- p18 --> (already translated)
⏭️ Skipping <!-- p19 --> (already translated)
⏭️ Skipping <!-- p20 --> (already translated)
⏭️ Skipping <!-- p21 --> (already translated)
⏭️ Skipping <!-- p22 --> (already translated)
⏭️ Skipping <!-- p23 --> (already translated)
⏭️ Skipping <!-- p24 --> (already translated)
⏭️ Skipping <!-- p25 --> (already translated)
⏭️ Skipping <!-- p26 --> (already translated)
⏭️ Skipping <!-- p27 --> (already translated)
⏭️ Skipping <!-- p28 --> (already translated)
⏭️ Skipping <!-- p29 --> (already translated)
⏭️ Skipping <!-- p30 --> (already translated)
⏭️ Skipping <!-- p31 --> (already translated)
⏭️ Skipping <!-- p32 --> (already translated)
⏭️ Skipping <!-- p33 --> (already translated)
⏭️ Skipping <!-- p34 --> (already translated)
⏭️ Skipping <!-- p35 --> (already translated)
⏭️ Skipping <!-- p36 --> (already translated)
⏭️ Skipping <!-- p37 --> (already translated)
⏭️ Skipping <!-- p38 --> (already translated)
⏭️ Skipping <!-- p39 --> (already translated)
⏭️ Skipping <!-- p40 --> (already translated)
⏭️ Skipping <!-- p41 --> (already translated)
⏭️ Skipping <!-- p42 --> (already translated)
⏭️ Skipping <!-- p43 --> (already translated)
⏭️ Skipping <!-- p44 --> (already translated)
⏭️ Skipping <!-- p45 --> (already translated)
⏭️ Skipping <!-- p46 --> (already translated)
⏭️ Skipping <!-- p47 --> (already translated)
⏭️ Skipping <!-- p48 --> (already translated)
⏭️ Skipping <!-- p49 --> (already translated)
⏭️ Skipping <!-- p50 --> (already translated)
⏭️ Skipping <!-- p51 --> (already translated)
⏭️ Skipping <!-- p52 --> (already translated)
⏭️ Skipping <!-- p53 --> (already translated)
⏭️ Skipping <!-- p54 --> (already translated)
⏭️ Skipping <!-- p55 --> (already translated)
⏭️ Skipping <!-- p56 --> (already translated)
⏭️ Skipping <!-- p57 --> (already translated)
⏭️ Skipping <!-- p58 --> (already translated)
⏭️ Skipping <!-- p59 --> (already translated)
⏭️ Skipping <!-- p60 --> (already translated)
⏭️ Skipping <!-- p61 --> (already translated)
⏭️ Skipping <!-- p62 --> (already translated)
⏭️ Skipping <!-- p63 --> (already translated)
⏭️ Skipping <!-- p64 --> (already translated)
⏭️ Skipping <!-- p65 --> (already translated)
⏭️ Skipping <!-- p66 --> (already translated)
⏭️ Skipping <!-- p67 --> (already translated)
⏭️ Skipping <!-- p68 --> (already translated)
⏭️ Skipping <!-- p69 --> (already translated)
⏭️ Skipping <!-- p70 --> (already translated)
⏭️ Skipping <!-- p71 --> (already translated)
⏭️ Skipping <!-- p72 --> (already translated)
⏭️ Skipping <!-- p73 --> (already translated)
⏭️ Skipping <!-- p74 --> (already translated)
⏭️ Skipping <!-- p75 --> (already translated)
⏭️ Skipping <!-- p76 --> (already translated)
⏭️ Skipping <!-- p77 --> (already translated)
⏭️ Skipping <!-- p78 --> (already translated)
⏭️ Skipping <!-- p79 --> (already translated)
⏭️ Skipping <!-- p80 --> (already translated)
⏭️ Skipping <!-- p81 --> (already translated)
⏭️ Skipping <!-- p82 --> (already translated)
⏭️ Skipping <!-- p83 --> (already translated)
⏭️ Skipping <!-- p84 --> (already translated)
⏭️ Skipping <!-- p85 --> (already translated)
⏭️ Skipping <!-- p86 --> (already translated)
⏭️ Skipping <!-- p87 --> (already translated)
⏭️ Skipping <!-- p88 --> (already translated)
⏭️ Skipping <!-- p89 --> (already translated)
⏭️ Skipping <!-- p90 --> (already translated)
⏭️ Skipping <!-- p91 --> (already translated)
⏭️ Skipping <!-- p92 --> (already translated)
⏭️ Skipping <!-- p93 --> (already translated)
⏭️ Skipping <!-- p94 --> (already translated)
⏭️ Skipping <!-- p95 --> (already translated)
⏭️ Skipping <!-- p96 --> (already translated)
⏭️ Skipping <!-- p97 --> (already translated)
⏭️ Skipping <!-- p98 --> (already translated)
⏭️ Skipping <!-- p99 --> (already translated)
⏭️ Skipping <!-- p100 --> (already translated)
⏭️ Skipping <!-- p101 --> (already translated)
⏭️ Skipping <!-- p102 --> (already translated)
⏭️ Skipping <!-- p103 --> (already translated)
⏭️ Skipping <!-- p104 --> (already translated)
⏭️ Skipping <!-- p105 --> (already translated)
⏭️ Skipping <!-- p106 --> (already translated)
⏭️ Skipping <!-- p107 --> (already translated)
⏭️ Skipping <!-- p108 --> (already translated)
⏭️ Skipping <!-- p109 --> (already translated)
⏭️ Skipping <!-- p110 --> (already translated)
⏭️ Skipping <!-- p111 --> (already translated)
⏭️ Skipping <!-- p112 --> (already translated)
⏭️ Skipping <!-- p113 --> (already translated)
⏭️ Skipping <!-- p114 --> (already translated)
⏭️ Skipping <!-- p115 --> (already translated)
⏭️ Skipping <!-- p116 --> (already translated)
⏭️ Skipping <!-- p117 --> (already translated)
⏭️ Skipping <!-- p118 --> (already translated)
⏭️ Skipping <!-- p119 --> (already translated)
⏭️ Skipping <!-- p120 --> (already translated)
⏭️ Skipping <!-- p121 --> (already translated)
⏭️ Skipping <!-- p122 --> (already translated)
⏭️ Skipping <!-- p123 --> (already translated)
⏭️ Skipping <!-- p124 --> (already translated)
⏭️ Skipping <!-- p125 --> (already translated)
⏭️ Skipping <!-- p126 --> (already translated)
⏭️ Skipping <!-- p127 --> (already translated)
⏭️ Skipping <!-- p128 --> (already translated)
⏭️ Skipping <!-- p129 --> (already translated)
⏭️ Skipping <!-- p130 --> (already translated)
⏭️ Skipping <!-- p131 --> (already translated)
⏭️ Skipping <!-- p132 --> (already translated)
⏭️ Skipping <!-- p133 --> (already translated)
⏭️ Skipping <!-- p134 --> (already translated)
⏭️ Skipping <!-- p135 --> (already translated)
⏭️ Skipping <!-- p136 --> (already translated)
⏭️ Skipping <!-- p137 --> (already translated)
⏭️ Skipping <!-- p138 --> (already translated)
⏭️ Skipping <!-- p139 --> (already translated)
⏭️ Skipping <!-- p140 --> (already translated)
⏭️ Skipping <!-- p141 --> (already translated)
⏭️ Skipping <!-- p142 --> (already translated)
⏭️ Skipping <!-- p143 --> (already translated)
⏭️ Skipping <!-- p144 --> (already translated)
⏭️ Skipping <!-- p145 --> (already translated)
⏭️ Skipping <!-- p146 --> (already translated)
⏭️ Skipping <!-- p147 --> (already translated)
⏭️ Skipping <!-- p148 --> (already translated)
⏭️ Skipping <!-- p149 --> (already translated)
⏭️ Skipping <!-- p150 --> (already translated)
⏭️ Skipping <!-- p151 --> (already translated)
⏭️ Skipping <!-- p152 --> (already translated)
⏭️ Skipping <!-- p153 --> (already translated)
⏭️ Skipping <!-- p154 --> (already translated)
⏭️ Skipping <!-- p155 --> (already translated)
⏭️ Skipping <!-- p156 --> (already translated)
⏭️ Skipping <!-- p157 --> (already translated)
⏭️ Skipping <!-- p158 --> (already translated)
⏭️ Skipping <!-- p159 --> (already translated)
⏭️ Skipping <!-- p160 --> (already translated)
⏭️ Skipping <!-- p161 --> (already translated)
⏭️ Skipping <!-- p162 --> (already translated)
⏭️ Skipping <!-- p163 --> (already translated)
⏭️ Skipping <!-- p164 --> (already translated)
⏭️ Skipping <!-- p165 --> (already translated)
⏭️ Skipping <!-- p166 --> (already translated)
⏭️ Skipping <!-- p167 --> (already translated)
⏭️ Skipping <!-- p168 --> (already translated)
⏭️ Skipping <!-- p169 --> (already translated)
⏭️ Skipping <!-- p170 --> (already translated)
⏭️ Skipping <!-- p171 --> (already translated)
⏭️ Skipping <!-- p172 --> (already translated)
⏭️ Skipping <!-- p173 --> (already translated)
⏭️ Skipping <!-- p174 --> (already translated)
⏭️ Skipping <!-- p175 --> (already translated)
⏭️ Skipping <!-- p176 --> (already translated)
⏭️ Skipping <!-- p177 --> (already translated)
⏭️ Skipping <!-- p178 --> (already translated)
⏭️ Skipping <!-- p179 --> (already translated)
⏭️ Skipping <!-- p180 --> (already translated)
⏭️ Skipping <!-- p181 --> (already translated)
⏭️ Skipping <!-- p182 --> (already translated)
⏭️ Skipping <!-- p183 --> (already translated)
⏭️ Skipping <!-- p184 --> (already translated)
⏭️ Skipping <!-- p185 --> (already translated)
⏭️ Skipping <!-- p186 --> (already translated)
⏭️ Skipping <!-- p187 --> (already translated)
⏭️ Skipping <!-- p188 --> (already translated)
⏭️ Skipping <!-- p189 --> (already translated)
⏭️ Skipping <!-- p190 --> (already translated)
⏭️ Skipping <!-- p191 --> (already translated)
⏭️ Skipping <!-- p192 --> (already translated)
⏭️ Skipping <!-- p193 --> (already translated)
⏭️ Skipping <!-- p194 --> (already translated)
⏭️ Skipping <!-- p195 --> (already translated)
⏭️ Skipping <!-- p196 --> (already translated)
🧮 Token-aware batching: 0 batch(es), budget ~106666 tokens, max batch size 20
✅ Done: /Users/andrew/repo/kli-translation-pipeline_principles-of-faith/japenese/pipeline2/translation/chapters/chapter13_chapter_13_spiritual_authority.md (0/197 translated)

📘 Processing chapter14_back_1_postscript.md...
📑 Paragraph markers found: 12
⏭️ Skipping <!-- p0 --> (already translated)
⏭️ Skipping <!-- p1 --> (already translated)
⏭️ Skipping <!-- p2 --> (already translated)
⏭️ Skipping <!-- p3 --> (already translated)
⏭️ Skipping <!-- p4 --> (already translated)
⏭️ Skipping <!-- p5 --> (already translated)
⏭️ Skipping <!-- p6 --> (already translated)
⏭️ Skipping <!-- p7 --> (already translated)
⏭️ Skipping <!-- p8 --> (already translated)
⏭️ Skipping <!-- p9 --> (already translated)
⏭️ Skipping <!-- p10 --> (already translated)
⏭️ Skipping <!-- p11 --> (already translated)
🧮 Token-aware batching: 0 batch(es), budget ~106666 tokens, max batch size 20
✅ Done: /Users/andrew/repo/kli-translation-pipeline_principles-of-faith/japenese/pipeline2/translation/chapters/chapter14_back_1_postscript.md (0/12 translated)

📘 Processing chapter14_back_3_extended_reference_tables.md...
📑 Paragraph markers found: 5
⏭️ Skipping <!-- p0 --> (already translated)
⏭️ Skipping <!-- p1 --> (already translated)
⏭️ Skipping <!-- p2 --> (already translated)
⏭️ Skipping <!-- p3 --> (already translated)
⏭️ Skipping <!-- p4 --> (already translated)
🧮 Token-aware batching: 0 batch(es), budget ~106666 tokens, max batch size 20
✅ Done: /Users/andrew/repo/kli-translation-pipeline_principles-of-faith/japenese/pipeline2/translation/chapters/chapter14_back_3_extended_reference_tables.md (0/5 translated)

📘 Processing chapter14_back_4_end_of_chapter_activities.md...
📑 Paragraph markers found: 615
⏭️ Skipping <!-- p0 --> (already translated)
⏭️ Skipping <!-- p1 --> (already translated)
⏭️ Skipping <!-- p2 --> (already translated)
⏭️ Skipping <!-- p3 --> (already translated)
⏭️ Skipping <!-- p4 --> (already translated)
⏭️ Skipping <!-- p5 --> (already translated)
⏭️ Skipping <!-- p6 --> (already translated)
⏭️ Skipping <!-- p7 --> (already translated)
⏭️ Skipping <!-- p8 --> (already translated)
⏭️ Skipping <!-- p9 --> (already translated)
⏭️ Skipping <!-- p10 --> (already translated)
⏭️ Skipping <!-- p11 --> (already translated)
⏭️ Skipping <!-- p12 --> (already translated)
⏭️ Skipping <!-- p13 --> (already translated)
⏭️ Skipping <!-- p14 --> (already translated)
⏭️ Skipping <!-- p15 --> (already translated)
⏭️ Skipping <!-- p16 --> (already translated)
⏭️ Skipping <!-- p17 --> (already translated)
⏭️ Skipping <!-- p18 --> (already translated)
⏭️ Skipping <!-- p19 --> (already translated)
⏭️ Skipping <!-- p20 --> (already translated)
⏭️ Skipping <!-- p21 --> (already translated)
⏭️ Skipping <!-- p22 --> (already translated)
⏭️ Skipping <!-- p23 --> (already translated)
⏭️ Skipping <!-- p24 --> (already translated)
⏭️ Skipping <!-- p25 --> (already translated)
⏭️ Skipping <!-- p26 --> (already translated)
⏭️ Skipping <!-- p27 --> (already translated)
⏭️ Skipping <!-- p28 --> (already translated)
⏭️ Skipping <!-- p29 --> (already translated)
⏭️ Skipping <!-- p30 --> (already translated)
⏭️ Skipping <!-- p31 --> (already translated)
⏭️ Skipping <!-- p32 --> (already translated)
⏭️ Skipping <!-- p33 --> (already translated)
⏭️ Skipping <!-- p34 --> (already translated)
⏭️ Skipping <!-- p35 --> (already translated)
⏭️ Skipping <!-- p36 --> (already translated)
⏭️ Skipping <!-- p37 --> (already translated)
⏭️ Skipping <!-- p38 --> (already translated)
⏭️ Skipping <!-- p39 --> (already translated)
⏭️ Skipping <!-- p40 --> (already translated)
⏭️ Skipping <!-- p41 --> (already translated)
⏭️ Skipping <!-- p42 --> (already translated)
⏭️ Skipping <!-- p43 --> (already translated)
⏭️ Skipping <!-- p44 --> (already translated)
⏭️ Skipping <!-- p45 --> (already translated)
⏭️ Skipping <!-- p46 --> (already translated)
⏭️ Skipping <!-- p47 --> (already translated)
⏭️ Skipping <!-- p48 --> (already translated)
⏭️ Skipping <!-- p49 --> (already translated)
⏭️ Skipping <!-- p50 --> (already translated)
⏭️ Skipping <!-- p51 --> (already translated)
⏭️ Skipping <!-- p52 --> (already translated)
⏭️ Skipping <!-- p53 --> (already translated)
⏭️ Skipping <!-- p54 --> (already translated)
⏭️ Skipping <!-- p55 --> (already translated)
⏭️ Skipping <!-- p56 --> (already translated)
⏭️ Skipping <!-- p57 --> (already translated)
⏭️ Skipping <!-- p58 --> (already translated)
⏭️ Skipping <!-- p59 --> (already translated)
⏭️ Skipping <!-- p60 --> (already translated)
⏭️ Skipping <!-- p61 --> (already translated)
⏭️ Skipping <!-- p62 --> (already translated)
⏭️ Skipping <!-- p63 --> (already translated)
⏭️ Skipping <!-- p64 --> (already translated)
⏭️ Skipping <!-- p65 --> (already translated)
⏭️ Skipping <!-- p66 --> (already translated)
⏭️ Skipping <!-- p67 --> (already translated)
⏭️ Skipping <!-- p68 --> (already translated)
⏭️ Skipping <!-- p69 --> (already translated)
⏭️ Skipping <!-- p70 --> (already translated)
⏭️ Skipping <!-- p71 --> (already translated)
⏭️ Skipping <!-- p72 --> (already translated)
⏭️ Skipping <!-- p73 --> (already translated)
⏭️ Skipping <!-- p74 --> (already translated)
⏭️ Skipping <!-- p75 --> (already translated)
⏭️ Skipping <!-- p76 --> (already translated)
⏭️ Skipping <!-- p77 --> (already translated)
⏭️ Skipping <!-- p78 --> (already translated)
⏭️ Skipping <!-- p79 --> (already translated)
⏭️ Skipping <!-- p80 --> (already translated)
⏭️ Skipping <!-- p81 --> (already translated)
⏭️ Skipping <!-- p82 --> (already translated)
⏭️ Skipping <!-- p83 --> (already translated)
⏭️ Skipping <!-- p84 --> (already translated)
⏭️ Skipping <!-- p85 --> (already translated)
⏭️ Skipping <!-- p86 --> (already translated)
⏭️ Skipping <!-- p87 --> (already translated)
⏭️ Skipping <!-- p88 --> (already translated)
⏭️ Skipping <!-- p89 --> (already translated)
⏭️ Skipping <!-- p90 --> (already translated)
⏭️ Skipping <!-- p91 --> (already translated)
⏭️ Skipping <!-- p92 --> (already translated)
⏭️ Skipping <!-- p93 --> (already translated)
⏭️ Skipping <!-- p94 --> (already translated)
⏭️ Skipping <!-- p95 --> (already translated)
⏭️ Skipping <!-- p96 --> (already translated)
⏭️ Skipping <!-- p97 --> (already translated)
⏭️ Skipping <!-- p98 --> (already translated)
⏭️ Skipping <!-- p99 --> (already translated)
⏭️ Skipping <!-- p100 --> (already translated)
⏭️ Skipping <!-- p101 --> (already translated)
⏭️ Skipping <!-- p102 --> (already translated)
⏭️ Skipping <!-- p103 --> (already translated)
⏭️ Skipping <!-- p104 --> (already translated)
⏭️ Skipping <!-- p105 --> (already translated)
⏭️ Skipping <!-- p106 --> (already translated)
⏭️ Skipping <!-- p107 --> (already translated)
⏭️ Skipping <!-- p108 --> (already translated)
⏭️ Skipping <!-- p109 --> (already translated)
⏭️ Skipping <!-- p110 --> (already translated)
⏭️ Skipping <!-- p111 --> (already translated)
⏭️ Skipping <!-- p112 --> (already translated)
⏭️ Skipping <!-- p113 --> (already translated)
⏭️ Skipping <!-- p114 --> (already translated)
⏭️ Skipping <!-- p115 --> (already translated)
⏭️ Skipping <!-- p116 --> (already translated)
⏭️ Skipping <!-- p117 --> (already translated)
⏭️ Skipping <!-- p118 --> (already translated)
⏭️ Skipping <!-- p119 --> (already translated)
⏭️ Skipping <!-- p120 --> (already translated)
⏭️ Skipping <!-- p121 --> (already translated)
⏭️ Skipping <!-- p122 --> (already translated)
⏭️ Skipping <!-- p123 --> (already translated)
⏭️ Skipping <!-- p124 --> (already translated)
⏭️ Skipping <!-- p125 --> (already translated)
⏭️ Skipping <!-- p126 --> (already translated)
⏭️ Skipping <!-- p127 --> (already translated)
⏭️ Skipping <!-- p128 --> (already translated)
⏭️ Skipping <!-- p129 --> (already translated)
⏭️ Skipping <!-- p130 --> (already translated)
⏭️ Skipping <!-- p131 --> (already translated)
⏭️ Skipping <!-- p132 --> (already translated)
⏭️ Skipping <!-- p133 --> (already translated)
⏭️ Skipping <!-- p134 --> (already translated)
⏭️ Skipping <!-- p135 --> (already translated)
⏭️ Skipping <!-- p136 --> (already translated)
⏭️ Skipping <!-- p137 --> (already translated)
⏭️ Skipping <!-- p138 --> (already translated)
⏭️ Skipping <!-- p139 --> (already translated)
⏭️ Skipping <!-- p140 --> (already translated)
⏭️ Skipping <!-- p141 --> (already translated)
⏭️ Skipping <!-- p142 --> (already translated)
⏭️ Skipping <!-- p143 --> (already translated)
⏭️ Skipping <!-- p144 --> (already translated)
⏭️ Skipping <!-- p145 --> (already translated)
⏭️ Skipping <!-- p146 --> (already translated)
⏭️ Skipping <!-- p147 --> (already translated)
⏭️ Skipping <!-- p148 --> (already translated)
⏭️ Skipping <!-- p149 --> (already translated)
⏭️ Skipping <!-- p150 --> (already translated)
⏭️ Skipping <!-- p151 --> (already translated)
⏭️ Skipping <!-- p152 --> (already translated)
⏭️ Skipping <!-- p153 --> (already translated)
⏭️ Skipping <!-- p154 --> (already translated)
⏭️ Skipping <!-- p155 --> (already translated)
⏭️ Skipping <!-- p156 --> (already translated)
⏭️ Skipping <!-- p157 --> (already translated)
⏭️ Skipping <!-- p158 --> (already translated)
⏭️ Skipping <!-- p159 --> (already translated)
⏭️ Skipping <!-- p160 --> (already translated)
⏭️ Skipping <!-- p161 --> (already translated)
⏭️ Skipping <!-- p162 --> (already translated)
⏭️ Skipping <!-- p163 --> (already translated)
⏭️ Skipping <!-- p164 --> (already translated)
⏭️ Skipping <!-- p165 --> (already translated)
⏭️ Skipping <!-- p166 --> (already translated)
⏭️ Skipping <!-- p167 --> (already translated)
⏭️ Skipping <!-- p168 --> (already translated)
⏭️ Skipping <!-- p169 --> (already translated)
⏭️ Skipping <!-- p170 --> (already translated)
⏭️ Skipping <!-- p171 --> (already translated)
⏭️ Skipping <!-- p172 --> (already translated)
⏭️ Skipping <!-- p173 --> (already translated)
⏭️ Skipping <!-- p174 --> (already translated)
⏭️ Skipping <!-- p175 --> (already translated)
⏭️ Skipping <!-- p176 --> (already translated)
⏭️ Skipping <!-- p177 --> (already translated)
⏭️ Skipping <!-- p178 --> (already translated)
⏭️ Skipping <!-- p179 --> (already translated)
⏭️ Skipping <!-- p180 --> (already translated)
⏭️ Skipping <!-- p181 --> (already translated)
⏭️ Skipping <!-- p182 --> (already translated)
⏭️ Skipping <!-- p183 --> (already translated)
⏭️ Skipping <!-- p184 --> (already translated)
⏭️ Skipping <!-- p185 --> (already translated)
⏭️ Skipping <!-- p186 --> (already translated)
⏭️ Skipping <!-- p187 --> (already translated)
⏭️ Skipping <!-- p188 --> (already translated)
⏭️ Skipping <!-- p189 --> (already translated)
⏭️ Skipping <!-- p190 --> (already translated)
⏭️ Skipping <!-- p191 --> (already translated)
⏭️ Skipping <!-- p192 --> (already translated)
⏭️ Skipping <!-- p193 --> (already translated)
⏭️ Skipping <!-- p194 --> (already translated)
⏭️ Skipping <!-- p195 --> (already translated)
⏭️ Skipping <!-- p196 --> (already translated)
⏭️ Skipping <!-- p197 --> (already translated)
⏭️ Skipping <!-- p198 --> (already translated)
⏭️ Skipping <!-- p199 --> (already translated)
⏭️ Skipping <!-- p200 --> (already translated)
⏭️ Skipping <!-- p201 --> (already translated)
⏭️ Skipping <!-- p202 --> (already translated)
⏭️ Skipping <!-- p203 --> (already translated)
⏭️ Skipping <!-- p204 --> (already translated)
⏭️ Skipping <!-- p205 --> (already translated)
⏭️ Skipping <!-- p206 --> (already translated)
⏭️ Skipping <!-- p207 --> (already translated)
⏭️ Skipping <!-- p208 --> (already translated)
⏭️ Skipping <!-- p209 --> (already translated)
⏭️ Skipping <!-- p210 --> (already translated)
⏭️ Skipping <!-- p211 --> (already translated)
⏭️ Skipping <!-- p212 --> (already translated)
⏭️ Skipping <!-- p213 --> (already translated)
⏭️ Skipping <!-- p214 --> (already translated)
⏭️ Skipping <!-- p215 --> (already translated)
⏭️ Skipping <!-- p216 --> (already translated)
⏭️ Skipping <!-- p217 --> (already translated)
⏭️ Skipping <!-- p218 --> (already translated)
⏭️ Skipping <!-- p219 --> (already translated)
⏭️ Skipping <!-- p220 --> (already translated)
⏭️ Skipping <!-- p221 --> (already translated)
⏭️ Skipping <!-- p222 --> (already translated)
⏭️ Skipping <!-- p223 --> (already translated)
⏭️ Skipping <!-- p224 --> (already translated)
⏭️ Skipping <!-- p225 --> (already translated)
⏭️ Skipping <!-- p226 --> (already translated)
⏭️ Skipping <!-- p227 --> (already translated)
⏭️ Skipping <!-- p228 --> (already translated)
⏭️ Skipping <!-- p229 --> (already translated)
⏭️ Skipping <!-- p230 --> (already translated)
⏭️ Skipping <!-- p231 --> (already translated)
⏭️ Skipping <!-- p232 --> (already translated)
⏭️ Skipping <!-- p233 --> (already translated)
⏭️ Skipping <!-- p234 --> (already translated)
⏭️ Skipping <!-- p235 --> (already translated)
⏭️ Skipping <!-- p236 --> (already translated)
⏭️ Skipping <!-- p237 --> (already translated)
⏭️ Skipping <!-- p238 --> (already translated)
⏭️ Skipping <!-- p239 --> (already translated)
⏭️ Skipping <!-- p240 --> (already translated)
⏭️ Skipping <!-- p241 --> (already translated)
⏭️ Skipping <!-- p242 --> (already translated)
⏭️ Skipping <!-- p243 --> (already translated)
⏭️ Skipping <!-- p244 --> (already translated)
⏭️ Skipping <!-- p245 --> (already translated)
⏭️ Skipping <!-- p246 --> (already translated)
⏭️ Skipping <!-- p247 --> (already translated)
⏭️ Skipping <!-- p248 --> (already translated)
⏭️ Skipping <!-- p249 --> (already translated)
⏭️ Skipping <!-- p250 --> (already translated)
⏭️ Skipping <!-- p251 --> (already translated)
⏭️ Skipping <!-- p252 --> (already translated)
⏭️ Skipping <!-- p253 --> (already translated)
⏭️ Skipping <!-- p254 --> (already translated)
⏭️ Skipping <!-- p255 --> (already translated)
⏭️ Skipping <!-- p256 --> (already translated)
⏭️ Skipping <!-- p257 --> (already translated)
⏭️ Skipping <!-- p258 --> (already translated)
⏭️ Skipping <!-- p259 --> (already translated)
⏭️ Skipping <!-- p260 --> (already translated)
⏭️ Skipping <!-- p261 --> (already translated)
⏭️ Skipping <!-- p262 --> (already translated)
⏭️ Skipping <!-- p263 --> (already translated)
⏭️ Skipping <!-- p264 --> (already translated)
⏭️ Skipping <!-- p265 --> (already translated)
⏭️ Skipping <!-- p266 --> (already translated)
⏭️ Skipping <!-- p267 --> (already translated)
⏭️ Skipping <!-- p268 --> (already translated)
⏭️ Skipping <!-- p269 --> (already translated)
⏭️ Skipping <!-- p270 --> (already translated)
⏭️ Skipping <!-- p271 --> (already translated)
⏭️ Skipping <!-- p272 --> (already translated)
⏭️ Skipping <!-- p273 --> (already translated)
⏭️ Skipping <!-- p274 --> (already translated)
⏭️ Skipping <!-- p275 --> (already translated)
⏭️ Skipping <!-- p276 --> (already translated)
⏭️ Skipping <!-- p277 --> (already translated)
⏭️ Skipping <!-- p278 --> (already translated)
⏭️ Skipping <!-- p279 --> (already translated)
⏭️ Skipping <!-- p280 --> (already translated)
⏭️ Skipping <!-- p281 --> (already translated)
⏭️ Skipping <!-- p282 --> (already translated)
⏭️ Skipping <!-- p283 --> (already translated)
⏭️ Skipping <!-- p284 --> (already translated)
⏭️ Skipping <!-- p285 --> (already translated)
⏭️ Skipping <!-- p286 --> (already translated)
⏭️ Skipping <!-- p287 --> (already translated)
⏭️ Skipping <!-- p288 --> (already translated)
⏭️ Skipping <!-- p289 --> (already translated)
⏭️ Skipping <!-- p290 --> (already translated)
⏭️ Skipping <!-- p291 --> (already translated)
⏭️ Skipping <!-- p292 --> (already translated)
⏭️ Skipping <!-- p293 --> (already translated)
⏭️ Skipping <!-- p294 --> (already translated)
⏭️ Skipping <!-- p295 --> (already translated)
⏭️ Skipping <!-- p296 --> (already translated)
⏭️ Skipping <!-- p297 --> (already translated)
⏭️ Skipping <!-- p298 --> (already translated)
⏭️ Skipping <!-- p299 --> (already translated)
⏭️ Skipping <!-- p300 --> (already translated)
⏭️ Skipping <!-- p301 --> (already translated)
⏭️ Skipping <!-- p302 --> (already translated)
⏭️ Skipping <!-- p303 --> (already translated)
⏭️ Skipping <!-- p304 --> (already translated)
⏭️ Skipping <!-- p305 --> (already translated)
⏭️ Skipping <!-- p306 --> (already translated)
⏭️ Skipping <!-- p307 --> (already translated)
⏭️ Skipping <!-- p308 --> (already translated)
⏭️ Skipping <!-- p309 --> (already translated)
⏭️ Skipping <!-- p310 --> (already translated)
⏭️ Skipping <!-- p311 --> (already translated)
⏭️ Skipping <!-- p312 --> (already translated)
⏭️ Skipping <!-- p313 --> (already translated)
⏭️ Skipping <!-- p314 --> (already translated)
⏭️ Skipping <!-- p315 --> (already translated)
⏭️ Skipping <!-- p316 --> (already translated)
⏭️ Skipping <!-- p317 --> (already translated)
⏭️ Skipping <!-- p318 --> (already translated)
⏭️ Skipping <!-- p319 --> (already translated)
⏭️ Skipping <!-- p320 --> (already translated)
⏭️ Skipping <!-- p321 --> (already translated)
⏭️ Skipping <!-- p322 --> (already translated)
⏭️ Skipping <!-- p323 --> (already translated)
⏭️ Skipping <!-- p324 --> (already translated)
⏭️ Skipping <!-- p325 --> (already translated)
⏭️ Skipping <!-- p326 --> (already translated)
⏭️ Skipping <!-- p327 --> (already translated)
⏭️ Skipping <!-- p328 --> (already translated)
⏭️ Skipping <!-- p329 --> (already translated)
⏭️ Skipping <!-- p330 --> (already translated)
⏭️ Skipping <!-- p331 --> (already translated)
⏭️ Skipping <!-- p332 --> (already translated)
⏭️ Skipping <!-- p333 --> (already translated)
⏭️ Skipping <!-- p334 --> (already translated)
⏭️ Skipping <!-- p335 --> (already translated)
⏭️ Skipping <!-- p336 --> (already translated)
⏭️ Skipping <!-- p337 --> (already translated)
⏭️ Skipping <!-- p338 --> (already translated)
⏭️ Skipping <!-- p339 --> (already translated)
⏭️ Skipping <!-- p340 --> (already translated)
⏭️ Skipping <!-- p341 --> (already translated)
⏭️ Skipping <!-- p342 --> (already translated)
⏭️ Skipping <!-- p343 --> (already translated)
⏭️ Skipping <!-- p344 --> (already translated)
⏭️ Skipping <!-- p345 --> (already translated)
⏭️ Skipping <!-- p346 --> (already translated)
⏭️ Skipping <!-- p347 --> (already translated)
⏭️ Skipping <!-- p348 --> (already translated)
⏭️ Skipping <!-- p349 --> (already translated)
⏭️ Skipping <!-- p350 --> (already translated)
⏭️ Skipping <!-- p351 --> (already translated)
⏭️ Skipping <!-- p352 --> (already translated)
⏭️ Skipping <!-- p353 --> (already translated)
⏭️ Skipping <!-- p354 --> (already translated)
⏭️ Skipping <!-- p355 --> (already translated)
⏭️ Skipping <!-- p356 --> (already translated)
⏭️ Skipping <!-- p357 --> (already translated)
⏭️ Skipping <!-- p358 --> (already translated)
⏭️ Skipping <!-- p359 --> (already translated)
⏭️ Skipping <!-- p360 --> (already translated)
⏭️ Skipping <!-- p361 --> (already translated)
⏭️ Skipping <!-- p362 --> (already translated)
⏭️ Skipping <!-- p363 --> (already translated)
⏭️ Skipping <!-- p364 --> (already translated)
⏭️ Skipping <!-- p365 --> (already translated)
⏭️ Skipping <!-- p366 --> (already translated)
⏭️ Skipping <!-- p367 --> (already translated)
⏭️ Skipping <!-- p368 --> (already translated)
⏭️ Skipping <!-- p369 --> (already translated)
⏭️ Skipping <!-- p370 --> (already translated)
⏭️ Skipping <!-- p371 --> (already translated)
⏭️ Skipping <!-- p372 --> (already translated)
⏭️ Skipping <!-- p373 --> (already translated)
⏭️ Skipping <!-- p374 --> (already translated)
⏭️ Skipping <!-- p375 --> (already translated)
⏭️ Skipping <!-- p376 --> (already translated)
⏭️ Skipping <!-- p377 --> (already translated)
⏭️ Skipping <!-- p378 --> (already translated)
⏭️ Skipping <!-- p379 --> (already translated)
⏭️ Skipping <!-- p380 --> (already translated)
⏭️ Skipping <!-- p381 --> (already translated)
⏭️ Skipping <!-- p382 --> (already translated)
⏭️ Skipping <!-- p383 --> (already translated)
⏭️ Skipping <!-- p384 --> (already translated)
⏭️ Skipping <!-- p385 --> (already translated)
⏭️ Skipping <!-- p386 --> (already translated)
⏭️ Skipping <!-- p387 --> (already translated)
⏭️ Skipping <!-- p388 --> (already translated)
⏭️ Skipping <!-- p389 --> (already translated)
⏭️ Skipping <!-- p390 --> (already translated)
⏭️ Skipping <!-- p391 --> (already translated)
⏭️ Skipping <!-- p392 --> (already translated)
⏭️ Skipping <!-- p393 --> (already translated)
⏭️ Skipping <!-- p394 --> (already translated)
⏭️ Skipping <!-- p395 --> (already translated)
⏭️ Skipping <!-- p396 --> (already translated)
⏭️ Skipping <!-- p397 --> (already translated)
⏭️ Skipping <!-- p398 --> (already translated)
⏭️ Skipping <!-- p399 --> (already translated)
⏭️ Skipping <!-- p400 --> (already translated)
⏭️ Skipping <!-- p401 --> (already translated)
⏭️ Skipping <!-- p402 --> (already translated)
⏭️ Skipping <!-- p403 --> (already translated)
⏭️ Skipping <!-- p404 --> (already translated)
⏭️ Skipping <!-- p405 --> (already translated)
⏭️ Skipping <!-- p406 --> (already translated)
⏭️ Skipping <!-- p407 --> (already translated)
⏭️ Skipping <!-- p408 --> (already translated)
⏭️ Skipping <!-- p409 --> (already translated)
⏭️ Skipping <!-- p410 --> (already translated)
⏭️ Skipping <!-- p411 --> (already translated)
⏭️ Skipping <!-- p412 --> (already translated)
⏭️ Skipping <!-- p413 --> (already translated)
⏭️ Skipping <!-- p414 --> (already translated)
⏭️ Skipping <!-- p415 --> (already translated)
⏭️ Skipping <!-- p416 --> (already translated)
⏭️ Skipping <!-- p417 --> (already translated)
⏭️ Skipping <!-- p418 --> (already translated)
⏭️ Skipping <!-- p419 --> (already translated)
⏭️ Skipping <!-- p420 --> (already translated)
⏭️ Skipping <!-- p421 --> (already translated)
⏭️ Skipping <!-- p422 --> (already translated)
⏭️ Skipping <!-- p423 --> (already translated)
⏭️ Skipping <!-- p424 --> (already translated)
⏭️ Skipping <!-- p425 --> (already translated)
⏭️ Skipping <!-- p426 --> (already translated)
⏭️ Skipping <!-- p427 --> (already translated)
⏭️ Skipping <!-- p428 --> (already translated)
⏭️ Skipping <!-- p429 --> (already translated)
⏭️ Skipping <!-- p430 --> (already translated)
⏭️ Skipping <!-- p431 --> (already translated)
⏭️ Skipping <!-- p432 --> (already translated)
⏭️ Skipping <!-- p433 --> (already translated)
⏭️ Skipping <!-- p434 --> (already translated)
⏭️ Skipping <!-- p435 --> (already translated)
⏭️ Skipping <!-- p436 --> (already translated)
⏭️ Skipping <!-- p437 --> (already translated)
⏭️ Skipping <!-- p438 --> (already translated)
⏭️ Skipping <!-- p439 --> (already translated)
⏭️ Skipping <!-- p440 --> (already translated)
⏭️ Skipping <!-- p441 --> (already translated)
⏭️ Skipping <!-- p442 --> (already translated)
⏭️ Skipping <!-- p443 --> (already translated)
⏭️ Skipping <!-- p444 --> (already translated)
⏭️ Skipping <!-- p445 --> (already translated)
⏭️ Skipping <!-- p446 --> (already translated)
⏭️ Skipping <!-- p447 --> (already translated)
⏭️ Skipping <!-- p448 --> (already translated)
⏭️ Skipping <!-- p449 --> (already translated)
⏭️ Skipping <!-- p450 --> (already translated)
⏭️ Skipping <!-- p451 --> (already translated)
⏭️ Skipping <!-- p452 --> (already translated)
⏭️ Skipping <!-- p453 --> (already translated)
⏭️ Skipping <!-- p454 --> (already translated)
⏭️ Skipping <!-- p455 --> (already translated)
⏭️ Skipping <!-- p456 --> (already translated)
⏭️ Skipping <!-- p457 --> (already translated)
⏭️ Skipping <!-- p458 --> (already translated)
⏭️ Skipping <!-- p459 --> (already translated)
⏭️ Skipping <!-- p460 --> (already translated)
⏭️ Skipping <!-- p461 --> (already translated)
⏭️ Skipping <!-- p462 --> (already translated)
⏭️ Skipping <!-- p463 --> (already translated)
⏭️ Skipping <!-- p464 --> (already translated)
⏭️ Skipping <!-- p465 --> (already translated)
⏭️ Skipping <!-- p466 --> (already translated)
⏭️ Skipping <!-- p467 --> (already translated)
⏭️ Skipping <!-- p468 --> (already translated)
⏭️ Skipping <!-- p469 --> (already translated)
⏭️ Skipping <!-- p470 --> (already translated)
⏭️ Skipping <!-- p471 --> (already translated)
⏭️ Skipping <!-- p472 --> (already translated)
⏭️ Skipping <!-- p473 --> (already translated)
⏭️ Skipping <!-- p474 --> (already translated)
⏭️ Skipping <!-- p475 --> (already translated)
⏭️ Skipping <!-- p476 --> (already translated)
⏭️ Skipping <!-- p477 --> (already translated)
⏭️ Skipping <!-- p478 --> (already translated)
⏭️ Skipping <!-- p479 --> (already translated)
⏭️ Skipping <!-- p480 --> (already translated)
⏭️ Skipping <!-- p481 --> (already translated)
⏭️ Skipping <!-- p482 --> (already translated)
⏭️ Skipping <!-- p483 --> (already translated)
⏭️ Skipping <!-- p484 --> (already translated)
⏭️ Skipping <!-- p485 --> (already translated)
⏭️ Skipping <!-- p486 --> (already translated)
⏭️ Skipping <!-- p487 --> (already translated)
⏭️ Skipping <!-- p488 --> (already translated)
⏭️ Skipping <!-- p489 --> (already translated)
⏭️ Skipping <!-- p490 --> (already translated)
⏭️ Skipping <!-- p491 --> (already translated)
⏭️ Skipping <!-- p492 --> (already translated)
⏭️ Skipping <!-- p493 --> (already translated)
⏭️ Skipping <!-- p494 --> (already translated)
⏭️ Skipping <!-- p495 --> (already translated)
⏭️ Skipping <!-- p496 --> (already translated)
⏭️ Skipping <!-- p497 --> (already translated)
⏭️ Skipping <!-- p498 --> (already translated)
⏭️ Skipping <!-- p499 --> (already translated)
⏭️ Skipping <!-- p500 --> (already translated)
⏭️ Skipping <!-- p501 --> (already translated)
⏭️ Skipping <!-- p502 --> (already translated)
⏭️ Skipping <!-- p503 --> (already translated)
⏭️ Skipping <!-- p504 --> (already translated)
⏭️ Skipping <!-- p505 --> (already translated)
⏭️ Skipping <!-- p506 --> (already translated)
⏭️ Skipping <!-- p507 --> (already translated)
⏭️ Skipping <!-- p508 --> (already translated)
⏭️ Skipping <!-- p509 --> (already translated)
⏭️ Skipping <!-- p510 --> (already translated)
⏭️ Skipping <!-- p511 --> (already translated)
⏭️ Skipping <!-- p512 --> (already translated)
⏭️ Skipping <!-- p513 --> (already translated)
⏭️ Skipping <!-- p514 --> (already translated)
⏭️ Skipping <!-- p515 --> (already translated)
⏭️ Skipping <!-- p516 --> (already translated)
⏭️ Skipping <!-- p517 --> (already translated)
⏭️ Skipping <!-- p518 --> (already translated)
⏭️ Skipping <!-- p519 --> (already translated)
⏭️ Skipping <!-- p520 --> (already translated)
⏭️ Skipping <!-- p521 --> (already translated)
⏭️ Skipping <!-- p522 --> (already translated)
⏭️ Skipping <!-- p523 --> (already translated)
⏭️ Skipping <!-- p524 --> (already translated)
⏭️ Skipping <!-- p525 --> (already translated)
⏭️ Skipping <!-- p526 --> (already translated)
⏭️ Skipping <!-- p527 --> (already translated)
⏭️ Skipping <!-- p528 --> (already translated)
⏭️ Skipping <!-- p529 --> (already translated)
⏭️ Skipping <!-- p530 --> (already translated)
⏭️ Skipping <!-- p531 --> (already translated)
⏭️ Skipping <!-- p532 --> (already translated)
⏭️ Skipping <!-- p533 --> (already translated)
⏭️ Skipping <!-- p534 --> (already translated)
⏭️ Skipping <!-- p535 --> (already translated)
⏭️ Skipping <!-- p536 --> (already translated)
⏭️ Skipping <!-- p537 --> (already translated)
⏭️ Skipping <!-- p538 --> (already translated)
⏭️ Skipping <!-- p539 --> (already translated)
⏭️ Skipping <!-- p540 --> (already translated)
⏭️ Skipping <!-- p541 --> (already translated)
⏭️ Skipping <!-- p542 --> (already translated)
⏭️ Skipping <!-- p543 --> (already translated)
⏭️ Skipping <!-- p544 --> (already translated)
⏭️ Skipping <!-- p545 --> (already translated)
⏭️ Skipping <!-- p546 --> (already translated)
⏭️ Skipping <!-- p547 --> (already translated)
⏭️ Skipping <!-- p548 --> (already translated)
⏭️ Skipping <!-- p549 --> (already translated)
⏭️ Skipping <!-- p550 --> (already translated)
⏭️ Skipping <!-- p551 --> (already translated)
⏭️ Skipping <!-- p552 --> (already translated)
⏭️ Skipping <!-- p553 --> (already translated)
⏭️ Skipping <!-- p554 --> (already translated)
⏭️ Skipping <!-- p555 --> (already translated)
⏭️ Skipping <!-- p556 --> (already translated)
⏭️ Skipping <!-- p557 --> (already translated)
⏭️ Skipping <!-- p558 --> (already translated)
⏭️ Skipping <!-- p559 --> (already translated)
⏭️ Skipping <!-- p560 --> (already translated)
⏭️ Skipping <!-- p561 --> (already translated)
⏭️ Skipping <!-- p562 --> (already translated)
⏭️ Skipping <!-- p563 --> (already translated)
⏭️ Skipping <!-- p564 --> (already translated)
⏭️ Skipping <!-- p565 --> (already translated)
⏭️ Skipping <!-- p566 --> (already translated)
⏭️ Skipping <!-- p567 --> (already translated)
⏭️ Skipping <!-- p568 --> (already translated)
⏭️ Skipping <!-- p569 --> (already translated)
⏭️ Skipping <!-- p570 --> (already translated)
⏭️ Skipping <!-- p571 --> (already translated)
⏭️ Skipping <!-- p572 --> (already translated)
⏭️ Skipping <!-- p573 --> (already translated)
⏭️ Skipping <!-- p574 --> (already translated)
⏭️ Skipping <!-- p575 --> (already translated)
⏭️ Skipping <!-- p576 --> (already translated)
⏭️ Skipping <!-- p577 --> (already translated)
⏭️ Skipping <!-- p578 --> (already translated)
⏭️ Skipping <!-- p579 --> (already translated)
⏭️ Skipping <!-- p580 --> (already translated)
⏭️ Skipping <!-- p581 --> (already translated)
⏭️ Skipping <!-- p582 --> (already translated)
⏭️ Skipping <!-- p583 --> (already translated)
⏭️ Skipping <!-- p584 --> (already translated)
⏭️ Skipping <!-- p585 --> (already translated)
⏭️ Skipping <!-- p586 --> (already translated)
⏭️ Skipping <!-- p587 --> (already translated)
⏭️ Skipping <!-- p588 --> (already translated)
⏭️ Skipping <!-- p589 --> (already translated)
⏭️ Skipping <!-- p590 --> (already translated)
⏭️ Skipping <!-- p591 --> (already translated)
⏭️ Skipping <!-- p592 --> (already translated)
⏭️ Skipping <!-- p593 --> (already translated)
⏭️ Skipping <!-- p594 --> (already translated)
⏭️ Skipping <!-- p595 --> (already translated)
⏭️ Skipping <!-- p596 --> (already translated)
⏭️ Skipping <!-- p597 --> (already translated)
⏭️ Skipping <!-- p598 --> (already translated)
⏭️ Skipping <!-- p599 --> (already translated)
⏭️ Skipping <!-- p600 --> (already translated)
⏭️ Skipping <!-- p601 --> (already translated)
⏭️ Skipping <!-- p602 --> (already translated)
⏭️ Skipping <!-- p603 --> (already translated)
⏭️ Skipping <!-- p604 --> (already translated)
⏭️ Skipping <!-- p605 --> (already translated)
⏭️ Skipping <!-- p606 --> (already translated)
⏭️ Skipping <!-- p607 --> (already translated)
⏭️ Skipping <!-- p608 --> (already translated)
⏭️ Skipping <!-- p609 --> (already translated)
⏭️ Skipping <!-- p610 --> (already translated)
⏭️ Skipping <!-- p611 --> (already translated)
⏭️ Skipping <!-- p612 --> (already translated)
⏭️ Skipping <!-- p613 --> (already translated)
⏭️ Skipping <!-- p614 --> (already translated)
🧮 Token-aware batching: 0 batch(es), budget ~106666 tokens, max batch size 20
✅ Done: /Users/andrew/repo/kli-translation-pipeline_principles-of-faith/japenese/pipeline2/translation/chapters/chapter14_back_4_end_of_chapter_activities.md (0/615 translated)

📘 Processing chapter14_back_5_hearing_the_voice_of_god.md...
📑 Paragraph markers found: 49
⏭️ Skipping <!-- p0 --> (already translated)
⏭️ Skipping <!-- p1 --> (already translated)
⏭️ Skipping <!-- p2 --> (already translated)
⏭️ Skipping <!-- p3 --> (already translated)
⏭️ Skipping <!-- p4 --> (already translated)
⏭️ Skipping <!-- p5 --> (already translated)
⏭️ Skipping <!-- p6 --> (already translated)
⏭️ Skipping <!-- p7 --> (already translated)
⏭️ Skipping <!-- p8 --> (already translated)
⏭️ Skipping <!-- p9 --> (already translated)
⏭️ Skipping <!-- p10 --> (already translated)
⏭️ Skipping <!-- p11 --> (already translated)
⏭️ Skipping <!-- p12 --> (already translated)
⏭️ Skipping <!-- p13 --> (already translated)
⏭️ Skipping <!-- p14 --> (already translated)
⏭️ Skipping <!-- p15 --> (already translated)
⏭️ Skipping <!-- p16 --> (already translated)
⏭️ Skipping <!-- p17 --> (already translated)
⏭️ Skipping <!-- p18 --> (already translated)
⏭️ Skipping <!-- p19 --> (already translated)
⏭️ Skipping <!-- p20 --> (already translated)
⏭️ Skipping <!-- p21 --> (already translated)
⏭️ Skipping <!-- p22 --> (already translated)
⏭️ Skipping <!-- p23 --> (already translated)
⏭️ Skipping <!-- p24 --> (already translated)
⏭️ Skipping <!-- p25 --> (already translated)
⏭️ Skipping <!-- p26 --> (already translated)
⏭️ Skipping <!-- p27 --> (already translated)
⏭️ Skipping <!-- p28 --> (already translated)
⏭️ Skipping <!-- p29 --> (already translated)
⏭️ Skipping <!-- p30 --> (already translated)
⏭️ Skipping <!-- p31 --> (already translated)
⏭️ Skipping <!-- p32 --> (already translated)
⏭️ Skipping <!-- p33 --> (already translated)
⏭️ Skipping <!-- p34 --> (already translated)
⏭️ Skipping <!-- p35 --> (already translated)
⏭️ Skipping <!-- p36 --> (already translated)
⏭️ Skipping <!-- p37 --> (already translated)
⏭️ Skipping <!-- p38 --> (already translated)
⏭️ Skipping <!-- p39 --> (already translated)
⏭️ Skipping <!-- p40 --> (already translated)
⏭️ Skipping <!-- p41 --> (already translated)
⏭️ Skipping <!-- p42 --> (already translated)
⏭️ Skipping <!-- p43 --> (already translated)
⏭️ Skipping <!-- p44 --> (already translated)
⏭️ Skipping <!-- p45 --> (already translated)
⏭️ Skipping <!-- p46 --> (already translated)
⏭️ Skipping <!-- p47 --> (already translated)
⏭️ Skipping <!-- p48 --> (already translated)
🧮 Token-aware batching: 0 batch(es), budget ~106666 tokens, max batch size 20
✅ Done: /Users/andrew/repo/kli-translation-pipeline_principles-of-faith/japenese/pipeline2/translation/chapters/chapter14_back_5_hearing_the_voice_of_god.md (0/49 translated)

📘 Processing chapter14_chapter_14_keep_watch.md...
📑 Paragraph markers found: 109
⏭️ Skipping <!-- p0 --> (already translated)
⏭️ Skipping <!-- p1 --> (already translated)
⏭️ Skipping <!-- p2 --> (already translated)
⏭️ Skipping <!-- p3 --> (already translated)
⏭️ Skipping <!-- p4 --> (already translated)
⏭️ Skipping <!-- p5 --> (already translated)
⏭️ Skipping <!-- p6 --> (already translated)
⏭️ Skipping <!-- p7 --> (already translated)
⏭️ Skipping <!-- p8 --> (already translated)
⏭️ Skipping <!-- p9 --> (already translated)
⏭️ Skipping <!-- p10 --> (already translated)
⏭️ Skipping <!-- p11 --> (already translated)
⏭️ Skipping <!-- p12 --> (already translated)
⏭️ Skipping <!-- p13 --> (already translated)
⏭️ Skipping <!-- p14 --> (already translated)
⏭️ Skipping <!-- p15 --> (already translated)
⏭️ Skipping <!-- p16 --> (already translated)
⏭️ Skipping <!-- p17 --> (already translated)
⏭️ Skipping <!-- p18 --> (already translated)
⏭️ Skipping <!-- p19 --> (already translated)
⏭️ Skipping <!-- p20 --> (already translated)
⏭️ Skipping <!-- p21 --> (already translated)
⏭️ Skipping <!-- p22 --> (already translated)
⏭️ Skipping <!-- p23 --> (already translated)
⏭️ Skipping <!-- p24 --> (already translated)
⏭️ Skipping <!-- p25 --> (already translated)
⏭️ Skipping <!-- p26 --> (already translated)
⏭️ Skipping <!-- p27 --> (already translated)
⏭️ Skipping <!-- p28 --> (already translated)
⏭️ Skipping <!-- p29 --> (already translated)
⏭️ Skipping <!-- p30 --> (already translated)
⏭️ Skipping <!-- p31 --> (already translated)
⏭️ Skipping <!-- p32 --> (already translated)
⏭️ Skipping <!-- p33 --> (already translated)
⏭️ Skipping <!-- p34 --> (already translated)
⏭️ Skipping <!-- p35 --> (already translated)
⏭️ Skipping <!-- p36 --> (already translated)
⏭️ Skipping <!-- p37 --> (already translated)
⏭️ Skipping <!-- p38 --> (already translated)
⏭️ Skipping <!-- p39 --> (already translated)
⏭️ Skipping <!-- p40 --> (already translated)
⏭️ Skipping <!-- p41 --> (already translated)
⏭️ Skipping <!-- p42 --> (already translated)
⏭️ Skipping <!-- p43 --> (already translated)
⏭️ Skipping <!-- p44 --> (already translated)
⏭️ Skipping <!-- p45 --> (already translated)
⏭️ Skipping <!-- p46 --> (already translated)
⏭️ Skipping <!-- p47 --> (already translated)
⏭️ Skipping <!-- p48 --> (already translated)
⏭️ Skipping <!-- p49 --> (already translated)
⏭️ Skipping <!-- p50 --> (already translated)
⏭️ Skipping <!-- p51 --> (already translated)
⏭️ Skipping <!-- p52 --> (already translated)
⏭️ Skipping <!-- p53 --> (already translated)
⏭️ Skipping <!-- p54 --> (already translated)
⏭️ Skipping <!-- p55 --> (already translated)
⏭️ Skipping <!-- p56 --> (already translated)
⏭️ Skipping <!-- p57 --> (already translated)
⏭️ Skipping <!-- p58 --> (already translated)
⏭️ Skipping <!-- p59 --> (already translated)
⏭️ Skipping <!-- p60 --> (already translated)
⏭️ Skipping <!-- p61 --> (already translated)
⏭️ Skipping <!-- p62 --> (already translated)
⏭️ Skipping <!-- p63 --> (already translated)
⏭️ Skipping <!-- p64 --> (already translated)
⏭️ Skipping <!-- p65 --> (already translated)
⏭️ Skipping <!-- p66 --> (already translated)
⏭️ Skipping <!-- p67 --> (already translated)
⏭️ Skipping <!-- p68 --> (already translated)
⏭️ Skipping <!-- p69 --> (already translated)
⏭️ Skipping <!-- p70 --> (already translated)
⏭️ Skipping <!-- p71 --> (already translated)
⏭️ Skipping <!-- p72 --> (already translated)
⏭️ Skipping <!-- p73 --> (already translated)
⏭️ Skipping <!-- p74 --> (already translated)
⏭️ Skipping <!-- p75 --> (already translated)
⏭️ Skipping <!-- p76 --> (already translated)
⏭️ Skipping <!-- p77 --> (already translated)
⏭️ Skipping <!-- p78 --> (already translated)
⏭️ Skipping <!-- p79 --> (already translated)
⏭️ Skipping <!-- p80 --> (already translated)
⏭️ Skipping <!-- p81 --> (already translated)
⏭️ Skipping <!-- p82 --> (already translated)
⏭️ Skipping <!-- p83 --> (already translated)
⏭️ Skipping <!-- p84 --> (already translated)
⏭️ Skipping <!-- p85 --> (already translated)
⏭️ Skipping <!-- p86 --> (already translated)
⏭️ Skipping <!-- p87 --> (already translated)
⏭️ Skipping <!-- p88 --> (already translated)
⏭️ Skipping <!-- p89 --> (already translated)
⏭️ Skipping <!-- p90 --> (already translated)
⏭️ Skipping <!-- p91 --> (already translated)
⏭️ Skipping <!-- p92 --> (already translated)
⏭️ Skipping <!-- p93 --> (already translated)
⏭️ Skipping <!-- p94 --> (already translated)
⏭️ Skipping <!-- p95 --> (already translated)
⏭️ Skipping <!-- p96 --> (already translated)
⏭️ Skipping <!-- p97 --> (already translated)
⏭️ Skipping <!-- p98 --> (already translated)
⏭️ Skipping <!-- p99 --> (already translated)
⏭️ Skipping <!-- p100 --> (already translated)
⏭️ Skipping <!-- p101 --> (already translated)
⏭️ Skipping <!-- p102 --> (already translated)
⏭️ Skipping <!-- p103 --> (already translated)
⏭️ Skipping <!-- p104 --> (already translated)
⏭️ Skipping <!-- p105 --> (already translated)
⏭️ Skipping <!-- p106 --> (already translated)
⏭️ Skipping <!-- p107 --> (already translated)
⏭️ Skipping <!-- p108 --> (already translated)
🧮 Token-aware batching: 0 batch(es), budget ~106666 tokens, max batch size 20
✅ Done: /Users/andrew/repo/kli-translation-pipeline_principles-of-faith/japenese/pipeline2/translation/chapters/chapter14_chapter_14_keep_watch.md (0/109 translated)

📘 Processing chapter1_chapter_1_sound_doctrine_matters.md...
📑 Paragraph markers found: 116
⏭️ Skipping <!-- p0 --> (already translated)
⏭️ Skipping <!-- p1 --> (already translated)
⏭️ Skipping <!-- p2 --> (already translated)
⏭️ Skipping <!-- p3 --> (already translated)
⏭️ Skipping <!-- p4 --> (already translated)
⏭️ Skipping <!-- p5 --> (already translated)
⏭️ Skipping <!-- p6 --> (already translated)
⏭️ Skipping <!-- p7 --> (already translated)
⏭️ Skipping <!-- p8 --> (already translated)
⏭️ Skipping <!-- p9 --> (already translated)
⏭️ Skipping <!-- p10 --> (already translated)
⏭️ Skipping <!-- p11 --> (already translated)
⏭️ Skipping <!-- p12 --> (already translated)
⏭️ Skipping <!-- p13 --> (already translated)
⏭️ Skipping <!-- p14 --> (already translated)
⏭️ Skipping <!-- p15 --> (already translated)
⏭️ Skipping <!-- p16 --> (already translated)
⏭️ Skipping <!-- p17 --> (already translated)
⏭️ Skipping <!-- p18 --> (already translated)
⏭️ Skipping <!-- p19 --> (already translated)
⏭️ Skipping <!-- p20 --> (already translated)
⏭️ Skipping <!-- p21 --> (already translated)
⏭️ Skipping <!-- p22 --> (already translated)
⏭️ Skipping <!-- p23 --> (already translated)
⏭️ Skipping <!-- p24 --> (already translated)
⏭️ Skipping <!-- p25 --> (already translated)
⏭️ Skipping <!-- p26 --> (already translated)
⏭️ Skipping <!-- p27 --> (already translated)
⏭️ Skipping <!-- p28 --> (already translated)
⏭️ Skipping <!-- p29 --> (already translated)
⏭️ Skipping <!-- p30 --> (already translated)
⏭️ Skipping <!-- p31 --> (already translated)
⏭️ Skipping <!-- p32 --> (already translated)
⏭️ Skipping <!-- p33 --> (already translated)
⏭️ Skipping <!-- p34 --> (already translated)
⏭️ Skipping <!-- p35 --> (already translated)
⏭️ Skipping <!-- p36 --> (already translated)
⏭️ Skipping <!-- p37 --> (already translated)
⏭️ Skipping <!-- p38 --> (already translated)
⏭️ Skipping <!-- p39 --> (already translated)
⏭️ Skipping <!-- p40 --> (already translated)
⏭️ Skipping <!-- p41 --> (already translated)
⏭️ Skipping <!-- p42 --> (already translated)
⏭️ Skipping <!-- p43 --> (already translated)
⏭️ Skipping <!-- p44 --> (already translated)
⏭️ Skipping <!-- p45 --> (already translated)
⏭️ Skipping <!-- p46 --> (already translated)
⏭️ Skipping <!-- p47 --> (already translated)
⏭️ Skipping <!-- p48 --> (already translated)
⏭️ Skipping <!-- p49 --> (already translated)
⏭️ Skipping <!-- p50 --> (already translated)
⏭️ Skipping <!-- p51 --> (already translated)
⏭️ Skipping <!-- p52 --> (already translated)
⏭️ Skipping <!-- p53 --> (already translated)
⏭️ Skipping <!-- p54 --> (already translated)
⏭️ Skipping <!-- p55 --> (already translated)
⏭️ Skipping <!-- p56 --> (already translated)
⏭️ Skipping <!-- p57 --> (already translated)
⏭️ Skipping <!-- p58 --> (already translated)
⏭️ Skipping <!-- p59 --> (already translated)
⏭️ Skipping <!-- p60 --> (already translated)
⏭️ Skipping <!-- p61 --> (already translated)
⏭️ Skipping <!-- p62 --> (already translated)
⏭️ Skipping <!-- p63 --> (already translated)
⏭️ Skipping <!-- p64 --> (already translated)
⏭️ Skipping <!-- p65 --> (already translated)
⏭️ Skipping <!-- p66 --> (already translated)
⏭️ Skipping <!-- p67 --> (already translated)
⏭️ Skipping <!-- p68 --> (already translated)
⏭️ Skipping <!-- p69 --> (already translated)
⏭️ Skipping <!-- p70 --> (already translated)
⏭️ Skipping <!-- p71 --> (already translated)
⏭️ Skipping <!-- p72 --> (already translated)
⏭️ Skipping <!-- p73 --> (already translated)
⏭️ Skipping <!-- p74 --> (already translated)
⏭️ Skipping <!-- p75 --> (already translated)
⏭️ Skipping <!-- p76 --> (already translated)
⏭️ Skipping <!-- p77 --> (already translated)
⏭️ Skipping <!-- p78 --> (already translated)
⏭️ Skipping <!-- p79 --> (already translated)
⏭️ Skipping <!-- p80 --> (already translated)
⏭️ Skipping <!-- p81 --> (already translated)
⏭️ Skipping <!-- p82 --> (already translated)
⏭️ Skipping <!-- p83 --> (already translated)
⏭️ Skipping <!-- p84 --> (already translated)
⏭️ Skipping <!-- p85 --> (already translated)
⏭️ Skipping <!-- p86 --> (already translated)
⏭️ Skipping <!-- p87 --> (already translated)
⏭️ Skipping <!-- p88 --> (already translated)
⏭️ Skipping <!-- p89 --> (already translated)
⏭️ Skipping <!-- p90 --> (already translated)
⏭️ Skipping <!-- p91 --> (already translated)
⏭️ Skipping <!-- p92 --> (already translated)
⏭️ Skipping <!-- p93 --> (already translated)
⏭️ Skipping <!-- p94 --> (already translated)
⏭️ Skipping <!-- p95 --> (already translated)
⏭️ Skipping <!-- p96 --> (already translated)
⏭️ Skipping <!-- p97 --> (already translated)
⏭️ Skipping <!-- p98 --> (already translated)
⏭️ Skipping <!-- p99 --> (already translated)
⏭️ Skipping <!-- p100 --> (already translated)
⏭️ Skipping <!-- p101 --> (already translated)
⏭️ Skipping <!-- p102 --> (already translated)
⏭️ Skipping <!-- p103 --> (already translated)
⏭️ Skipping <!-- p104 --> (already translated)
⏭️ Skipping <!-- p105 --> (already translated)
⏭️ Skipping <!-- p106 --> (already translated)
⏭️ Skipping <!-- p107 --> (already translated)
⏭️ Skipping <!-- p108 --> (already translated)
⏭️ Skipping <!-- p109 --> (already translated)
⏭️ Skipping <!-- p110 --> (already translated)
⏭️ Skipping <!-- p111 --> (already translated)
⏭️ Skipping <!-- p112 --> (already translated)
⏭️ Skipping <!-- p113 --> (already translated)
⏭️ Skipping <!-- p114 --> (already translated)
⏭️ Skipping <!-- p115 --> (already translated)
🧮 Token-aware batching: 0 batch(es), budget ~106666 tokens, max batch size 20
✅ Done: /Users/andrew/repo/kli-translation-pipeline_principles-of-faith/japenese/pipeline2/translation/chapters/chapter1_chapter_1_sound_doctrine_matters.md (0/116 translated)

📘 Processing chapter2_chapter_2_god_eternal_creator_and_loving_father.md...
📑 Paragraph markers found: 70
⏭️ Skipping <!-- p0 --> (already translated)
⏭️ Skipping <!-- p1 --> (already translated)
⏭️ Skipping <!-- p2 --> (already translated)
⏭️ Skipping <!-- p3 --> (already translated)
⏭️ Skipping <!-- p4 --> (already translated)
⏭️ Skipping <!-- p5 --> (already translated)
⏭️ Skipping <!-- p6 --> (already translated)
⏭️ Skipping <!-- p7 --> (already translated)
⏭️ Skipping <!-- p8 --> (already translated)
⏭️ Skipping <!-- p9 --> (already translated)
⏭️ Skipping <!-- p10 --> (already translated)
⏭️ Skipping <!-- p11 --> (already translated)
⏭️ Skipping <!-- p12 --> (already translated)
⏭️ Skipping <!-- p13 --> (already translated)
⏭️ Skipping <!-- p14 --> (already translated)
⏭️ Skipping <!-- p15 --> (already translated)
⏭️ Skipping <!-- p16 --> (already translated)
⏭️ Skipping <!-- p17 --> (already translated)
⏭️ Skipping <!-- p18 --> (already translated)
⏭️ Skipping <!-- p19 --> (already translated)
⏭️ Skipping <!-- p20 --> (already translated)
⏭️ Skipping <!-- p21 --> (already translated)
⏭️ Skipping <!-- p22 --> (already translated)
⏭️ Skipping <!-- p23 --> (already translated)
⏭️ Skipping <!-- p24 --> (already translated)
⏭️ Skipping <!-- p25 --> (already translated)
⏭️ Skipping <!-- p26 --> (already translated)
⏭️ Skipping <!-- p27 --> (already translated)
⏭️ Skipping <!-- p28 --> (already translated)
⏭️ Skipping <!-- p29 --> (already translated)
⏭️ Skipping <!-- p30 --> (already translated)
⏭️ Skipping <!-- p31 --> (already translated)
⏭️ Skipping <!-- p32 --> (already translated)
⏭️ Skipping <!-- p33 --> (already translated)
⏭️ Skipping <!-- p34 --> (already translated)
⏭️ Skipping <!-- p35 --> (already translated)
⏭️ Skipping <!-- p36 --> (already translated)
⏭️ Skipping <!-- p37 --> (already translated)
⏭️ Skipping <!-- p38 --> (already translated)
⏭️ Skipping <!-- p39 --> (already translated)
⏭️ Skipping <!-- p40 --> (already translated)
⏭️ Skipping <!-- p41 --> (already translated)
⏭️ Skipping <!-- p42 --> (already translated)
⏭️ Skipping <!-- p43 --> (already translated)
⏭️ Skipping <!-- p44 --> (already translated)
⏭️ Skipping <!-- p45 --> (already translated)
⏭️ Skipping <!-- p46 --> (already translated)
⏭️ Skipping <!-- p47 --> (already translated)
⏭️ Skipping <!-- p48 --> (already translated)
⏭️ Skipping <!-- p49 --> (already translated)
⏭️ Skipping <!-- p50 --> (already translated)
⏭️ Skipping <!-- p51 --> (already translated)
⏭️ Skipping <!-- p52 --> (already translated)
⏭️ Skipping <!-- p53 --> (already translated)
⏭️ Skipping <!-- p54 --> (already translated)
⏭️ Skipping <!-- p55 --> (already translated)
⏭️ Skipping <!-- p56 --> (already translated)
⏭️ Skipping <!-- p57 --> (already translated)
⏭️ Skipping <!-- p58 --> (already translated)
⏭️ Skipping <!-- p59 --> (already translated)
⏭️ Skipping <!-- p60 --> (already translated)
⏭️ Skipping <!-- p61 --> (already translated)
⏭️ Skipping <!-- p62 --> (already translated)
⏭️ Skipping <!-- p63 --> (already translated)
⏭️ Skipping <!-- p64 --> (already translated)
⏭️ Skipping <!-- p65 --> (already translated)
⏭️ Skipping <!-- p66 --> (already translated)
⏭️ Skipping <!-- p67 --> (already translated)
⏭️ Skipping <!-- p68 --> (already translated)
⏭️ Skipping <!-- p69 --> (already translated)
🧮 Token-aware batching: 0 batch(es), budget ~106666 tokens, max batch size 20
✅ Done: /Users/andrew/repo/kli-translation-pipeline_principles-of-faith/japenese/pipeline2/translation/chapters/chapter2_chapter_2_god_eternal_creator_and_loving_father.md (0/70 translated)

📘 Processing chapter3_chapter_3_sin_and_redemption.md...
📑 Paragraph markers found: 111
⏭️ Skipping <!-- p0 --> (already translated)
⏭️ Skipping <!-- p1 --> (already translated)
⏭️ Skipping <!-- p2 --> (already translated)
⏭️ Skipping <!-- p3 --> (already translated)
⏭️ Skipping <!-- p4 --> (already translated)
⏭️ Skipping <!-- p5 --> (already translated)
⏭️ Skipping <!-- p6 --> (already translated)
⏭️ Skipping <!-- p7 --> (already translated)
⏭️ Skipping <!-- p8 --> (already translated)
⏭️ Skipping <!-- p9 --> (already translated)
⏭️ Skipping <!-- p10 --> (already translated)
⏭️ Skipping <!-- p11 --> (already translated)
⏭️ Skipping <!-- p12 --> (already translated)
⏭️ Skipping <!-- p13 --> (already translated)
⏭️ Skipping <!-- p14 --> (already translated)
⏭️ Skipping <!-- p15 --> (already translated)
⏭️ Skipping <!-- p16 --> (already translated)
⏭️ Skipping <!-- p17 --> (already translated)
⏭️ Skipping <!-- p18 --> (already translated)
⏭️ Skipping <!-- p19 --> (already translated)
⏭️ Skipping <!-- p20 --> (already translated)
⏭️ Skipping <!-- p21 --> (already translated)
⏭️ Skipping <!-- p22 --> (already translated)
⏭️ Skipping <!-- p23 --> (already translated)
⏭️ Skipping <!-- p24 --> (already translated)
⏭️ Skipping <!-- p25 --> (already translated)
⏭️ Skipping <!-- p26 --> (already translated)
⏭️ Skipping <!-- p27 --> (already translated)
⏭️ Skipping <!-- p28 --> (already translated)
⏭️ Skipping <!-- p29 --> (already translated)
⏭️ Skipping <!-- p30 --> (already translated)
⏭️ Skipping <!-- p31 --> (already translated)
⏭️ Skipping <!-- p32 --> (already translated)
⏭️ Skipping <!-- p33 --> (already translated)
⏭️ Skipping <!-- p34 --> (already translated)
⏭️ Skipping <!-- p35 --> (already translated)
⏭️ Skipping <!-- p36 --> (already translated)
⏭️ Skipping <!-- p37 --> (already translated)
⏭️ Skipping <!-- p38 --> (already translated)
⏭️ Skipping <!-- p39 --> (already translated)
⏭️ Skipping <!-- p40 --> (already translated)
⏭️ Skipping <!-- p41 --> (already translated)
⏭️ Skipping <!-- p42 --> (already translated)
⏭️ Skipping <!-- p43 --> (already translated)
⏭️ Skipping <!-- p44 --> (already translated)
⏭️ Skipping <!-- p45 --> (already translated)
⏭️ Skipping <!-- p46 --> (already translated)
⏭️ Skipping <!-- p47 --> (already translated)
⏭️ Skipping <!-- p48 --> (already translated)
⏭️ Skipping <!-- p49 --> (already translated)
⏭️ Skipping <!-- p50 --> (already translated)
⏭️ Skipping <!-- p51 --> (already translated)
⏭️ Skipping <!-- p52 --> (already translated)
⏭️ Skipping <!-- p53 --> (already translated)
⏭️ Skipping <!-- p54 --> (already translated)
⏭️ Skipping <!-- p55 --> (already translated)
⏭️ Skipping <!-- p56 --> (already translated)
⏭️ Skipping <!-- p57 --> (already translated)
⏭️ Skipping <!-- p58 --> (already translated)
⏭️ Skipping <!-- p59 --> (already translated)
⏭️ Skipping <!-- p60 --> (already translated)
⏭️ Skipping <!-- p61 --> (already translated)
⏭️ Skipping <!-- p62 --> (already translated)
⏭️ Skipping <!-- p63 --> (already translated)
⏭️ Skipping <!-- p64 --> (already translated)
⏭️ Skipping <!-- p65 --> (already translated)
⏭️ Skipping <!-- p66 --> (already translated)
⏭️ Skipping <!-- p67 --> (already translated)
⏭️ Skipping <!-- p68 --> (already translated)
⏭️ Skipping <!-- p69 --> (already translated)
⏭️ Skipping <!-- p70 --> (already translated)
⏭️ Skipping <!-- p71 --> (already translated)
⏭️ Skipping <!-- p72 --> (already translated)
⏭️ Skipping <!-- p73 --> (already translated)
⏭️ Skipping <!-- p74 --> (already translated)
⏭️ Skipping <!-- p75 --> (already translated)
⏭️ Skipping <!-- p76 --> (already translated)
⏭️ Skipping <!-- p77 --> (already translated)
⏭️ Skipping <!-- p78 --> (already translated)
⏭️ Skipping <!-- p79 --> (already translated)
⏭️ Skipping <!-- p80 --> (already translated)
⏭️ Skipping <!-- p81 --> (already translated)
⏭️ Skipping <!-- p82 --> (already translated)
⏭️ Skipping <!-- p87 --> (already translated)
⏭️ Skipping <!-- p88 --> (already translated)
⏭️ Skipping <!-- p89 --> (already translated)
⏭️ Skipping <!-- p90 --> (already translated)
⏭️ Skipping <!-- p91 --> (already translated)
⏭️ Skipping <!-- p92 --> (already translated)
⏭️ Skipping <!-- p93 --> (already translated)
⏭️ Skipping <!-- p94 --> (already translated)
⏭️ Skipping <!-- p95 --> (already translated)
⏭️ Skipping <!-- p96 --> (already translated)
⏭️ Skipping <!-- p97 --> (already translated)
⏭️ Skipping <!-- p98 --> (already translated)
⏭️ Skipping <!-- p99 --> (already translated)
⏭️ Skipping <!-- p100 --> (already translated)
⏭️ Skipping <!-- p101 --> (already translated)
⏭️ Skipping <!-- p102 --> (already translated)
⏭️ Skipping <!-- p103 --> (already translated)
⏭️ Skipping <!-- p104 --> (already translated)
⏭️ Skipping <!-- p105 --> (already translated)
⏭️ Skipping <!-- p106 --> (already translated)
⏭️ Skipping <!-- p107 --> (already translated)
⏭️ Skipping <!-- p108 --> (already translated)
⏭️ Skipping <!-- p109 --> (already translated)
⏭️ Skipping <!-- p110 --> (already translated)
⏭️ Skipping <!-- p111 --> (already translated)
⏭️ Skipping <!-- p112 --> (already translated)
⏭️ Skipping <!-- p113 --> (already translated)
⏭️ Skipping <!-- p114 --> (already translated)
🧮 Token-aware batching: 0 batch(es), budget ~106666 tokens, max batch size 20
✅ Done: /Users/andrew/repo/kli-translation-pipeline_principles-of-faith/japenese/pipeline2/translation/chapters/chapter3_chapter_3_sin_and_redemption.md (0/111 translated)

📘 Processing chapter4_chapter_4_jesus_the_messiah.md...
📑 Paragraph markers found: 105
🧮 Token-aware batching: 6 batch(es), budget ~106666 tokens, max batch size 20
🟦 Translating batch 1/6 (20 paras, ~1333 tokens input)...
🟦 Translating batch 2/6 (20 paras, ~1467 tokens input)...
🟦 Translating batch 3/6 (20 paras, ~761 tokens input)...
🟦 Translating batch 4/6 (20 paras, ~1420 tokens input)...
🟦 Translating batch 5/6 (20 paras, ~1027 tokens input)...
🟦 Translating batch 6/6 (5 paras, ~383 tokens input)...
✅ Done: /Users/andrew/repo/kli-translation-pipeline_principles-of-faith/japenese/pipeline2/translation/chapters/chapter4_chapter_4_jesus_the_messiah.md (105/105 translated)

📘 Processing chapter5_chapter_5_repentance_from_dead_works.md...
📑 Paragraph markers found: 148
🧮 Token-aware batching: 8 batch(es), budget ~106666 tokens, max batch size 20
🟦 Translating batch 1/8 (20 paras, ~789 tokens input)...
🟦 Translating batch 2/8 (20 paras, ~700 tokens input)...
🟦 Translating batch 3/8 (20 paras, ~790 tokens input)...
🟦 Translating batch 4/8 (20 paras, ~809 tokens input)...
🟦 Translating batch 5/8 (20 paras, ~1178 tokens input)...
🟦 Translating batch 6/8 (20 paras, ~1108 tokens input)...
🟦 Translating batch 7/8 (20 paras, ~1670 tokens input)...
🟦 Translating batch 8/8 (8 paras, ~567 tokens input)...
✅ Done: /Users/andrew/repo/kli-translation-pipeline_principles-of-faith/japenese/pipeline2/translation/chapters/chapter5_chapter_5_repentance_from_dead_works.md (148/148 translated)

📘 Processing chapter6_chapter_6_faith_toward_god.md...
📑 Paragraph markers found: 169
🧮 Token-aware batching: 9 batch(es), budget ~106666 tokens, max batch size 20
🟦 Translating batch 1/9 (20 paras, ~949 tokens input)...
🟦 Translating batch 2/9 (20 paras, ~1243 tokens input)...
🟦 Translating batch 3/9 (20 paras, ~1977 tokens input)...
🟦 Translating batch 4/9 (20 paras, ~828 tokens input)...
🟦 Translating batch 5/9 (20 paras, ~1326 tokens input)...
🟦 Translating batch 6/9 (20 paras, ~1150 tokens input)...
🟦 Translating batch 7/9 (20 paras, ~650 tokens input)...
🟦 Translating batch 8/9 (20 paras, ~1148 tokens input)...
🟦 Translating batch 9/9 (9 paras, ~358 tokens input)...
✅ Done: /Users/andrew/repo/kli-translation-pipeline_principles-of-faith/japenese/pipeline2/translation/chapters/chapter6_chapter_6_faith_toward_god.md (169/169 translated)

📘 Processing chapter7_chapter_7_jesus_the_foundation_of_our_faith.md...
📑 Paragraph markers found: 78
🧮 Token-aware batching: 4 batch(es), budget ~106666 tokens, max batch size 20
🟦 Translating batch 1/4 (20 paras, ~2812 tokens input)...
🟦 Translating batch 2/4 (20 paras, ~3067 tokens input)...
🟦 Translating batch 3/4 (20 paras, ~2399 tokens input)...
🟦 Translating batch 4/4 (18 paras, ~966 tokens input)...
✅ Done: /Users/andrew/repo/kli-translation-pipeline_principles-of-faith/japenese/pipeline2/translation/chapters/chapter7_chapter_7_jesus_the_foundation_of_our_faith.md (78/78 translated)

📘 Processing chapter8_chapter_8_holy_spirit_comforter_guide_and_power.md...
📑 Paragraph markers found: 147
🧮 Token-aware batching: 8 batch(es), budget ~106666 tokens, max batch size 20
🟦 Translating batch 1/8 (20 paras, ~1930 tokens input)...
🟦 Translating batch 2/8 (20 paras, ~1663 tokens input)...
🟦 Translating batch 3/8 (20 paras, ~1738 tokens input)...
🟦 Translating batch 4/8 (20 paras, ~1061 tokens input)...
🟦 Translating batch 5/8 (20 paras, ~934 tokens input)...
🟦 Translating batch 6/8 (20 paras, ~857 tokens input)...
🟦 Translating batch 7/8 (20 paras, ~832 tokens input)...
🟦 Translating batch 8/8 (7 paras, ~298 tokens input)...
✅ Done: /Users/andrew/repo/kli-translation-pipeline_principles-of-faith/japenese/pipeline2/translation/chapters/chapter8_chapter_8_holy_spirit_comforter_guide_and_power.md (147/147 translated)

📘 Processing chapter9_chapter_9_the_church_our_role_in_it.md...
📑 Paragraph markers found: 195
🧮 Token-aware batching: 10 batch(es), budget ~106666 tokens, max batch size 20
🟦 Translating batch 1/10 (20 paras, ~901 tokens input)...
🟦 Translating batch 2/10 (20 paras, ~1912 tokens input)...
🟦 Translating batch 3/10 (20 paras, ~1682 tokens input)...
🟦 Translating batch 4/10 (20 paras, ~1627 tokens input)...
🟦 Translating batch 5/10 (20 paras, ~1734 tokens input)...
🟦 Translating batch 6/10 (20 paras, ~1346 tokens input)...
🟦 Translating batch 7/10 (20 paras, ~1941 tokens input)...
🟦 Translating batch 8/10 (20 paras, ~854 tokens input)...
🟦 Translating batch 9/10 (20 paras, ~1357 tokens input)...
🟦 Translating batch 10/10 (15 paras, ~782 tokens input)...
✅ Done: /Users/andrew/repo/kli-translation-pipeline_principles-of-faith/japenese/pipeline2/translation/chapters/chapter9_chapter_9_the_church_our_role_in_it.md (195/195 translated)

🎯 All files processed.
⚠️  Unknown model for tokenizer; using cl100k_base.

📘 Processing chapter0_0_intro.md...
📑 Paragraph markers found: 20
🧮 Token-aware batching: 1 batch(es), budget ~106666 tokens, max batch size 20
🟦 Translating batch 1/1 (20 paras, ~1120 tokens input)...
✅ Done: /Users/andrew/repo/kli-translation-pipeline_principles-of-faith/japenese/pipeline2/backtranslation/chapters/chapter0_0_intro.md (20/20 translated)

📘 Processing chapter0_1_dedication.md...
📑 Paragraph markers found: 3
🧮 Token-aware batching: 1 batch(es), budget ~106666 tokens, max batch size 20
🟦 Translating batch 1/1 (3 paras, ~131 tokens input)...
✅ Done: /Users/andrew/repo/kli-translation-pipeline_principles-of-faith/japenese/pipeline2/backtranslation/chapters/chapter0_1_dedication.md (3/3 translated)

📘 Processing chapter0_2_acknowledgements.md...
📑 Paragraph markers found: 4
🧮 Token-aware batching: 1 batch(es), budget ~106666 tokens, max batch size 20
🟦 Translating batch 1/1 (4 paras, ~359 tokens input)...
✅ Done: /Users/andrew/repo/kli-translation-pipeline_principles-of-faith/japenese/pipeline2/backtranslation/chapters/chapter0_2_acknowledgements.md (4/4 translated)

📘 Processing chapter0_3_table_of_contents.md...
📑 Paragraph markers found: 26
🧮 Token-aware batching: 2 batch(es), budget ~106666 tokens, max batch size 20
🟦 Translating batch 1/2 (20 paras, ~797 tokens input)...
🟦 Translating batch 2/2 (6 paras, ~168 tokens input)...
✅ Done: /Users/andrew/repo/kli-translation-pipeline_principles-of-faith/japenese/pipeline2/backtranslation/chapters/chapter0_3_table_of_contents.md (26/26 translated)

📘 Processing chapter0_4_list_of_tables.md...
📑 Paragraph markers found: 13
🧮 Token-aware batching: 1 batch(es), budget ~106666 tokens, max batch size 20
🟦 Translating batch 1/1 (13 paras, ~645 tokens input)...
✅ Done: /Users/andrew/repo/kli-translation-pipeline_principles-of-faith/japenese/pipeline2/backtranslation/chapters/chapter0_4_list_of_tables.md (13/13 translated)

📘 Processing chapter0_5_foreword.md...
📑 Paragraph markers found: 6
🧮 Token-aware batching: 1 batch(es), budget ~106666 tokens, max batch size 20
🟦 Translating batch 1/1 (6 paras, ~642 tokens input)...
✅ Done: /Users/andrew/repo/kli-translation-pipeline_principles-of-faith/japenese/pipeline2/backtranslation/chapters/chapter0_5_foreword.md (6/6 translated)

📘 Processing chapter0_6_preface.md...
📑 Paragraph markers found: 69
🧮 Token-aware batching: 4 batch(es), budget ~106666 tokens, max batch size 20
🟦 Translating batch 1/4 (20 paras, ~2727 tokens input)...
🟦 Translating batch 2/4 (20 paras, ~1883 tokens input)...
🟦 Translating batch 3/4 (20 paras, ~1429 tokens input)...
🟦 Translating batch 4/4 (9 paras, ~1258 tokens input)...
✅ Done: /Users/andrew/repo/kli-translation-pipeline_principles-of-faith/japenese/pipeline2/backtranslation/chapters/chapter0_6_preface.md (69/69 translated)

📘 Processing chapter10_chapter_10_sanctified_prepared_for_god_s_purpose.md...
📑 Paragraph markers found: 112
🧮 Token-aware batching: 6 batch(es), budget ~106666 tokens, max batch size 20
🟦 Translating batch 1/6 (20 paras, ~2272 tokens input)...
🟦 Translating batch 2/6 (20 paras, ~3134 tokens input)...
🟦 Translating batch 3/6 (20 paras, ~2328 tokens input)...
🟦 Translating batch 4/6 (20 paras, ~1713 tokens input)...
🟦 Translating batch 5/6 (20 paras, ~2018 tokens input)...
🟦 Translating batch 6/6 (12 paras, ~1097 tokens input)...
✅ Done: /Users/andrew/repo/kli-translation-pipeline_principles-of-faith/japenese/pipeline2/backtranslation/chapters/chapter10_chapter_10_sanctified_prepared_for_god_s_purpose.md (112/112 translated)

📘 Processing chapter11_chapter_11_baptisms_water_and_spirit.md...
📑 Paragraph markers found: 133
🧮 Token-aware batching: 7 batch(es), budget ~106666 tokens, max batch size 20
🟦 Translating batch 1/7 (20 paras, ~4834 tokens input)...
🟦 Translating batch 2/7 (20 paras, ~4544 tokens input)...
🟦 Translating batch 3/7 (20 paras, ~2255 tokens input)...
🟦 Translating batch 4/7 (20 paras, ~1592 tokens input)...
🟦 Translating batch 5/7 (20 paras, ~1756 tokens input)...
🟦 Translating batch 6/7 (20 paras, ~3339 tokens input)...
🟦 Translating batch 7/7 (13 paras, ~1128 tokens input)...
✅ Done: /Users/andrew/repo/kli-translation-pipeline_principles-of-faith/japenese/pipeline2/backtranslation/chapters/chapter11_chapter_11_baptisms_water_and_spirit.md (133/133 translated)

📘 Processing chapter12_chapter_12_discipleship.md...
📑 Paragraph markers found: 116
🧮 Token-aware batching: 6 batch(es), budget ~106666 tokens, max batch size 20
🟦 Translating batch 1/6 (20 paras, ~2809 tokens input)...
🟦 Translating batch 2/6 (20 paras, ~2012 tokens input)...
🟦 Translating batch 3/6 (20 paras, ~2092 tokens input)...
🟦 Translating batch 4/6 (20 paras, ~3074 tokens input)...
🟦 Translating batch 5/6 (20 paras, ~3759 tokens input)...
🟦 Translating batch 6/6 (16 paras, ~1991 tokens input)...
✅ Done: /Users/andrew/repo/kli-translation-pipeline_principles-of-faith/japenese/pipeline2/backtranslation/chapters/chapter12_chapter_12_discipleship.md (116/116 translated)

📘 Processing chapter13_chapter_13_spiritual_authority.md...
📑 Paragraph markers found: 197
🧮 Token-aware batching: 10 batch(es), budget ~106666 tokens, max batch size 20
🟦 Translating batch 1/10 (20 paras, ~1206 tokens input)...
🟦 Translating batch 2/10 (20 paras, ~1240 tokens input)...
🟦 Translating batch 3/10 (20 paras, ~1768 tokens input)...
🟦 Translating batch 4/10 (20 paras, ~1994 tokens input)...
🟦 Translating batch 5/10 (20 paras, ~1803 tokens input)...
🟦 Translating batch 6/10 (20 paras, ~3713 tokens input)...
🟦 Translating batch 7/10 (20 paras, ~2515 tokens input)...
🟦 Translating batch 8/10 (20 paras, ~2982 tokens input)...
🟦 Translating batch 9/10 (20 paras, ~2302 tokens input)...
🟦 Translating batch 10/10 (17 paras, ~2079 tokens input)...
✅ Done: /Users/andrew/repo/kli-translation-pipeline_principles-of-faith/japenese/pipeline2/backtranslation/chapters/chapter13_chapter_13_spiritual_authority.md (197/197 translated)

📘 Processing chapter14_back_1_postscript.md...
📑 Paragraph markers found: 12
🧮 Token-aware batching: 1 batch(es), budget ~106666 tokens, max batch size 20
🟦 Translating batch 1/1 (12 paras, ~1146 tokens input)...
✅ Done: /Users/andrew/repo/kli-translation-pipeline_principles-of-faith/japenese/pipeline2/backtranslation/chapters/chapter14_back_1_postscript.md (12/12 translated)

📘 Processing chapter14_back_3_extended_reference_tables.md...
📑 Paragraph markers found: 5
🧮 Token-aware batching: 1 batch(es), budget ~106666 tokens, max batch size 20
🟦 Translating batch 1/1 (5 paras, ~184 tokens input)...
✅ Done: /Users/andrew/repo/kli-translation-pipeline_principles-of-faith/japenese/pipeline2/backtranslation/chapters/chapter14_back_3_extended_reference_tables.md (5/5 translated)

📘 Processing chapter14_back_4_end_of_chapter_activities.md...
📑 Paragraph markers found: 615
🧮 Token-aware batching: 31 batch(es), budget ~106666 tokens, max batch size 20
🟦 Translating batch 1/31 (20 paras, ~1107 tokens input)...
🟦 Translating batch 2/31 (20 paras, ~892 tokens input)...
🟦 Translating batch 3/31 (20 paras, ~1100 tokens input)...
🟦 Translating batch 4/31 (20 paras, ~818 tokens input)...
🟦 Translating batch 5/31 (20 paras, ~946 tokens input)...
🟦 Translating batch 6/31 (20 paras, ~984 tokens input)...
🟦 Translating batch 7/31 (20 paras, ~684 tokens input)...
🟦 Translating batch 8/31 (20 paras, ~1065 tokens input)...
🟦 Translating batch 9/31 (20 paras, ~1137 tokens input)...
🟦 Translating batch 10/31 (20 paras, ~633 tokens input)...
🟦 Translating batch 11/31 (20 paras, ~694 tokens input)...
🟦 Translating batch 12/31 (20 paras, ~770 tokens input)...
🟦 Translating batch 13/31 (20 paras, ~956 tokens input)...
🟦 Translating batch 14/31 (20 paras, ~720 tokens input)...
🟦 Translating batch 15/31 (20 paras, ~1009 tokens input)...
🟦 Translating batch 16/31 (20 paras, ~887 tokens input)...
🟦 Translating batch 17/31 (20 paras, ~668 tokens input)...
🟦 Translating batch 18/31 (20 paras, ~802 tokens input)...
🟦 Translating batch 19/31 (20 paras, ~745 tokens input)...
🟦 Translating batch 20/31 (20 paras, ~841 tokens input)...
🟦 Translating batch 21/31 (20 paras, ~935 tokens input)...
🟦 Translating batch 22/31 (20 paras, ~821 tokens input)...
🟦 Translating batch 23/31 (20 paras, ~883 tokens input)...
🟦 Translating batch 24/31 (20 paras, ~912 tokens input)...
🟦 Translating batch 25/31 (20 paras, ~761 tokens input)...
🟦 Translating batch 26/31 (20 paras, ~719 tokens input)...
🟦 Translating batch 27/31 (20 paras, ~1069 tokens input)...
🟦 Translating batch 28/31 (20 paras, ~930 tokens input)...
🟦 Translating batch 29/31 (20 paras, ~1027 tokens input)...
🟦 Translating batch 30/31 (20 paras, ~736 tokens input)...
🟦 Translating batch 31/31 (15 paras, ~562 tokens input)...
✅ Done: /Users/andrew/repo/kli-translation-pipeline_principles-of-faith/japenese/pipeline2/backtranslation/chapters/chapter14_back_4_end_of_chapter_activities.md (615/615 translated)

📘 Processing chapter14_back_5_hearing_the_voice_of_god.md...
📑 Paragraph markers found: 49
🧮 Token-aware batching: 3 batch(es), budget ~106666 tokens, max batch size 20
🟦 Translating batch 1/3 (20 paras, ~1703 tokens input)...
🟦 Translating batch 2/3 (20 paras, ~4453 tokens input)...
🟦 Translating batch 3/3 (9 paras, ~538 tokens input)...
✅ Done: /Users/andrew/repo/kli-translation-pipeline_principles-of-faith/japenese/pipeline2/backtranslation/chapters/chapter14_back_5_hearing_the_voice_of_god.md (49/49 translated)

📘 Processing chapter14_chapter_14_keep_watch.md...
📑 Paragraph markers found: 109
🧮 Token-aware batching: 6 batch(es), budget ~106666 tokens, max batch size 20
🟦 Translating batch 1/6 (20 paras, ~1117 tokens input)...
🟦 Translating batch 2/6 (20 paras, ~1042 tokens input)...
🟦 Translating batch 3/6 (20 paras, ~1993 tokens input)...
🟦 Translating batch 4/6 (20 paras, ~951 tokens input)...
🟦 Translating batch 5/6 (20 paras, ~1433 tokens input)...
🟦 Translating batch 6/6 (9 paras, ~897 tokens input)...
✅ Done: /Users/andrew/repo/kli-translation-pipeline_principles-of-faith/japenese/pipeline2/backtranslation/chapters/chapter14_chapter_14_keep_watch.md (109/109 translated)

📘 Processing chapter1_chapter_1_sound_doctrine_matters.md...
📑 Paragraph markers found: 116
🧮 Token-aware batching: 6 batch(es), budget ~106666 tokens, max batch size 20
🟦 Translating batch 1/6 (20 paras, ~3185 tokens input)...
🟦 Translating batch 2/6 (20 paras, ~1939 tokens input)...
🟦 Translating batch 3/6 (20 paras, ~1158 tokens input)...
🟦 Translating batch 4/6 (20 paras, ~2089 tokens input)...
🟦 Translating batch 5/6 (20 paras, ~1004 tokens input)...
🟦 Translating batch 6/6 (16 paras, ~866 tokens input)...
✅ Done: /Users/andrew/repo/kli-translation-pipeline_principles-of-faith/japenese/pipeline2/backtranslation/chapters/chapter1_chapter_1_sound_doctrine_matters.md (116/116 translated)

📘 Processing chapter2_chapter_2_god_eternal_creator_and_loving_father.md...
📑 Paragraph markers found: 70
🧮 Token-aware batching: 4 batch(es), budget ~106666 tokens, max batch size 20
🟦 Translating batch 1/4 (20 paras, ~2525 tokens input)...
🟦 Translating batch 2/4 (20 paras, ~2230 tokens input)...
🟦 Translating batch 3/4 (20 paras, ~3987 tokens input)...
🟦 Translating batch 4/4 (10 paras, ~919 tokens input)...
✅ Done: /Users/andrew/repo/kli-translation-pipeline_principles-of-faith/japenese/pipeline2/backtranslation/chapters/chapter2_chapter_2_god_eternal_creator_and_loving_father.md (70/70 translated)

📘 Processing chapter3_chapter_3_sin_and_redemption.md...
📑 Paragraph markers found: 111
🧮 Token-aware batching: 6 batch(es), budget ~106666 tokens, max batch size 20
🟦 Translating batch 1/6 (20 paras, ~2145 tokens input)...
🟦 Translating batch 2/6 (20 paras, ~956 tokens input)...
🟦 Translating batch 3/6 (20 paras, ~1770 tokens input)...
🟦 Translating batch 4/6 (20 paras, ~3067 tokens input)...
🟦 Translating batch 5/6 (20 paras, ~2334 tokens input)...
🟦 Translating batch 6/6 (11 paras, ~977 tokens input)...
✅ Done: /Users/andrew/repo/kli-translation-pipeline_principles-of-faith/japenese/pipeline2/backtranslation/chapters/chapter3_chapter_3_sin_and_redemption.md (111/111 translated)

📘 Processing chapter4_chapter_4_jesus_the_messiah.md...
📑 Paragraph markers found: 105
🧮 Token-aware batching: 6 batch(es), budget ~106666 tokens, max batch size 20
🟦 Translating batch 1/6 (20 paras, ~2164 tokens input)...
🟦 Translating batch 2/6 (20 paras, ~2664 tokens input)...
🟦 Translating batch 3/6 (20 paras, ~1418 tokens input)...
🟦 Translating batch 4/6 (20 paras, ~2389 tokens input)...
🟦 Translating batch 5/6 (20 paras, ~1709 tokens input)...
🟦 Translating batch 6/6 (5 paras, ~612 tokens input)...
✅ Done: /Users/andrew/repo/kli-translation-pipeline_principles-of-faith/japenese/pipeline2/backtranslation/chapters/chapter4_chapter_4_jesus_the_messiah.md (105/105 translated)

📘 Processing chapter5_chapter_5_repentance_from_dead_works.md...
📑 Paragraph markers found: 148
🧮 Token-aware batching: 8 batch(es), budget ~106666 tokens, max batch size 20
🟦 Translating batch 1/8 (20 paras, ~1645 tokens input)...
🟦 Translating batch 2/8 (20 paras, ~1428 tokens input)...
🟦 Translating batch 3/8 (20 paras, ~1350 tokens input)...
🟦 Translating batch 4/8 (20 paras, ~1630 tokens input)...
🟦 Translating batch 5/8 (20 paras, ~2236 tokens input)...
🟦 Translating batch 6/8 (20 paras, ~2207 tokens input)...
🟦 Translating batch 7/8 (20 paras, ~3159 tokens input)...
🟦 Translating batch 8/8 (8 paras, ~849 tokens input)...
✅ Done: /Users/andrew/repo/kli-translation-pipeline_principles-of-faith/japenese/pipeline2/backtranslation/chapters/chapter5_chapter_5_repentance_from_dead_works.md (148/148 translated)

📘 Processing chapter6_chapter_6_faith_toward_god.md...
📑 Paragraph markers found: 169
🧮 Token-aware batching: 9 batch(es), budget ~106666 tokens, max batch size 20
🟦 Translating batch 1/9 (20 paras, ~1927 tokens input)...
🟦 Translating batch 2/9 (20 paras, ~2636 tokens input)...
🟦 Translating batch 3/9 (20 paras, ~3692 tokens input)...
🟦 Translating batch 4/9 (20 paras, ~1536 tokens input)...
🟦 Translating batch 5/9 (20 paras, ~2476 tokens input)...
🟦 Translating batch 6/9 (20 paras, ~1791 tokens input)...
🟦 Translating batch 7/9 (20 paras, ~837 tokens input)...
🟦 Translating batch 8/9 (20 paras, ~2103 tokens input)...
🟦 Translating batch 9/9 (9 paras, ~755 tokens input)...
✅ Done: /Users/andrew/repo/kli-translation-pipeline_principles-of-faith/japenese/pipeline2/backtranslation/chapters/chapter6_chapter_6_faith_toward_god.md (169/169 translated)

📘 Processing chapter7_chapter_7_jesus_the_foundation_of_our_faith.md...
📑 Paragraph markers found: 78
🧮 Token-aware batching: 4 batch(es), budget ~106666 tokens, max batch size 20
🟦 Translating batch 1/4 (20 paras, ~4312 tokens input)...
🟦 Translating batch 2/4 (20 paras, ~4978 tokens input)...
🟦 Translating batch 3/4 (20 paras, ~3723 tokens input)...
🟦 Translating batch 4/4 (18 paras, ~1955 tokens input)...
✅ Done: /Users/andrew/repo/kli-translation-pipeline_principles-of-faith/japenese/pipeline2/backtranslation/chapters/chapter7_chapter_7_jesus_the_foundation_of_our_faith.md (78/78 translated)

📘 Processing chapter8_chapter_8_holy_spirit_comforter_guide_and_power.md...
📑 Paragraph markers found: 147
🧮 Token-aware batching: 8 batch(es), budget ~106666 tokens, max batch size 20
🟦 Translating batch 1/8 (20 paras, ~3304 tokens input)...
🟦 Translating batch 2/8 (20 paras, ~2627 tokens input)...
🟦 Translating batch 3/8 (20 paras, ~2900 tokens input)...
🟦 Translating batch 4/8 (20 paras, ~1844 tokens input)...
🟦 Translating batch 5/8 (20 paras, ~1598 tokens input)...
🟦 Translating batch 6/8 (20 paras, ~1656 tokens input)...
🟦 Translating batch 7/8 (20 paras, ~1681 tokens input)...
🟦 Translating batch 8/8 (7 paras, ~614 tokens input)...
✅ Done: /Users/andrew/repo/kli-translation-pipeline_principles-of-faith/japenese/pipeline2/backtranslation/chapters/chapter8_chapter_8_holy_spirit_comforter_guide_and_power.md (147/147 translated)

📘 Processing chapter9_chapter_9_the_church_our_role_in_it.md...
📑 Paragraph markers found: 195
🧮 Token-aware batching: 10 batch(es), budget ~106666 tokens, max batch size 20
🟦 Translating batch 1/10 (20 paras, ~1492 tokens input)...
🟦 Translating batch 2/10 (20 paras, ~2912 tokens input)...
🟦 Translating batch 3/10 (20 paras, ~2741 tokens input)...
🟦 Translating batch 4/10 (20 paras, ~2345 tokens input)...
🟦 Translating batch 5/10 (20 paras, ~2681 tokens input)...
🟦 Translating batch 6/10 (20 paras, ~2489 tokens input)...
🟦 Translating batch 7/10 (20 paras, ~3680 tokens input)...
🟦 Translating batch 8/10 (20 paras, ~1503 tokens input)...
🟦 Translating batch 9/10 (20 paras, ~2533 tokens input)...
🟦 Translating batch 10/10 (15 paras, ~1639 tokens input)...
✅ Done: /Users/andrew/repo/kli-translation-pipeline_principles-of-faith/japenese/pipeline2/backtranslation/chapters/chapter9_chapter_9_the_church_our_role_in_it.md (195/195 translated)

🎯 All files processed.
🔍 Found 25 matching file pairs:
  - chapter0_0_intro.md
  - chapter0_1_dedication.md
  - chapter0_2_acknowledgements.md
  - chapter0_3_table_of_contents.md
  - chapter0_4_list_of_tables.md
  - chapter0_5_foreword.md
  - chapter0_6_preface.md
  - chapter10_chapter_10_sanctified_prepared_for_god_s_purpose.md
  - chapter11_chapter_11_baptisms_water_and_spirit.md
  - chapter12_chapter_12_discipleship.md
  - chapter13_chapter_13_spiritual_authority.md
  - chapter14_back_1_postscript.md
  - chapter14_back_3_extended_reference_tables.md
  - chapter14_back_4_end_of_chapter_activities.md
  - chapter14_back_5_hearing_the_voice_of_god.md
  - chapter14_chapter_14_keep_watch.md
  - chapter1_chapter_1_sound_doctrine_matters.md
  - chapter2_chapter_2_god_eternal_creator_and_loving_father.md
  - chapter3_chapter_3_sin_and_redemption.md
  - chapter4_chapter_4_jesus_the_messiah.md
  - chapter5_chapter_5_repentance_from_dead_works.md
  - chapter6_chapter_6_faith_toward_god.md
  - chapter7_chapter_7_jesus_the_foundation_of_our_faith.md
  - chapter8_chapter_8_holy_spirit_comforter_guide_and_power.md
  - chapter9_chapter_9_the_church_our_role_in_it.md

=== Processing: chapter0_0_intro.md ===
Detected languages → Source: en, Back: en

Embedding batches:   0%|          | 0/1 [00:00<?, ?it/s]
Embedding batches: 100%|██████████| 1/1 [00:01<00:00,  1.29s/it]
Embedding batches: 100%|██████████| 1/1 [00:01<00:00,  1.29s/it]
✅ Saved: /Users/andrew/repo/kli-translation-pipeline_principles-of-faith/japenese/pipeline2/analysis/chapters/drift_report_chapter0_0_intro_vs_chapter0_0_intro.csv
translation_quality
HIGH      19
MEDIUM     1
Name: count, dtype: int64

=== Processing: chapter0_1_dedication.md ===
Detected languages → Source: en, Back: en

Embedding batches:   0%|          | 0/1 [00:00<?, ?it/s]
Embedding batches: 100%|██████████| 1/1 [00:01<00:00,  1.13s/it]
Embedding batches: 100%|██████████| 1/1 [00:01<00:00,  1.13s/it]
✅ Saved: /Users/andrew/repo/kli-translation-pipeline_principles-of-faith/japenese/pipeline2/analysis/chapters/drift_report_chapter0_1_dedication_vs_chapter0_1_dedication.csv
translation_quality
HIGH    2
Name: count, dtype: int64

=== Processing: chapter0_2_acknowledgements.md ===
Detected languages → Source: en, Back: en

Embedding batches:   0%|          | 0/1 [00:00<?, ?it/s]
Embedding batches: 100%|██████████| 1/1 [00:00<00:00,  3.46it/s]
Embedding batches: 100%|██████████| 1/1 [00:00<00:00,  3.46it/s]
✅ Saved: /Users/andrew/repo/kli-translation-pipeline_principles-of-faith/japenese/pipeline2/analysis/chapters/drift_report_chapter0_2_acknowledgements_vs_chapter0_2_acknowledgements.csv
translation_quality
MEDIUM    2
HIGH      1
Name: count, dtype: int64

=== Processing: chapter0_3_table_of_contents.md ===
Detected languages → Source: en, Back: en

Embedding batches:   0%|          | 0/1 [00:00<?, ?it/s]
Embedding batches: 100%|██████████| 1/1 [00:01<00:00,  1.24s/it]
Embedding batches: 100%|██████████| 1/1 [00:01<00:00,  1.24s/it]
✅ Saved: /Users/andrew/repo/kli-translation-pipeline_principles-of-faith/japenese/pipeline2/analysis/chapters/drift_report_chapter0_3_table_of_contents_vs_chapter0_3_table_of_contents.csv
translation_quality
HIGH      23
MEDIUM     2
Name: count, dtype: int64

=== Processing: chapter0_4_list_of_tables.md ===
Detected languages → Source: en, Back: en

Embedding batches:   0%|          | 0/1 [00:00<?, ?it/s]
Embedding batches: 100%|██████████| 1/1 [00:00<00:00,  2.81it/s]
Embedding batches: 100%|██████████| 1/1 [00:00<00:00,  2.81it/s]
✅ Saved: /Users/andrew/repo/kli-translation-pipeline_principles-of-faith/japenese/pipeline2/analysis/chapters/drift_report_chapter0_4_list_of_tables_vs_chapter0_4_list_of_tables.csv
translation_quality
HIGH    12
Name: count, dtype: int64

=== Processing: chapter0_5_foreword.md ===
Detected languages → Source: en, Back: en

Embedding batches:   0%|          | 0/1 [00:00<?, ?it/s]
Embedding batches: 100%|██████████| 1/1 [00:01<00:00,  1.21s/it]
Embedding batches: 100%|██████████| 1/1 [00:01<00:00,  1.21s/it]
✅ Saved: /Users/andrew/repo/kli-translation-pipeline_principles-of-faith/japenese/pipeline2/analysis/chapters/drift_report_chapter0_5_foreword_vs_chapter0_5_foreword.csv
translation_quality
HIGH    5
Name: count, dtype: int64

=== Processing: chapter0_6_preface.md ===
Detected languages → Source: en, Back: en

Embedding batches:   0%|          | 0/1 [00:00<?, ?it/s]
Embedding batches: 100%|██████████| 1/1 [00:01<00:00,  1.40s/it]
Embedding batches: 100%|██████████| 1/1 [00:01<00:00,  1.40s/it]
✅ Saved: /Users/andrew/repo/kli-translation-pipeline_principles-of-faith/japenese/pipeline2/analysis/chapters/drift_report_chapter0_6_preface_vs_chapter0_6_preface.csv
translation_quality
HIGH      56
MEDIUM     9
LOW        3
Name: count, dtype: int64

=== Processing: chapter10_chapter_10_sanctified_prepared_for_god_s_purpose.md ===
Detected languages → Source: en, Back: en

Embedding batches:   0%|          | 0/2 [00:00<?, ?it/s]
Embedding batches:  50%|█████     | 1/2 [00:00<00:00,  1.97it/s]
Embedding batches: 100%|██████████| 2/2 [00:02<00:00,  1.19s/it]
Embedding batches: 100%|██████████| 2/2 [00:02<00:00,  1.09s/it]
✅ Saved: /Users/andrew/repo/kli-translation-pipeline_principles-of-faith/japenese/pipeline2/analysis/chapters/drift_report_chapter10_chapter_10_sanctified_prepared_for_god_s_purpose_vs_chapter10_chapter_10_sanctified_prepared_for_god_s_purpose.csv
translation_quality
HIGH      104
MEDIUM      7
Name: count, dtype: int64

=== Processing: chapter11_chapter_11_baptisms_water_and_spirit.md ===
Detected languages → Source: en, Back: en

Embedding batches:   0%|          | 0/4 [00:00<?, ?it/s]
Embedding batches:  25%|██▌       | 1/4 [00:00<00:02,  1.39it/s]
Embedding batches:  50%|█████     | 2/4 [00:01<00:02,  1.04s/it]
Embedding batches:  75%|███████▌  | 3/4 [00:03<00:01,  1.18s/it]
Embedding batches: 100%|██████████| 4/4 [00:04<00:00,  1.19s/it]
Embedding batches: 100%|██████████| 4/4 [00:04<00:00,  1.13s/it]
✅ Saved: /Users/andrew/repo/kli-translation-pipeline_principles-of-faith/japenese/pipeline2/analysis/chapters/drift_report_chapter11_chapter_11_baptisms_water_and_spirit_vs_chapter11_chapter_11_baptisms_water_and_spirit.csv
translation_quality
HIGH      117
MEDIUM     14
LOW         1
Name: count, dtype: int64

=== Processing: chapter12_chapter_12_discipleship.md ===
Detected languages → Source: en, Back: en

Embedding batches:   0%|          | 0/3 [00:00<?, ?it/s]
Embedding batches:  33%|███▎      | 1/3 [00:00<00:01,  1.54it/s]
Embedding batches:  67%|██████▋   | 2/3 [00:01<00:00,  1.43it/s]
Embedding batches: 100%|██████████| 3/3 [00:01<00:00,  1.62it/s]
Embedding batches: 100%|██████████| 3/3 [00:01<00:00,  1.58it/s]
✅ Saved: /Users/andrew/repo/kli-translation-pipeline_principles-of-faith/japenese/pipeline2/analysis/chapters/drift_report_chapter12_chapter_12_discipleship_vs_chapter12_chapter_12_discipleship.csv
translation_quality
HIGH        83
MEDIUM      24
LOW          4
CRITICAL     4
Name: count, dtype: int64

=== Processing: chapter13_chapter_13_spiritual_authority.md ===
Detected languages → Source: en, Back: en

Embedding batches:   0%|          | 0/4 [00:00<?, ?it/s]
Embedding batches:  25%|██▌       | 1/4 [00:00<00:01,  1.61it/s]
Embedding batches:  50%|█████     | 2/4 [00:02<00:02,  1.08s/it]
Embedding batches:  75%|███████▌  | 3/4 [00:02<00:00,  1.14it/s]
Embedding batches: 100%|██████████| 4/4 [00:03<00:00,  1.47it/s]
Embedding batches: 100%|██████████| 4/4 [00:03<00:00,  1.32it/s]
✅ Saved: /Users/andrew/repo/kli-translation-pipeline_principles-of-faith/japenese/pipeline2/analysis/chapters/drift_report_chapter13_chapter_13_spiritual_authority_vs_chapter13_chapter_13_spiritual_authority.csv
translation_quality
HIGH        165
MEDIUM       19
CRITICAL      9
LOW           3
Name: count, dtype: int64

=== Processing: chapter14_back_1_postscript.md ===
Detected languages → Source: en, Back: en

Embedding batches:   0%|          | 0/1 [00:00<?, ?it/s]
Embedding batches: 100%|██████████| 1/1 [00:00<00:00,  3.36it/s]
Embedding batches: 100%|██████████| 1/1 [00:00<00:00,  3.36it/s]
✅ Saved: /Users/andrew/repo/kli-translation-pipeline_principles-of-faith/japenese/pipeline2/analysis/chapters/drift_report_chapter14_back_1_postscript_vs_chapter14_back_1_postscript.csv
translation_quality
HIGH      10
MEDIUM     1
Name: count, dtype: int64

=== Processing: chapter14_back_3_extended_reference_tables.md ===
Detected languages → Source: en, Back: en

Embedding batches:   0%|          | 0/1 [00:00<?, ?it/s]
Embedding batches: 100%|██████████| 1/1 [00:00<00:00,  5.19it/s]
Embedding batches: 100%|██████████| 1/1 [00:00<00:00,  5.18it/s]
✅ Saved: /Users/andrew/repo/kli-translation-pipeline_principles-of-faith/japenese/pipeline2/analysis/chapters/drift_report_chapter14_back_3_extended_reference_tables_vs_chapter14_back_3_extended_reference_tables.csv
translation_quality
HIGH      3
MEDIUM    1
Name: count, dtype: int64

=== Processing: chapter14_back_4_end_of_chapter_activities.md ===
Detected languages → Source: en, Back: en

Embedding batches:   0%|          | 0/4 [00:00<?, ?it/s]
Embedding batches:  25%|██▌       | 1/4 [00:01<00:05,  1.95s/it]
Embedding batches:  50%|█████     | 2/4 [00:02<00:02,  1.34s/it]
Embedding batches:  75%|███████▌  | 3/4 [00:03<00:01,  1.08s/it]
Embedding batches: 100%|██████████| 4/4 [00:04<00:00,  1.09it/s]
Embedding batches: 100%|██████████| 4/4 [00:04<00:00,  1.07s/it]
✅ Saved: /Users/andrew/repo/kli-translation-pipeline_principles-of-faith/japenese/pipeline2/analysis/chapters/drift_report_chapter14_back_4_end_of_chapter_activities_vs_chapter14_back_4_end_of_chapter_activities.csv
translation_quality
HIGH        410
MEDIUM      102
CRITICAL     55
LOW          47
Name: count, dtype: int64

=== Processing: chapter14_back_5_hearing_the_voice_of_god.md ===
Detected languages → Source: en, Back: en

Embedding batches:   0%|          | 0/2 [00:00<?, ?it/s]
Embedding batches:  50%|█████     | 1/2 [00:00<00:00,  1.58it/s]
Embedding batches: 100%|██████████| 2/2 [00:00<00:00,  2.51it/s]
Embedding batches: 100%|██████████| 2/2 [00:00<00:00,  2.31it/s]
✅ Saved: /Users/andrew/repo/kli-translation-pipeline_principles-of-faith/japenese/pipeline2/analysis/chapters/drift_report_chapter14_back_5_hearing_the_voice_of_god_vs_chapter14_back_5_hearing_the_voice_of_god.csv
translation_quality
HIGH      38
MEDIUM     7
LOW        3
Name: count, dtype: int64

=== Processing: chapter14_chapter_14_keep_watch.md ===
Detected languages → Source: en, Back: en

Embedding batches:   0%|          | 0/2 [00:00<?, ?it/s]
Embedding batches:  50%|█████     | 1/2 [00:00<00:00,  1.49it/s]
Embedding batches: 100%|██████████| 2/2 [00:01<00:00,  1.02s/it]
Embedding batches: 100%|██████████| 2/2 [00:01<00:00,  1.03it/s]
✅ Saved: /Users/andrew/repo/kli-translation-pipeline_principles-of-faith/japenese/pipeline2/analysis/chapters/drift_report_chapter14_chapter_14_keep_watch_vs_chapter14_chapter_14_keep_watch.csv
translation_quality
HIGH      86
MEDIUM    18
LOW        4
Name: count, dtype: int64

=== Processing: chapter1_chapter_1_sound_doctrine_matters.md ===
Detected languages → Source: en, Back: en

Embedding batches:   0%|          | 0/2 [00:00<?, ?it/s]
Embedding batches:  50%|█████     | 1/2 [00:00<00:00,  1.94it/s]
Embedding batches: 100%|██████████| 2/2 [00:01<00:00,  1.79it/s]
Embedding batches: 100%|██████████| 2/2 [00:01<00:00,  1.81it/s]
✅ Saved: /Users/andrew/repo/kli-translation-pipeline_principles-of-faith/japenese/pipeline2/analysis/chapters/drift_report_chapter1_chapter_1_sound_doctrine_matters_vs_chapter1_chapter_1_sound_doctrine_matters.csv
translation_quality
HIGH        70
MEDIUM      15
CRITICAL     5
LOW          5
Name: count, dtype: int64

=== Processing: chapter2_chapter_2_god_eternal_creator_and_loving_father.md ===
Detected languages → Source: en, Back: en

Embedding batches:   0%|          | 0/2 [00:00<?, ?it/s]
Embedding batches:  50%|█████     | 1/2 [00:00<00:00,  2.49it/s]
Embedding batches: 100%|██████████| 2/2 [00:00<00:00,  2.24it/s]
Embedding batches: 100%|██████████| 2/2 [00:00<00:00,  2.27it/s]
✅ Saved: /Users/andrew/repo/kli-translation-pipeline_principles-of-faith/japenese/pipeline2/analysis/chapters/drift_report_chapter2_chapter_2_god_eternal_creator_and_loving_father_vs_chapter2_chapter_2_god_eternal_creator_and_loving_father.csv
translation_quality
HIGH      61
MEDIUM     5
LOW        3
Name: count, dtype: int64

=== Processing: chapter3_chapter_3_sin_and_redemption.md ===
Detected languages → Source: en, Back: en

Embedding batches:   0%|          | 0/2 [00:00<?, ?it/s]
Embedding batches:  50%|█████     | 1/2 [00:00<00:00,  1.29it/s]
Embedding batches: 100%|██████████| 2/2 [00:01<00:00,  1.84it/s]
Embedding batches: 100%|██████████| 2/2 [00:01<00:00,  1.73it/s]
✅ Saved: /Users/andrew/repo/kli-translation-pipeline_principles-of-faith/japenese/pipeline2/analysis/chapters/drift_report_chapter3_chapter_3_sin_and_redemption_vs_chapter3_chapter_3_sin_and_redemption.csv
translation_quality
HIGH        87
MEDIUM       7
LOW          5
CRITICAL     1
Name: count, dtype: int64

=== Processing: chapter4_chapter_4_jesus_the_messiah.md ===
Detected languages → Source: en, Back: en

Embedding batches:   0%|          | 0/2 [00:00<?, ?it/s]
Embedding batches:  50%|█████     | 1/2 [00:00<00:00,  2.17it/s]
Embedding batches: 100%|██████████| 2/2 [00:01<00:00,  1.86it/s]
Embedding batches: 100%|██████████| 2/2 [00:01<00:00,  1.90it/s]
✅ Saved: /Users/andrew/repo/kli-translation-pipeline_principles-of-faith/japenese/pipeline2/analysis/chapters/drift_report_chapter4_chapter_4_jesus_the_messiah_vs_chapter4_chapter_4_jesus_the_messiah.csv
translation_quality
HIGH        80
MEDIUM      18
LOW          4
CRITICAL     2
Name: count, dtype: int64

=== Processing: chapter5_chapter_5_repentance_from_dead_works.md ===
Detected languages → Source: en, Back: en

Embedding batches:   0%|          | 0/3 [00:00<?, ?it/s]
Embedding batches:  33%|███▎      | 1/3 [00:00<00:00,  2.13it/s]
Embedding batches:  67%|██████▋   | 2/3 [00:01<00:00,  1.76it/s]
Embedding batches: 100%|██████████| 3/3 [00:01<00:00,  2.06it/s]
Embedding batches: 100%|██████████| 3/3 [00:01<00:00,  2.01it/s]
✅ Saved: /Users/andrew/repo/kli-translation-pipeline_principles-of-faith/japenese/pipeline2/analysis/chapters/drift_report_chapter5_chapter_5_repentance_from_dead_works_vs_chapter5_chapter_5_repentance_from_dead_works.csv
translation_quality
HIGH      112
MEDIUM     28
LOW         5
Name: count, dtype: int64

=== Processing: chapter6_chapter_6_faith_toward_god.md ===
Detected languages → Source: en, Back: en

Embedding batches:   0%|          | 0/3 [00:00<?, ?it/s]
Embedding batches:  33%|███▎      | 1/3 [00:00<00:01,  1.24it/s]
Embedding batches:  67%|██████▋   | 2/3 [00:01<00:00,  1.25it/s]
Embedding batches: 100%|██████████| 3/3 [00:02<00:00,  1.37it/s]
Embedding batches: 100%|██████████| 3/3 [00:02<00:00,  1.34it/s]
✅ Saved: /Users/andrew/repo/kli-translation-pipeline_principles-of-faith/japenese/pipeline2/analysis/chapters/drift_report_chapter6_chapter_6_faith_toward_god_vs_chapter6_chapter_6_faith_toward_god.csv
translation_quality
HIGH        117
MEDIUM       27
LOW           9
CRITICAL      3
Name: count, dtype: int64

=== Processing: chapter7_chapter_7_jesus_the_foundation_of_our_faith.md ===
Detected languages → Source: en, Back: en

Embedding batches:   0%|          | 0/3 [00:00<?, ?it/s]
Embedding batches:  33%|███▎      | 1/3 [00:00<00:00,  2.02it/s]
Embedding batches:  67%|██████▋   | 2/3 [00:00<00:00,  2.48it/s]
Embedding batches: 100%|██████████| 3/3 [00:01<00:00,  2.18it/s]
Embedding batches: 100%|██████████| 3/3 [00:01<00:00,  2.21it/s]
✅ Saved: /Users/andrew/repo/kli-translation-pipeline_principles-of-faith/japenese/pipeline2/analysis/chapters/drift_report_chapter7_chapter_7_jesus_the_foundation_of_our_faith_vs_chapter7_chapter_7_jesus_the_foundation_of_our_faith.csv
translation_quality
HIGH      69
MEDIUM     6
LOW        2
Name: count, dtype: int64

=== Processing: chapter8_chapter_8_holy_spirit_comforter_guide_and_power.md ===
Detected languages → Source: en, Back: en

Embedding batches:   0%|          | 0/3 [00:00<?, ?it/s]
Embedding batches:  33%|███▎      | 1/3 [00:00<00:00,  2.01it/s]
Embedding batches:  67%|██████▋   | 2/3 [00:01<00:00,  1.69it/s]
Embedding batches: 100%|██████████| 3/3 [00:01<00:00,  1.67it/s]
Embedding batches: 100%|██████████| 3/3 [00:01<00:00,  1.70it/s]
✅ Saved: /Users/andrew/repo/kli-translation-pipeline_principles-of-faith/japenese/pipeline2/analysis/chapters/drift_report_chapter8_chapter_8_holy_spirit_comforter_guide_and_power_vs_chapter8_chapter_8_holy_spirit_comforter_guide_and_power.csv
translation_quality
HIGH        120
MEDIUM       18
LOW           6
CRITICAL      2
Name: count, dtype: int64

=== Processing: chapter9_chapter_9_the_church_our_role_in_it.md ===
Detected languages → Source: en, Back: en

Embedding batches:   0%|          | 0/4 [00:00<?, ?it/s]
Embedding batches:  25%|██▌       | 1/4 [00:00<00:01,  1.60it/s]
Embedding batches:  50%|█████     | 2/4 [00:01<00:02,  1.06s/it]
Embedding batches:  75%|███████▌  | 3/4 [00:02<00:00,  1.18it/s]
Embedding batches: 100%|██████████| 4/4 [00:03<00:00,  1.39it/s]
Embedding batches: 100%|██████████| 4/4 [00:03<00:00,  1.29it/s]
✅ Saved: /Users/andrew/repo/kli-translation-pipeline_principles-of-faith/japenese/pipeline2/analysis/chapters/drift_report_chapter9_chapter_9_the_church_our_role_in_it_vs_chapter9_chapter_9_the_church_our_role_in_it.csv
translation_quality
HIGH        141
MEDIUM       37
LOW          13
CRITICAL      3
Name: count, dtype: int64
🗂 Found 25 drift reports in /Users/andrew/repo/kli-translation-pipeline_principles-of-faith/japenese/pipeline2/analysis/chapters. Processing...

Analyzing 12 flagged paragraphs in drift_report_chapter0_6_preface_vs_chapter0_6_preface.csv...

Explaining differences: 0it [00:00, ?it/s]
Explaining differences: 1it [00:01,  1.41s/it]
Explaining differences: 2it [00:02,  1.30s/it]
Explaining differences: 3it [00:04,  1.36s/it]
Explaining differences: 4it [00:05,  1.31s/it]
Explaining differences: 5it [00:07,  1.50s/it]
Explaining differences: 6it [00:08,  1.51s/it]
Explaining differences: 7it [00:09,  1.42s/it]
Explaining differences: 8it [00:11,  1.46s/it]
Explaining differences: 9it [00:13,  1.51s/it]
Explaining differences: 10it [00:14,  1.39s/it]
Explaining differences: 11it [00:15,  1.31s/it]
Explaining differences: 12it [00:17,  1.44s/it]
Explaining differences: 12it [00:17,  1.42s/it]
✅ Saved explained drift report: /Users/andrew/repo/kli-translation-pipeline_principles-of-faith/japenese/pipeline2/analysis/chapters/explained/drift_report_chapter0_6_preface_vs_chapter0_6_preface_explained.csv
📊 Summary: 12 analyzed | 0 changed | 0 failed to parse

Analyzing 33 flagged paragraphs in drift_report_chapter5_chapter_5_repentance_from_dead_works_vs_chapter5_chapter_5_repentance_from_dead_works.csv...

Explaining differences: 0it [00:00, ?it/s]
Explaining differences: 1it [00:01,  1.01s/it]
Explaining differences: 2it [00:02,  1.08s/it]
Explaining differences: 3it [00:03,  1.12s/it]
Explaining differences: 4it [00:05,  1.43s/it]
Explaining differences: 5it [00:06,  1.36s/it]
Explaining differences: 6it [00:08,  1.49s/it]
Explaining differences: 7it [00:09,  1.42s/it]
Explaining differences: 8it [00:11,  1.47s/it]
Explaining differences: 9it [00:12,  1.46s/it]
Explaining differences: 10it [00:13,  1.45s/it]
Explaining differences: 11it [00:15,  1.51s/it]
Explaining differences: 12it [00:16,  1.49s/it]
Explaining differences: 13it [00:18,  1.44s/it]
Explaining differences: 14it [00:20,  1.56s/it]
Explaining differences: 15it [00:21,  1.43s/it]
Explaining differences: 16it [00:22,  1.37s/it]
Explaining differences: 17it [00:24,  1.45s/it]
Explaining differences: 18it [00:25,  1.29s/it]
Explaining differences: 19it [00:26,  1.43s/it]
Explaining differences: 20it [00:28,  1.46s/it]
Explaining differences: 21it [00:29,  1.48s/it]
Explaining differences: 22it [00:32,  1.68s/it]
Explaining differences: 23it [00:33,  1.61s/it]
Explaining differences: 24it [00:34,  1.43s/it]
Explaining differences: 25it [00:36,  1.62s/it]
Explaining differences: 26it [00:38,  1.59s/it]
Explaining differences: 27it [00:39,  1.67s/it]
Explaining differences: 28it [00:41,  1.57s/it]
Explaining differences: 29it [00:42,  1.56s/it]
Explaining differences: 30it [00:44,  1.52s/it]
Explaining differences: 31it [00:45,  1.43s/it]
Explaining differences: 32it [00:46,  1.46s/it]
Explaining differences: 33it [00:48,  1.49s/it]
Explaining differences: 33it [00:48,  1.47s/it]
✅ Saved explained drift report: /Users/andrew/repo/kli-translation-pipeline_principles-of-faith/japenese/pipeline2/analysis/chapters/explained/drift_report_chapter5_chapter_5_repentance_from_dead_works_vs_chapter5_chapter_5_repentance_from_dead_works_explained.csv
📊 Summary: 33 analyzed | 6 changed | 0 failed to parse

Analyzing 1 flagged paragraphs in drift_report_chapter14_back_1_postscript_vs_chapter14_back_1_postscript.csv...

Explaining differences: 0it [00:00, ?it/s]
Explaining differences: 1it [00:01,  1.73s/it]
Explaining differences: 1it [00:01,  1.73s/it]
✅ Saved explained drift report: /Users/andrew/repo/kli-translation-pipeline_principles-of-faith/japenese/pipeline2/analysis/chapters/explained/drift_report_chapter14_back_1_postscript_vs_chapter14_back_1_postscript_explained.csv
📊 Summary: 1 analyzed | 0 changed | 0 failed to parse

Analyzing 13 flagged paragraphs in drift_report_chapter3_chapter_3_sin_and_redemption_vs_chapter3_chapter_3_sin_and_redemption.csv...

Explaining differences: 0it [00:00, ?it/s]
Explaining differences: 1it [00:01,  1.62s/it]
Explaining differences: 2it [00:03,  1.50s/it]
Explaining differences: 3it [00:03,  1.25s/it]
Explaining differences: 4it [00:05,  1.24s/it]
Explaining differences: 5it [00:06,  1.29s/it]
Explaining differences: 6it [00:07,  1.32s/it]
Explaining differences: 7it [00:09,  1.43s/it]
Explaining differences: 8it [00:11,  1.55s/it]
Explaining differences: 9it [00:12,  1.50s/it]
Explaining differences: 10it [00:14,  1.53s/it]
Explaining differences: 11it [00:16,  1.69s/it]
Explaining differences: 12it [00:17,  1.58s/it]
Explaining differences: 13it [00:19,  1.48s/it]
Explaining differences: 13it [00:19,  1.46s/it]
✅ Saved explained drift report: /Users/andrew/repo/kli-translation-pipeline_principles-of-faith/japenese/pipeline2/analysis/chapters/explained/drift_report_chapter3_chapter_3_sin_and_redemption_vs_chapter3_chapter_3_sin_and_redemption_explained.csv
📊 Summary: 13 analyzed | 3 changed | 0 failed to parse

Analyzing 24 flagged paragraphs in drift_report_chapter4_chapter_4_jesus_the_messiah_vs_chapter4_chapter_4_jesus_the_messiah.csv...

Explaining differences: 0it [00:00, ?it/s]
Explaining differences: 1it [00:01,  1.22s/it]
Explaining differences: 2it [00:02,  1.46s/it]
Explaining differences: 3it [00:04,  1.36s/it]
Explaining differences: 4it [00:05,  1.44s/it]
Explaining differences: 5it [00:06,  1.40s/it]
Explaining differences: 6it [00:08,  1.46s/it]
Explaining differences: 7it [00:10,  1.46s/it]
Explaining differences: 8it [00:11,  1.52s/it]
Explaining differences: 9it [00:13,  1.59s/it]
Explaining differences: 10it [00:14,  1.47s/it]
Explaining differences: 11it [00:16,  1.50s/it]
Explaining differences: 12it [00:17,  1.51s/it]
Explaining differences: 13it [00:19,  1.61s/it]
Explaining differences: 14it [00:20,  1.47s/it]
Explaining differences: 15it [00:21,  1.39s/it]
Explaining differences: 16it [00:23,  1.40s/it]
Explaining differences: 17it [00:24,  1.32s/it]
Explaining differences: 18it [00:26,  1.42s/it]
Explaining differences: 19it [00:27,  1.44s/it]
Explaining differences: 20it [00:29,  1.54s/it]
Explaining differences: 21it [00:30,  1.53s/it]
Explaining differences: 22it [00:32,  1.57s/it]
Explaining differences: 23it [00:33,  1.53s/it]
Explaining differences: 24it [00:35,  1.63s/it]
Explaining differences: 24it [00:35,  1.49s/it]
✅ Saved explained drift report: /Users/andrew/repo/kli-translation-pipeline_principles-of-faith/japenese/pipeline2/analysis/chapters/explained/drift_report_chapter4_chapter_4_jesus_the_messiah_vs_chapter4_chapter_4_jesus_the_messiah_explained.csv
📊 Summary: 24 analyzed | 5 changed | 0 failed to parse

Analyzing 8 flagged paragraphs in drift_report_chapter2_chapter_2_god_eternal_creator_and_loving_father_vs_chapter2_chapter_2_god_eternal_creator_and_loving_father.csv...

Explaining differences: 0it [00:00, ?it/s]
Explaining differences: 1it [00:01,  1.91s/it]
Explaining differences: 2it [00:03,  1.63s/it]
Explaining differences: 3it [00:04,  1.54s/it]
Explaining differences: 4it [00:06,  1.62s/it]
Explaining differences: 5it [00:07,  1.50s/it]
Explaining differences: 6it [00:09,  1.49s/it]
Explaining differences: 7it [00:10,  1.51s/it]
Explaining differences: 8it [00:12,  1.41s/it]
Explaining differences: 8it [00:12,  1.50s/it]
✅ Saved explained drift report: /Users/andrew/repo/kli-translation-pipeline_principles-of-faith/japenese/pipeline2/analysis/chapters/explained/drift_report_chapter2_chapter_2_god_eternal_creator_and_loving_father_vs_chapter2_chapter_2_god_eternal_creator_and_loving_father_explained.csv
📊 Summary: 8 analyzed | 3 changed | 0 failed to parse

Analyzing 15 flagged paragraphs in drift_report_chapter11_chapter_11_baptisms_water_and_spirit_vs_chapter11_chapter_11_baptisms_water_and_spirit.csv...

Explaining differences: 0it [00:00, ?it/s]
Explaining differences: 1it [00:01,  1.66s/it]
Explaining differences: 2it [00:02,  1.47s/it]
Explaining differences: 3it [00:04,  1.40s/it]
Explaining differences: 4it [00:05,  1.50s/it]
Explaining differences: 5it [00:07,  1.55s/it]
Explaining differences: 6it [00:09,  1.65s/it]
Explaining differences: 7it [00:11,  1.64s/it]
Explaining differences: 8it [00:12,  1.51s/it]
Explaining differences: 9it [00:13,  1.50s/it]
Explaining differences: 10it [00:15,  1.44s/it]
Explaining differences: 11it [00:16,  1.40s/it]
Explaining differences: 12it [00:17,  1.38s/it]
Explaining differences: 13it [00:19,  1.45s/it]
Explaining differences: 14it [00:20,  1.45s/it]
Explaining differences: 15it [00:22,  1.49s/it]
Explaining differences: 15it [00:22,  1.49s/it]
✅ Saved explained drift report: /Users/andrew/repo/kli-translation-pipeline_principles-of-faith/japenese/pipeline2/analysis/chapters/explained/drift_report_chapter11_chapter_11_baptisms_water_and_spirit_vs_chapter11_chapter_11_baptisms_water_and_spirit_explained.csv
📊 Summary: 15 analyzed | 0 changed | 0 failed to parse

ℹ️  No non-HIGH paragraphs in drift_report_chapter0_4_list_of_tables_vs_chapter0_4_list_of_tables.csv — skipping.
Analyzing 53 flagged paragraphs in drift_report_chapter9_chapter_9_the_church_our_role_in_it_vs_chapter9_chapter_9_the_church_our_role_in_it.csv...

Explaining differences: 0it [00:00, ?it/s]
Explaining differences: 1it [00:01,  1.29s/it]
Explaining differences: 2it [00:02,  1.36s/it]
Explaining differences: 3it [00:03,  1.26s/it]
Explaining differences: 4it [00:05,  1.29s/it]
Explaining differences: 5it [00:06,  1.27s/it]
Explaining differences: 6it [00:07,  1.29s/it]
Explaining differences: 7it [00:09,  1.37s/it]
Explaining differences: 8it [00:10,  1.42s/it]
Explaining differences: 9it [00:12,  1.39s/it]
Explaining differences: 10it [00:13,  1.37s/it]
Explaining differences: 11it [00:15,  1.44s/it]
Explaining differences: 12it [00:17,  1.62s/it]
Explaining differences: 13it [00:18,  1.68s/it]
Explaining differences: 14it [00:21,  1.82s/it]
Explaining differences: 15it [00:22,  1.77s/it]
Explaining differences: 16it [00:24,  1.67s/it]
Explaining differences: 17it [00:25,  1.69s/it]
Explaining differences: 18it [00:27,  1.70s/it]
Explaining differences: 19it [00:29,  1.75s/it]
Explaining differences: 20it [00:30,  1.63s/it]
Explaining differences: 21it [00:32,  1.50s/it]
Explaining differences: 22it [00:33,  1.48s/it]
Explaining differences: 23it [00:35,  1.62s/it]
Explaining differences: 24it [00:37,  1.78s/it]
Explaining differences: 25it [00:39,  1.83s/it]
Explaining differences: 26it [00:42,  2.11s/it]
Explaining differences: 27it [00:43,  1.94s/it]
Explaining differences: 28it [00:45,  1.79s/it]
Explaining differences: 29it [00:46,  1.68s/it]
Explaining differences: 30it [00:47,  1.58s/it]
Explaining differences: 31it [00:49,  1.44s/it]
Explaining differences: 32it [00:50,  1.47s/it]
Explaining differences: 33it [00:51,  1.43s/it]
Explaining differences: 34it [00:53,  1.44s/it]
Explaining differences: 35it [00:55,  1.55s/it]
Explaining differences: 36it [00:56,  1.55s/it]
Explaining differences: 37it [00:58,  1.70s/it]
Explaining differences: 38it [00:59,  1.49s/it]
Explaining differences: 39it [01:01,  1.48s/it]
Explaining differences: 40it [01:03,  1.55s/it]
Explaining differences: 41it [01:04,  1.50s/it]
Explaining differences: 42it [01:05,  1.50s/it]
Explaining differences: 43it [01:07,  1.51s/it]
Explaining differences: 44it [01:08,  1.43s/it]
Explaining differences: 45it [01:10,  1.43s/it]
Explaining differences: 46it [01:11,  1.41s/it]
Explaining differences: 47it [01:13,  1.47s/it]
Explaining differences: 48it [01:14,  1.49s/it]
Explaining differences: 49it [01:16,  1.47s/it]
Explaining differences: 50it [01:17,  1.37s/it]
Explaining differences: 51it [01:18,  1.42s/it]
Explaining differences: 52it [01:20,  1.67s/it]
Explaining differences: 53it [01:22,  1.63s/it]
Explaining differences: 53it [01:22,  1.56s/it]
✅ Saved explained drift report: /Users/andrew/repo/kli-translation-pipeline_principles-of-faith/japenese/pipeline2/analysis/chapters/explained/drift_report_chapter9_chapter_9_the_church_our_role_in_it_vs_chapter9_chapter_9_the_church_our_role_in_it_explained.csv
📊 Summary: 53 analyzed | 19 changed | 0 failed to parse

Analyzing 25 flagged paragraphs in drift_report_chapter1_chapter_1_sound_doctrine_matters_vs_chapter1_chapter_1_sound_doctrine_matters.csv...

Explaining differences: 0it [00:00, ?it/s]
Explaining differences: 1it [00:01,  1.52s/it]
Explaining differences: 2it [00:03,  1.57s/it]
Explaining differences: 3it [00:04,  1.57s/it]
Explaining differences: 4it [00:06,  1.56s/it]
Explaining differences: 5it [00:07,  1.59s/it]
Explaining differences: 6it [00:09,  1.47s/it]
Explaining differences: 7it [00:10,  1.50s/it]
Explaining differences: 8it [00:12,  1.49s/it]
Explaining differences: 9it [00:13,  1.55s/it]
Explaining differences: 10it [00:15,  1.63s/it]
Explaining differences: 11it [00:16,  1.51s/it]
Explaining differences: 12it [00:18,  1.55s/it]
Explaining differences: 13it [00:20,  1.64s/it]
Explaining differences: 14it [00:21,  1.55s/it]
Explaining differences: 15it [00:23,  1.64s/it]
Explaining differences: 16it [00:25,  1.66s/it]
Explaining differences: 17it [00:26,  1.66s/it]
Explaining differences: 18it [00:28,  1.59s/it]
Explaining differences: 19it [00:30,  1.67s/it]
Explaining differences: 20it [00:31,  1.55s/it]
Explaining differences: 21it [00:32,  1.53s/it]
Explaining differences: 22it [00:34,  1.57s/it]
Explaining differences: 23it [00:36,  1.71s/it]
Explaining differences: 24it [00:38,  1.62s/it]
Explaining differences: 25it [00:39,  1.47s/it]
Explaining differences: 25it [00:39,  1.57s/it]
✅ Saved explained drift report: /Users/andrew/repo/kli-translation-pipeline_principles-of-faith/japenese/pipeline2/analysis/chapters/explained/drift_report_chapter1_chapter_1_sound_doctrine_matters_vs_chapter1_chapter_1_sound_doctrine_matters_explained.csv
📊 Summary: 25 analyzed | 11 changed | 0 failed to parse

Analyzing 26 flagged paragraphs in drift_report_chapter8_chapter_8_holy_spirit_comforter_guide_and_power_vs_chapter8_chapter_8_holy_spirit_comforter_guide_and_power.csv...

Explaining differences: 0it [00:00, ?it/s]
Explaining differences: 1it [00:01,  1.59s/it]
Explaining differences: 2it [00:03,  1.52s/it]
Explaining differences: 3it [00:04,  1.43s/it]
Explaining differences: 4it [00:05,  1.35s/it]
Explaining differences: 5it [00:08,  1.91s/it]
Explaining differences: 6it [00:09,  1.63s/it]
Explaining differences: 7it [00:12,  1.90s/it]
Explaining differences: 8it [00:14,  2.08s/it]
Explaining differences: 9it [00:16,  1.99s/it]
Explaining differences: 10it [00:17,  1.87s/it]
Explaining differences: 11it [00:19,  1.64s/it]
Explaining differences: 12it [00:20,  1.51s/it]
Explaining differences: 13it [00:21,  1.46s/it]
Explaining differences: 14it [00:23,  1.51s/it]
Explaining differences: 15it [00:25,  1.77s/it]
Explaining differences: 16it [00:27,  1.79s/it]
Explaining differences: 17it [00:28,  1.62s/it]
Explaining differences: 18it [00:30,  1.65s/it]
Explaining differences: 19it [00:31,  1.54s/it]
Explaining differences: 20it [00:33,  1.62s/it]
Explaining differences: 21it [00:35,  1.69s/it]
Explaining differences: 22it [00:37,  1.70s/it]
Explaining differences: 23it [00:38,  1.66s/it]
Explaining differences: 24it [00:39,  1.56s/it]
Explaining differences: 25it [00:41,  1.49s/it]
Explaining differences: 26it [00:42,  1.50s/it]
Explaining differences: 26it [00:42,  1.65s/it]
✅ Saved explained drift report: /Users/andrew/repo/kli-translation-pipeline_principles-of-faith/japenese/pipeline2/analysis/chapters/explained/drift_report_chapter8_chapter_8_holy_spirit_comforter_guide_and_power_vs_chapter8_chapter_8_holy_spirit_comforter_guide_and_power_explained.csv
📊 Summary: 26 analyzed | 5 changed | 0 failed to parse

Analyzing 2 flagged paragraphs in drift_report_chapter0_3_table_of_contents_vs_chapter0_3_table_of_contents.csv...

Explaining differences: 0it [00:00, ?it/s]
Explaining differences: 1it [00:01,  1.33s/it]
Explaining differences: 2it [00:02,  1.33s/it]
Explaining differences: 2it [00:02,  1.33s/it]
✅ Saved explained drift report: /Users/andrew/repo/kli-translation-pipeline_principles-of-faith/japenese/pipeline2/analysis/chapters/explained/drift_report_chapter0_3_table_of_contents_vs_chapter0_3_table_of_contents_explained.csv
📊 Summary: 2 analyzed | 0 changed | 0 failed to parse

Analyzing 204 flagged paragraphs in drift_report_chapter14_back_4_end_of_chapter_activities_vs_chapter14_back_4_end_of_chapter_activities.csv...

Explaining differences: 0it [00:00, ?it/s]
Explaining differences: 1it [00:01,  1.05s/it]
Explaining differences: 2it [00:02,  1.25s/it]
Explaining differences: 3it [00:03,  1.24s/it]
Explaining differences: 4it [00:04,  1.24s/it]
Explaining differences: 5it [00:06,  1.49s/it]
Explaining differences: 6it [00:08,  1.44s/it]
Explaining differences: 7it [00:09,  1.39s/it]
Explaining differences: 8it [00:11,  1.45s/it]
Explaining differences: 9it [00:12,  1.38s/it]
Explaining differences: 10it [00:13,  1.43s/it]
Explaining differences: 11it [00:15,  1.42s/it]
Explaining differences: 12it [00:16,  1.46s/it]
Explaining differences: 13it [00:17,  1.36s/it]
Explaining differences: 14it [00:19,  1.45s/it]
Explaining differences: 15it [00:20,  1.35s/it]
Explaining differences: 16it [00:22,  1.41s/it]
Explaining differences: 17it [00:24,  1.60s/it]
Explaining differences: 18it [00:25,  1.47s/it]
Explaining differences: 19it [00:26,  1.42s/it]
Explaining differences: 20it [00:28,  1.45s/it]
Explaining differences: 21it [00:29,  1.38s/it]
Explaining differences: 22it [00:30,  1.34s/it]
Explaining differences: 23it [00:32,  1.40s/it]
Explaining differences: 24it [00:33,  1.35s/it]
Explaining differences: 25it [00:35,  1.51s/it]
Explaining differences: 26it [00:36,  1.47s/it]
Explaining differences: 27it [00:38,  1.43s/it]
Explaining differences: 28it [00:39,  1.42s/it]
Explaining differences: 29it [00:41,  1.47s/it]
Explaining differences: 30it [00:42,  1.56s/it]
Explaining differences: 31it [00:43,  1.44s/it]
Explaining differences: 32it [00:45,  1.55s/it]
Explaining differences: 33it [00:47,  1.60s/it]
Explaining differences: 34it [00:49,  1.64s/it]
Explaining differences: 35it [00:50,  1.58s/it]
Explaining differences: 36it [00:52,  1.50s/it]
Explaining differences: 37it [00:54,  1.66s/it]
Explaining differences: 38it [00:55,  1.67s/it]
Explaining differences: 39it [00:57,  1.65s/it]
Explaining differences: 40it [00:59,  1.74s/it]
Explaining differences: 41it [01:00,  1.71s/it]
Explaining differences: 42it [01:02,  1.78s/it]
Explaining differences: 43it [01:04,  1.71s/it]
Explaining differences: 44it [01:06,  1.78s/it]
Explaining differences: 45it [01:07,  1.69s/it]
Explaining differences: 46it [01:09,  1.60s/it]
Explaining differences: 47it [01:10,  1.58s/it]
Explaining differences: 48it [01:11,  1.42s/it]
Explaining differences: 49it [01:13,  1.42s/it]
Explaining differences: 50it [01:14,  1.45s/it]
Explaining differences: 51it [01:16,  1.51s/it]
Explaining differences: 52it [01:17,  1.49s/it]
Explaining differences: 53it [01:20,  1.74s/it]
Explaining differences: 54it [01:21,  1.68s/it]
Explaining differences: 55it [01:23,  1.83s/it]
Explaining differences: 56it [01:25,  1.67s/it]
Explaining differences: 57it [01:26,  1.66s/it]
Explaining differences: 58it [01:28,  1.59s/it]
Explaining differences: 59it [01:30,  1.67s/it]
Explaining differences: 60it [01:31,  1.63s/it]
Explaining differences: 61it [01:32,  1.54s/it]
Explaining differences: 62it [01:34,  1.48s/it]
Explaining differences: 63it [01:35,  1.52s/it]
Explaining differences: 64it [01:37,  1.59s/it]
Explaining differences: 65it [01:39,  1.54s/it]
Explaining differences: 66it [01:40,  1.39s/it]
Explaining differences: 67it [01:41,  1.37s/it]
Explaining differences: 68it [01:43,  1.57s/it]
Explaining differences: 69it [01:44,  1.47s/it]
Explaining differences: 70it [01:46,  1.58s/it]
Explaining differences: 71it [01:47,  1.52s/it]
Explaining differences: 72it [01:49,  1.45s/it]
Explaining differences: 73it [01:50,  1.51s/it]
Explaining differences: 74it [01:52,  1.55s/it]
Explaining differences: 75it [01:53,  1.51s/it]
Explaining differences: 76it [01:56,  1.72s/it]
Explaining differences: 77it [01:57,  1.65s/it]
Explaining differences: 78it [01:58,  1.55s/it]
Explaining differences: 79it [02:00,  1.61s/it]
Explaining differences: 80it [02:01,  1.50s/it]
Explaining differences: 81it [02:03,  1.54s/it]
Explaining differences: 82it [02:04,  1.48s/it]
Explaining differences: 83it [02:07,  1.68s/it]
Explaining differences: 84it [02:09,  1.79s/it]
Explaining differences: 85it [02:11,  1.93s/it]
Explaining differences: 86it [02:12,  1.81s/it]
Explaining differences: 87it [02:15,  2.07s/it]
Explaining differences: 88it [02:17,  1.91s/it]
Explaining differences: 89it [02:18,  1.80s/it]
Explaining differences: 90it [02:19,  1.63s/it]
Explaining differences: 91it [02:21,  1.51s/it]
Explaining differences: 92it [02:22,  1.42s/it]
Explaining differences: 93it [02:23,  1.46s/it]
Explaining differences: 94it [02:25,  1.39s/it]
Explaining differences: 95it [02:26,  1.32s/it]
Explaining differences: 96it [02:27,  1.34s/it]
Explaining differences: 97it [02:29,  1.40s/it]
Explaining differences: 98it [02:30,  1.45s/it]
Explaining differences: 99it [02:32,  1.44s/it]
Explaining differences: 100it [02:33,  1.34s/it]
Explaining differences: 101it [02:34,  1.28s/it]
Explaining differences: 102it [02:35,  1.32s/it]
Explaining differences: 103it [02:37,  1.30s/it]
Explaining differences: 104it [02:38,  1.36s/it]
Explaining differences: 105it [02:40,  1.45s/it]
Explaining differences: 106it [02:41,  1.54s/it]
Explaining differences: 107it [02:43,  1.53s/it]
Explaining differences: 108it [02:45,  1.60s/it]
Explaining differences: 109it [02:46,  1.51s/it]
Explaining differences: 110it [02:50,  2.14s/it]
Explaining differences: 111it [02:51,  1.99s/it]
Explaining differences: 112it [02:53,  1.79s/it]
Explaining differences: 113it [02:54,  1.78s/it]
Explaining differences: 114it [02:56,  1.64s/it]
Explaining differences: 115it [02:57,  1.58s/it]
Explaining differences: 116it [02:59,  1.57s/it]
Explaining differences: 117it [03:01,  1.71s/it]
Explaining differences: 118it [03:02,  1.69s/it]
Explaining differences: 119it [03:04,  1.52s/it]
Explaining differences: 120it [03:06,  1.77s/it]
Explaining differences: 121it [03:07,  1.70s/it]
Explaining differences: 122it [03:09,  1.59s/it]
Explaining differences: 123it [03:10,  1.51s/it]
Explaining differences: 124it [03:12,  1.55s/it]
Explaining differences: 125it [03:13,  1.48s/it]
Explaining differences: 126it [03:15,  1.56s/it]
Explaining differences: 127it [03:16,  1.52s/it]
Explaining differences: 128it [03:18,  1.53s/it]
Explaining differences: 129it [03:19,  1.59s/it]
Explaining differences: 130it [03:21,  1.56s/it]
Explaining differences: 131it [03:23,  1.63s/it]
Explaining differences: 132it [03:24,  1.62s/it]
Explaining differences: 133it [03:26,  1.57s/it]
Explaining differences: 134it [03:27,  1.53s/it]
Explaining differences: 135it [03:30,  1.75s/it]
Explaining differences: 136it [03:31,  1.62s/it]
Explaining differences: 137it [03:32,  1.57s/it]
Explaining differences: 138it [03:34,  1.62s/it]
Explaining differences: 139it [03:35,  1.53s/it]
Explaining differences: 140it [03:37,  1.69s/it]
Explaining differences: 141it [03:39,  1.57s/it]
Explaining differences: 142it [03:40,  1.54s/it]
Explaining differences: 143it [03:42,  1.66s/it]
Explaining differences: 144it [03:44,  1.72s/it]
Explaining differences: 145it [03:45,  1.66s/it]
Explaining differences: 146it [03:47,  1.56s/it]
Explaining differences: 147it [03:48,  1.53s/it]
Explaining differences: 148it [03:49,  1.43s/it]
Explaining differences: 149it [03:52,  1.65s/it]
Explaining differences: 150it [03:53,  1.52s/it]
Explaining differences: 151it [03:54,  1.53s/it]
Explaining differences: 152it [03:56,  1.59s/it]
Explaining differences: 153it [03:57,  1.48s/it]
Explaining differences: 154it [03:59,  1.56s/it]
Explaining differences: 155it [04:01,  1.52s/it]
Explaining differences: 156it [04:02,  1.50s/it]
Explaining differences: 157it [04:04,  1.54s/it]
Explaining differences: 158it [04:06,  1.72s/it]
Explaining differences: 159it [04:07,  1.60s/it]
Explaining differences: 160it [04:09,  1.62s/it]
Explaining differences: 161it [04:10,  1.59s/it]
Explaining differences: 162it [04:12,  1.57s/it]
Explaining differences: 163it [04:13,  1.59s/it]
Explaining differences: 164it [04:15,  1.61s/it]
Explaining differences: 165it [04:16,  1.52s/it]
Explaining differences: 166it [04:18,  1.53s/it]
Explaining differences: 167it [04:19,  1.53s/it]
Explaining differences: 168it [04:21,  1.53s/it]
Explaining differences: 169it [04:22,  1.44s/it]
Explaining differences: 170it [04:24,  1.53s/it]
Explaining differences: 171it [04:25,  1.50s/it]
Explaining differences: 172it [04:27,  1.51s/it]
Explaining differences: 173it [04:28,  1.46s/it]
Explaining differences: 174it [04:30,  1.67s/it]
Explaining differences: 175it [04:32,  1.63s/it]
Explaining differences: 176it [04:34,  1.60s/it]
Explaining differences: 177it [04:35,  1.67s/it]
Explaining differences: 178it [04:37,  1.78s/it]
Explaining differences: 179it [04:42,  2.61s/it]
Explaining differences: 180it [04:46,  3.05s/it]
Explaining differences: 181it [04:47,  2.56s/it]
Explaining differences: 182it [04:52,  3.12s/it]
Explaining differences: 183it [04:54,  2.80s/it]
Explaining differences: 184it [04:56,  2.60s/it]
Explaining differences: 185it [04:58,  2.28s/it]
Explaining differences: 186it [04:59,  2.00s/it]
Explaining differences: 187it [05:00,  1.86s/it]
Explaining differences: 188it [05:02,  1.89s/it]
Explaining differences: 189it [05:04,  1.72s/it]
Explaining differences: 190it [05:05,  1.64s/it]
Explaining differences: 191it [05:06,  1.47s/it]
Explaining differences: 192it [05:08,  1.59s/it]
Explaining differences: 193it [05:10,  1.59s/it]
Explaining differences: 194it [05:11,  1.57s/it]
Explaining differences: 195it [05:14,  1.95s/it]
Explaining differences: 196it [05:16,  1.85s/it]
Explaining differences: 197it [05:17,  1.75s/it]
Explaining differences: 198it [05:19,  1.63s/it]
Explaining differences: 199it [05:20,  1.51s/it]
Explaining differences: 200it [05:21,  1.54s/it]
Explaining differences: 201it [05:23,  1.52s/it]
Explaining differences: 202it [05:24,  1.52s/it]
Explaining differences: 203it [05:26,  1.48s/it]
Explaining differences: 204it [05:27,  1.42s/it]
Explaining differences: 204it [05:27,  1.61s/it]
✅ Saved explained drift report: /Users/andrew/repo/kli-translation-pipeline_principles-of-faith/japenese/pipeline2/analysis/chapters/explained/drift_report_chapter14_back_4_end_of_chapter_activities_vs_chapter14_back_4_end_of_chapter_activities_explained.csv
📊 Summary: 204 analyzed | 27 changed | 0 failed to parse

Analyzing 10 flagged paragraphs in drift_report_chapter14_back_5_hearing_the_voice_of_god_vs_chapter14_back_5_hearing_the_voice_of_god.csv...

Explaining differences: 0it [00:00, ?it/s]
Explaining differences: 1it [00:01,  1.74s/it]
Explaining differences: 2it [00:03,  1.74s/it]
Explaining differences: 3it [00:05,  1.69s/it]
Explaining differences: 4it [00:07,  2.00s/it]
Explaining differences: 5it [00:08,  1.69s/it]
Explaining differences: 6it [00:10,  1.69s/it]
Explaining differences: 7it [00:12,  1.98s/it]
Explaining differences: 8it [00:15,  2.04s/it]
Explaining differences: 9it [00:16,  1.78s/it]
Explaining differences: 10it [00:17,  1.68s/it]
Explaining differences: 10it [00:17,  1.78s/it]
✅ Saved explained drift report: /Users/andrew/repo/kli-translation-pipeline_principles-of-faith/japenese/pipeline2/analysis/chapters/explained/drift_report_chapter14_back_5_hearing_the_voice_of_god_vs_chapter14_back_5_hearing_the_voice_of_god_explained.csv
📊 Summary: 10 analyzed | 4 changed | 0 failed to parse

Analyzing 22 flagged paragraphs in drift_report_chapter14_chapter_14_keep_watch_vs_chapter14_chapter_14_keep_watch.csv...

Explaining differences: 0it [00:00, ?it/s]
Explaining differences: 1it [00:01,  1.73s/it]
Explaining differences: 2it [00:03,  1.56s/it]
Explaining differences: 3it [00:04,  1.49s/it]
Explaining differences: 4it [00:05,  1.39s/it]
Explaining differences: 5it [00:07,  1.41s/it]
Explaining differences: 6it [00:09,  1.54s/it]
Explaining differences: 7it [00:10,  1.58s/it]
Explaining differences: 8it [00:12,  1.51s/it]
Explaining differences: 9it [00:13,  1.45s/it]
Explaining differences: 10it [00:14,  1.48s/it]
Explaining differences: 11it [00:16,  1.62s/it]
Explaining differences: 12it [00:18,  1.66s/it]
Explaining differences: 13it [00:20,  1.68s/it]
Explaining differences: 14it [00:22,  1.73s/it]
Explaining differences: 15it [00:23,  1.58s/it]
Explaining differences: 16it [00:24,  1.47s/it]
Explaining differences: 17it [00:25,  1.40s/it]
Explaining differences: 18it [00:27,  1.44s/it]
Explaining differences: 19it [00:28,  1.38s/it]
Explaining differences: 20it [00:30,  1.39s/it]
Explaining differences: 21it [00:31,  1.31s/it]
Explaining differences: 22it [00:32,  1.38s/it]
Explaining differences: 22it [00:32,  1.49s/it]
✅ Saved explained drift report: /Users/andrew/repo/kli-translation-pipeline_principles-of-faith/japenese/pipeline2/analysis/chapters/explained/drift_report_chapter14_chapter_14_keep_watch_vs_chapter14_chapter_14_keep_watch_explained.csv
📊 Summary: 22 analyzed | 1 changed | 0 failed to parse

ℹ️  No non-HIGH paragraphs in drift_report_chapter0_1_dedication_vs_chapter0_1_dedication.csv — skipping.
Analyzing 1 flagged paragraphs in drift_report_chapter0_0_intro_vs_chapter0_0_intro.csv...

Explaining differences: 0it [00:00, ?it/s]
Explaining differences: 1it [00:03,  3.37s/it]
Explaining differences: 1it [00:03,  3.37s/it]
✅ Saved explained drift report: /Users/andrew/repo/kli-translation-pipeline_principles-of-faith/japenese/pipeline2/analysis/chapters/explained/drift_report_chapter0_0_intro_vs_chapter0_0_intro_explained.csv
📊 Summary: 1 analyzed | 0 changed | 0 failed to parse

Analyzing 8 flagged paragraphs in drift_report_chapter7_chapter_7_jesus_the_foundation_of_our_faith_vs_chapter7_chapter_7_jesus_the_foundation_of_our_faith.csv...

Explaining differences: 0it [00:00, ?it/s]
Explaining differences: 1it [00:01,  1.78s/it]
Explaining differences: 2it [00:03,  1.73s/it]
Explaining differences: 3it [00:05,  1.69s/it]
Explaining differences: 4it [00:06,  1.74s/it]
Explaining differences: 5it [00:08,  1.78s/it]
Explaining differences: 6it [00:11,  2.05s/it]
Explaining differences: 7it [00:14,  2.26s/it]
Explaining differences: 8it [00:18,  2.86s/it]
Explaining differences: 8it [00:18,  2.28s/it]
✅ Saved explained drift report: /Users/andrew/repo/kli-translation-pipeline_principles-of-faith/japenese/pipeline2/analysis/chapters/explained/drift_report_chapter7_chapter_7_jesus_the_foundation_of_our_faith_vs_chapter7_chapter_7_jesus_the_foundation_of_our_faith_explained.csv
📊 Summary: 8 analyzed | 1 changed | 0 failed to parse

Analyzing 31 flagged paragraphs in drift_report_chapter13_chapter_13_spiritual_authority_vs_chapter13_chapter_13_spiritual_authority.csv...

Explaining differences: 0it [00:00, ?it/s]
Explaining differences: 1it [00:02,  2.03s/it]
Explaining differences: 2it [00:03,  1.84s/it]
Explaining differences: 3it [00:05,  1.81s/it]
Explaining differences: 4it [00:07,  1.95s/it]
Explaining differences: 5it [00:09,  2.04s/it]
Explaining differences: 6it [00:11,  1.95s/it]
Explaining differences: 7it [00:14,  2.19s/it]
Explaining differences: 8it [00:15,  1.95s/it]
Explaining differences: 9it [00:17,  1.90s/it]
Explaining differences: 10it [00:19,  1.99s/it]
Explaining differences: 11it [00:21,  2.04s/it]
Explaining differences: 12it [00:23,  2.01s/it]
Explaining differences: 13it [00:25,  1.84s/it]
Explaining differences: 14it [00:27,  2.05s/it]
Explaining differences: 15it [00:29,  1.96s/it]
Explaining differences: 16it [00:31,  1.89s/it]
Explaining differences: 17it [00:32,  1.79s/it]
Explaining differences: 18it [00:34,  1.83s/it]
Explaining differences: 19it [00:36,  1.90s/it]
Explaining differences: 20it [00:41,  2.61s/it]
Explaining differences: 21it [00:42,  2.33s/it]
Explaining differences: 22it [00:44,  2.12s/it]
Explaining differences: 23it [00:46,  2.10s/it]
Explaining differences: 24it [00:48,  1.99s/it]
Explaining differences: 25it [00:49,  1.79s/it]
Explaining differences: 26it [00:55,  2.91s/it]
Explaining differences: 27it [00:57,  2.62s/it]
Explaining differences: 28it [00:58,  2.42s/it]
Explaining differences: 29it [01:00,  2.25s/it]
Explaining differences: 30it [01:03,  2.25s/it]
Explaining differences: 31it [01:05,  2.16s/it]
Explaining differences: 31it [01:05,  2.10s/it]
✅ Saved explained drift report: /Users/andrew/repo/kli-translation-pipeline_principles-of-faith/japenese/pipeline2/analysis/chapters/explained/drift_report_chapter13_chapter_13_spiritual_authority_vs_chapter13_chapter_13_spiritual_authority_explained.csv
📊 Summary: 31 analyzed | 14 changed | 0 failed to parse

Analyzing 32 flagged paragraphs in drift_report_chapter12_chapter_12_discipleship_vs_chapter12_chapter_12_discipleship.csv...

Explaining differences: 0it [00:00, ?it/s]
Explaining differences: 1it [00:01,  1.73s/it]
Explaining differences: 2it [00:02,  1.44s/it]
Explaining differences: 3it [00:04,  1.42s/it]
Explaining differences: 4it [00:06,  1.65s/it]
Explaining differences: 5it [00:08,  1.93s/it]
Explaining differences: 6it [00:10,  1.84s/it]
Explaining differences: 7it [00:12,  1.90s/it]
Explaining differences: 8it [00:14,  1.79s/it]
Explaining differences: 9it [00:15,  1.61s/it]
Explaining differences: 10it [00:16,  1.55s/it]
Explaining differences: 11it [00:18,  1.53s/it]
Explaining differences: 12it [00:19,  1.60s/it]
Explaining differences: 13it [00:21,  1.59s/it]
Explaining differences: 14it [00:22,  1.55s/it]
Explaining differences: 15it [00:25,  1.74s/it]
Explaining differences: 16it [00:27,  1.86s/it]
Explaining differences: 17it [00:28,  1.73s/it]
Explaining differences: 18it [00:30,  1.67s/it]
Explaining differences: 19it [00:31,  1.66s/it]
Explaining differences: 20it [00:33,  1.65s/it]
Explaining differences: 21it [00:34,  1.56s/it]
Explaining differences: 22it [00:35,  1.43s/it]
Explaining differences: 23it [00:37,  1.34s/it]
Explaining differences: 24it [00:38,  1.34s/it]
Explaining differences: 25it [00:40,  1.46s/it]
Explaining differences: 26it [00:41,  1.42s/it]
Explaining differences: 27it [00:43,  1.48s/it]
Explaining differences: 28it [00:44,  1.47s/it]
Explaining differences: 29it [00:46,  1.58s/it]
Explaining differences: 30it [00:47,  1.52s/it]
Explaining differences: 31it [00:49,  1.48s/it]
Explaining differences: 32it [00:50,  1.51s/it]
Explaining differences: 32it [00:50,  1.59s/it]
✅ Saved explained drift report: /Users/andrew/repo/kli-translation-pipeline_principles-of-faith/japenese/pipeline2/analysis/chapters/explained/drift_report_chapter12_chapter_12_discipleship_vs_chapter12_chapter_12_discipleship_explained.csv
📊 Summary: 32 analyzed | 6 changed | 0 failed to parse

Analyzing 1 flagged paragraphs in drift_report_chapter14_back_3_extended_reference_tables_vs_chapter14_back_3_extended_reference_tables.csv...

Explaining differences: 0it [00:00, ?it/s]
Explaining differences: 1it [00:01,  1.88s/it]
Explaining differences: 1it [00:01,  1.89s/it]
✅ Saved explained drift report: /Users/andrew/repo/kli-translation-pipeline_principles-of-faith/japenese/pipeline2/analysis/chapters/explained/drift_report_chapter14_back_3_extended_reference_tables_vs_chapter14_back_3_extended_reference_tables_explained.csv
📊 Summary: 1 analyzed | 1 changed | 0 failed to parse

Analyzing 2 flagged paragraphs in drift_report_chapter0_2_acknowledgements_vs_chapter0_2_acknowledgements.csv...

Explaining differences: 0it [00:00, ?it/s]
Explaining differences: 1it [00:01,  1.22s/it]
Explaining differences: 2it [00:02,  1.53s/it]
Explaining differences: 2it [00:02,  1.48s/it]
✅ Saved explained drift report: /Users/andrew/repo/kli-translation-pipeline_principles-of-faith/japenese/pipeline2/analysis/chapters/explained/drift_report_chapter0_2_acknowledgements_vs_chapter0_2_acknowledgements_explained.csv
📊 Summary: 2 analyzed | 1 changed | 0 failed to parse

Analyzing 39 flagged paragraphs in drift_report_chapter6_chapter_6_faith_toward_god_vs_chapter6_chapter_6_faith_toward_god.csv...

Explaining differences: 0it [00:00, ?it/s]
Explaining differences: 1it [00:01,  1.25s/it]
Explaining differences: 2it [00:03,  1.57s/it]
Explaining differences: 3it [00:04,  1.61s/it]
Explaining differences: 4it [00:06,  1.86s/it]
Explaining differences: 5it [00:08,  1.71s/it]
Explaining differences: 6it [00:09,  1.61s/it]
Explaining differences: 7it [00:11,  1.52s/it]
Explaining differences: 8it [00:12,  1.48s/it]
Explaining differences: 9it [00:13,  1.38s/it]
Explaining differences: 10it [00:15,  1.40s/it]
Explaining differences: 11it [00:16,  1.47s/it]
Explaining differences: 12it [00:18,  1.58s/it]
Explaining differences: 13it [00:20,  1.69s/it]
Explaining differences: 14it [00:22,  1.74s/it]
Explaining differences: 15it [00:23,  1.68s/it]
Explaining differences: 16it [00:25,  1.58s/it]
Explaining differences: 17it [00:26,  1.47s/it]
Explaining differences: 18it [00:27,  1.36s/it]
Explaining differences: 19it [00:29,  1.54s/it]
Explaining differences: 20it [00:31,  1.58s/it]
Explaining differences: 21it [00:32,  1.47s/it]
Explaining differences: 22it [00:34,  1.60s/it]
Explaining differences: 23it [00:36,  1.64s/it]
Explaining differences: 24it [00:37,  1.67s/it]
Explaining differences: 25it [00:39,  1.60s/it]
Explaining differences: 26it [00:41,  1.67s/it]
Explaining differences: 27it [00:42,  1.57s/it]
Explaining differences: 28it [00:44,  1.65s/it]
Explaining differences: 29it [00:45,  1.59s/it]
Explaining differences: 30it [00:48,  1.88s/it]
Explaining differences: 31it [00:50,  1.84s/it]
Explaining differences: 32it [00:51,  1.84s/it]
Explaining differences: 33it [00:53,  1.74s/it]
Explaining differences: 34it [00:54,  1.69s/it]
Explaining differences: 35it [00:56,  1.70s/it]
Explaining differences: 36it [00:58,  1.68s/it]
Explaining differences: 37it [00:59,  1.61s/it]
Explaining differences: 38it [01:01,  1.56s/it]
Explaining differences: 39it [01:02,  1.52s/it]
Explaining differences: 39it [01:02,  1.61s/it]
✅ Saved explained drift report: /Users/andrew/repo/kli-translation-pipeline_principles-of-faith/japenese/pipeline2/analysis/chapters/explained/drift_report_chapter6_chapter_6_faith_toward_god_vs_chapter6_chapter_6_faith_toward_god_explained.csv
📊 Summary: 39 analyzed | 12 changed | 0 failed to parse

ℹ️  No non-HIGH paragraphs in drift_report_chapter0_5_foreword_vs_chapter0_5_foreword.csv — skipping.
Analyzing 7 flagged paragraphs in drift_report_chapter10_chapter_10_sanctified_prepared_for_god_s_purpose_vs_chapter10_chapter_10_sanctified_prepared_for_god_s_purpose.csv...

Explaining differences: 0it [00:00, ?it/s]
Explaining differences: 1it [00:01,  1.93s/it]
Explaining differences: 2it [00:03,  1.58s/it]
Explaining differences: 3it [00:05,  1.65s/it]
Explaining differences: 4it [00:06,  1.76s/it]
Explaining differences: 5it [00:08,  1.69s/it]
Explaining differences: 6it [00:09,  1.56s/it]
Explaining differences: 7it [00:11,  1.52s/it]
Explaining differences: 7it [00:11,  1.61s/it]
✅ Saved explained drift report: /Users/andrew/repo/kli-translation-pipeline_principles-of-faith/japenese/pipeline2/analysis/chapters/explained/drift_report_chapter10_chapter_10_sanctified_prepared_for_god_s_purpose_vs_chapter10_chapter_10_sanctified_prepared_for_god_s_purpose_explained.csv
📊 Summary: 7 analyzed | 1 changed | 0 failed to parse

🎉 All files processed.
⚠️  Unknown model for tokenizer; using cl100k_base.

📘 Processing table1.md...
🧮 Auto batch size determined: 20 paragraphs per request (input budget ≈ 246400.0 tokens)
🟦 Translating batch of 1 paragraphs (1/1)...
✅ Done: /Users/andrew/repo/kli-translation-pipeline_principles-of-faith/japenese/pipeline2/translation/tables/table1.md (1/1 translated)

📘 Processing table10.md...
🧮 Auto batch size determined: 20 paragraphs per request (input budget ≈ 246400.0 tokens)
🟦 Translating batch of 1 paragraphs (1/1)...
✅ Done: /Users/andrew/repo/kli-translation-pipeline_principles-of-faith/japenese/pipeline2/translation/tables/table10.md (1/1 translated)

📘 Processing table11.md...
🧮 Auto batch size determined: 20 paragraphs per request (input budget ≈ 246400.0 tokens)
🟦 Translating batch of 1 paragraphs (1/1)...
✅ Done: /Users/andrew/repo/kli-translation-pipeline_principles-of-faith/japenese/pipeline2/translation/tables/table11.md (1/1 translated)

📘 Processing table12.md...
🧮 Auto batch size determined: 20 paragraphs per request (input budget ≈ 246400.0 tokens)
🟦 Translating batch of 1 paragraphs (1/1)...
✅ Done: /Users/andrew/repo/kli-translation-pipeline_principles-of-faith/japenese/pipeline2/translation/tables/table12.md (1/1 translated)

📘 Processing table2.md...
🧮 Auto batch size determined: 20 paragraphs per request (input budget ≈ 246400.0 tokens)
🟦 Translating batch of 1 paragraphs (1/1)...
✅ Done: /Users/andrew/repo/kli-translation-pipeline_principles-of-faith/japenese/pipeline2/translation/tables/table2.md (1/1 translated)

📘 Processing table3.md...
🧮 Auto batch size determined: 20 paragraphs per request (input budget ≈ 246400.0 tokens)
🟦 Translating batch of 1 paragraphs (1/1)...
✅ Done: /Users/andrew/repo/kli-translation-pipeline_principles-of-faith/japenese/pipeline2/translation/tables/table3.md (1/1 translated)

📘 Processing table4.md...
🧮 Auto batch size determined: 20 paragraphs per request (input budget ≈ 246400.0 tokens)
🟦 Translating batch of 1 paragraphs (1/1)...
✅ Done: /Users/andrew/repo/kli-translation-pipeline_principles-of-faith/japenese/pipeline2/translation/tables/table4.md (1/1 translated)

📘 Processing table5.md...
🧮 Auto batch size determined: 20 paragraphs per request (input budget ≈ 246400.0 tokens)
🟦 Translating batch of 1 paragraphs (1/1)...
✅ Done: /Users/andrew/repo/kli-translation-pipeline_principles-of-faith/japenese/pipeline2/translation/tables/table5.md (1/1 translated)

📘 Processing table6.md...
🧮 Auto batch size determined: 20 paragraphs per request (input budget ≈ 246400.0 tokens)
🟦 Translating batch of 1 paragraphs (1/1)...
✅ Done: /Users/andrew/repo/kli-translation-pipeline_principles-of-faith/japenese/pipeline2/translation/tables/table6.md (1/1 translated)

📘 Processing table7.md...
🧮 Auto batch size determined: 20 paragraphs per request (input budget ≈ 246400.0 tokens)
🟦 Translating batch of 1 paragraphs (1/1)...
⚠️ API error Error code: 429 - {'error': {'message': 'You exceeded your current quota, please check your plan and billing details. For more information on this error, read the docs: https://platform.openai.com/docs/guides/error-codes/api-errors.', 'type': 'insufficient_quota', 'param': None, 'code': 'insufficient_quota'}}. Retrying in 2s...
✅ Done: /Users/andrew/repo/kli-translation-pipeline_principles-of-faith/japenese/pipeline2/translation/tables/table7.md (1/1 translated)

📘 Processing table8.md...
🧮 Auto batch size determined: 20 paragraphs per request (input budget ≈ 246400.0 tokens)
🟦 Translating batch of 1 paragraphs (1/1)...
⚠️ API error Error code: 429 - {'error': {'message': 'You exceeded your current quota, please check your plan and billing details. For more information on this error, read the docs: https://platform.openai.com/docs/guides/error-codes/api-errors.', 'type': 'insufficient_quota', 'param': None, 'code': 'insufficient_quota'}}. Retrying in 2s...
⚠️ API error Error code: 429 - {'error': {'message': 'You exceeded your current quota, please check your plan and billing details. For more information on this error, read the docs: https://platform.openai.com/docs/guides/error-codes/api-errors.', 'type': 'insufficient_quota', 'param': None, 'code': 'insufficient_quota'}}. Retrying in 3s...
✅ Done: /Users/andrew/repo/kli-translation-pipeline_principles-of-faith/japenese/pipeline2/translation/tables/table8.md (1/1 translated)

📘 Processing table9.md...
🧮 Auto batch size determined: 20 paragraphs per request (input budget ≈ 246400.0 tokens)
🟦 Translating batch of 1 paragraphs (1/1)...
⚠️ API error Error code: 429 - {'error': {'message': 'You exceeded your current quota, please check your plan and billing details. For more information on this error, read the docs: https://platform.openai.com/docs/guides/error-codes/api-errors.', 'type': 'insufficient_quota', 'param': None, 'code': 'insufficient_quota'}}. Retrying in 2s...
⚠️ API error Error code: 429 - {'error': {'message': 'You exceeded your current quota, please check your plan and billing details. For more information on this error, read the docs: https://platform.openai.com/docs/guides/error-codes/api-errors.', 'type': 'insufficient_quota', 'param': None, 'code': 'insufficient_quota'}}. Retrying in 3s...
⚠️ API error Error code: 429 - {'error': {'message': 'You exceeded your current quota, please check your plan and billing details. For more information on this error, read the docs: https://platform.openai.com/docs/guides/error-codes/api-errors.', 'type': 'insufficient_quota', 'param': None, 'code': 'insufficient_quota'}}. Retrying in 5s...
⚠️ API error Error code: 429 - {'error': {'message': 'You exceeded your current quota, please check your plan and billing details. For more information on this error, read the docs: https://platform.openai.com/docs/guides/error-codes/api-errors.', 'type': 'insufficient_quota', 'param': None, 'code': 'insufficient_quota'}}. Retrying in 9s...
⚠️ API error Error code: 429 - {'error': {'message': 'You exceeded your current quota, please check your plan and billing details. For more information on this error, read the docs: https://platform.openai.com/docs/guides/error-codes/api-errors.', 'type': 'insufficient_quota', 'param': None, 'code': 'insufficient_quota'}}. Retrying in 17s...
⚠️ API error Error code: 429 - {'error': {'message': 'You exceeded your current quota, please check your plan and billing details. For more information on this error, read the docs: https://platform.openai.com/docs/guides/error-codes/api-errors.', 'type': 'insufficient_quota', 'param': None, 'code': 'insufficient_quota'}}. Retrying in 33s...
Traceback (most recent call last):
  File "/Users/andrew/repo/kli-text-translation-workflows/./scripts/translate_table.py", line 394, in <module>
    main()
  File "/Users/andrew/repo/kli-text-translation-workflows/./scripts/translate_table.py", line 370, in main
    process_file(
  File "/Users/andrew/repo/kli-text-translation-workflows/./scripts/translate_table.py", line 288, in process_file
    translated_block = translate_batch(batch, system_prompt, model, max_tokens)
                       ^^^^^^^^^^^^^^^^^^^^^^^^^^^^^^^^^^^^^^^^^^^^^^^^^^^^^^^^
  File "/Users/andrew/repo/kli-text-translation-workflows/./scripts/translate_table.py", line 212, in translate_batch
    raise RuntimeError("Max retries exceeded for translation batch")
RuntimeError: Max retries exceeded for translation batch
⚠️  Unknown model for tokenizer; using cl100k_base.

📘 Processing chapter0_0_intro.md...
📑 Paragraph markers found: 20
⏭️ Skipping <!-- p1 --> (already translated)
⏭️ Skipping <!-- p2 --> (already translated)
⏭️ Skipping <!-- p3 --> (already translated)
⏭️ Skipping <!-- p4 --> (already translated)
⏭️ Skipping <!-- p5 --> (already translated)
⏭️ Skipping <!-- p6 --> (already translated)
⏭️ Skipping <!-- p7 --> (already translated)
⏭️ Skipping <!-- p8 --> (already translated)
⏭️ Skipping <!-- p9 --> (already translated)
⏭️ Skipping <!-- p10 --> (already translated)
⏭️ Skipping <!-- p11 --> (already translated)
⏭️ Skipping <!-- p12 --> (already translated)
⏭️ Skipping <!-- p13 --> (already translated)
⏭️ Skipping <!-- p14 --> (already translated)
⏭️ Skipping <!-- p15 --> (already translated)
⏭️ Skipping <!-- p16 --> (already translated)
⏭️ Skipping <!-- p17 --> (already translated)
⏭️ Skipping <!-- p18 --> (already translated)
⏭️ Skipping <!-- p19 --> (already translated)
⏭️ Skipping <!-- p20 --> (already translated)
🧮 Token-aware batching: 0 batch(es), budget ~106666 tokens, max batch size 20
✅ Done: /Users/andrew/repo/kli-translation-pipeline_principles-of-faith/japenese/pipeline2/translation/chapters/chapter0_0_intro.md (0/20 translated)

📘 Processing chapter0_1_dedication.md...
📑 Paragraph markers found: 3
⏭️ Skipping <!-- p0 --> (already translated)
⏭️ Skipping <!-- p1 --> (already translated)
⏭️ Skipping <!-- p2 --> (already translated)
🧮 Token-aware batching: 0 batch(es), budget ~106666 tokens, max batch size 20
✅ Done: /Users/andrew/repo/kli-translation-pipeline_principles-of-faith/japenese/pipeline2/translation/chapters/chapter0_1_dedication.md (0/3 translated)

📘 Processing chapter0_2_acknowledgements.md...
📑 Paragraph markers found: 4
⏭️ Skipping <!-- p0 --> (already translated)
⏭️ Skipping <!-- p1 --> (already translated)
⏭️ Skipping <!-- p2 --> (already translated)
⏭️ Skipping <!-- p3 --> (already translated)
🧮 Token-aware batching: 0 batch(es), budget ~106666 tokens, max batch size 20
✅ Done: /Users/andrew/repo/kli-translation-pipeline_principles-of-faith/japenese/pipeline2/translation/chapters/chapter0_2_acknowledgements.md (0/4 translated)

📘 Processing chapter0_3_table_of_contents.md...
📑 Paragraph markers found: 26
⏭️ Skipping <!-- p0 --> (already translated)
⏭️ Skipping <!-- p1 --> (already translated)
⏭️ Skipping <!-- p2 --> (already translated)
⏭️ Skipping <!-- p3 --> (already translated)
⏭️ Skipping <!-- p4 --> (already translated)
⏭️ Skipping <!-- p5 --> (already translated)
⏭️ Skipping <!-- p6 --> (already translated)
⏭️ Skipping <!-- p7 --> (already translated)
⏭️ Skipping <!-- p8 --> (already translated)
⏭️ Skipping <!-- p9 --> (already translated)
⏭️ Skipping <!-- p10 --> (already translated)
⏭️ Skipping <!-- p11 --> (already translated)
⏭️ Skipping <!-- p12 --> (already translated)
⏭️ Skipping <!-- p13 --> (already translated)
⏭️ Skipping <!-- p14 --> (already translated)
⏭️ Skipping <!-- p15 --> (already translated)
⏭️ Skipping <!-- p16 --> (already translated)
⏭️ Skipping <!-- p17 --> (already translated)
⏭️ Skipping <!-- p18 --> (already translated)
⏭️ Skipping <!-- p19 --> (already translated)
⏭️ Skipping <!-- p20 --> (already translated)
⏭️ Skipping <!-- p21 --> (already translated)
⏭️ Skipping <!-- p22 --> (already translated)
⏭️ Skipping <!-- p23 --> (already translated)
⏭️ Skipping <!-- p24 --> (already translated)
⏭️ Skipping <!-- p25 --> (already translated)
🧮 Token-aware batching: 0 batch(es), budget ~106666 tokens, max batch size 20
✅ Done: /Users/andrew/repo/kli-translation-pipeline_principles-of-faith/japenese/pipeline2/translation/chapters/chapter0_3_table_of_contents.md (0/26 translated)

📘 Processing chapter0_4_list_of_tables.md...
📑 Paragraph markers found: 13
⏭️ Skipping <!-- p0 --> (already translated)
⏭️ Skipping <!-- p1 --> (already translated)
⏭️ Skipping <!-- p2 --> (already translated)
⏭️ Skipping <!-- p3 --> (already translated)
⏭️ Skipping <!-- p4 --> (already translated)
⏭️ Skipping <!-- p5 --> (already translated)
⏭️ Skipping <!-- p6 --> (already translated)
⏭️ Skipping <!-- p7 --> (already translated)
⏭️ Skipping <!-- p8 --> (already translated)
⏭️ Skipping <!-- p9 --> (already translated)
⏭️ Skipping <!-- p10 --> (already translated)
⏭️ Skipping <!-- p11 --> (already translated)
⏭️ Skipping <!-- p12 --> (already translated)
🧮 Token-aware batching: 0 batch(es), budget ~106666 tokens, max batch size 20
✅ Done: /Users/andrew/repo/kli-translation-pipeline_principles-of-faith/japenese/pipeline2/translation/chapters/chapter0_4_list_of_tables.md (0/13 translated)

📘 Processing chapter0_5_foreword.md...
📑 Paragraph markers found: 6
⏭️ Skipping <!-- p0 --> (already translated)
⏭️ Skipping <!-- p1 --> (already translated)
⏭️ Skipping <!-- p2 --> (already translated)
⏭️ Skipping <!-- p3 --> (already translated)
⏭️ Skipping <!-- p4 --> (already translated)
⏭️ Skipping <!-- p5 --> (already translated)
🧮 Token-aware batching: 0 batch(es), budget ~106666 tokens, max batch size 20
✅ Done: /Users/andrew/repo/kli-translation-pipeline_principles-of-faith/japenese/pipeline2/translation/chapters/chapter0_5_foreword.md (0/6 translated)

📘 Processing chapter0_6_preface.md...
📑 Paragraph markers found: 69
⏭️ Skipping <!-- p0 --> (already translated)
⏭️ Skipping <!-- p1 --> (already translated)
⏭️ Skipping <!-- p2 --> (already translated)
⏭️ Skipping <!-- p3 --> (already translated)
⏭️ Skipping <!-- p4 --> (already translated)
⏭️ Skipping <!-- p5 --> (already translated)
⏭️ Skipping <!-- p6 --> (already translated)
⏭️ Skipping <!-- p7 --> (already translated)
⏭️ Skipping <!-- p8 --> (already translated)
⏭️ Skipping <!-- p9 --> (already translated)
⏭️ Skipping <!-- p10 --> (already translated)
⏭️ Skipping <!-- p11 --> (already translated)
⏭️ Skipping <!-- p12 --> (already translated)
⏭️ Skipping <!-- p13 --> (already translated)
⏭️ Skipping <!-- p14 --> (already translated)
⏭️ Skipping <!-- p15 --> (already translated)
⏭️ Skipping <!-- p16 --> (already translated)
⏭️ Skipping <!-- p17 --> (already translated)
⏭️ Skipping <!-- p18 --> (already translated)
⏭️ Skipping <!-- p19 --> (already translated)
⏭️ Skipping <!-- p20 --> (already translated)
⏭️ Skipping <!-- p21 --> (already translated)
⏭️ Skipping <!-- p22 --> (already translated)
⏭️ Skipping <!-- p23 --> (already translated)
⏭️ Skipping <!-- p24 --> (already translated)
⏭️ Skipping <!-- p25 --> (already translated)
⏭️ Skipping <!-- p26 --> (already translated)
⏭️ Skipping <!-- p27 --> (already translated)
⏭️ Skipping <!-- p28 --> (already translated)
⏭️ Skipping <!-- p29 --> (already translated)
⏭️ Skipping <!-- p30 --> (already translated)
⏭️ Skipping <!-- p31 --> (already translated)
⏭️ Skipping <!-- p32 --> (already translated)
⏭️ Skipping <!-- p33 --> (already translated)
⏭️ Skipping <!-- p34 --> (already translated)
⏭️ Skipping <!-- p35 --> (already translated)
⏭️ Skipping <!-- p36 --> (already translated)
⏭️ Skipping <!-- p37 --> (already translated)
⏭️ Skipping <!-- p38 --> (already translated)
⏭️ Skipping <!-- p39 --> (already translated)
⏭️ Skipping <!-- p40 --> (already translated)
⏭️ Skipping <!-- p41 --> (already translated)
⏭️ Skipping <!-- p42 --> (already translated)
⏭️ Skipping <!-- p43 --> (already translated)
⏭️ Skipping <!-- p44 --> (already translated)
⏭️ Skipping <!-- p45 --> (already translated)
⏭️ Skipping <!-- p46 --> (already translated)
⏭️ Skipping <!-- p47 --> (already translated)
⏭️ Skipping <!-- p48 --> (already translated)
⏭️ Skipping <!-- p49 --> (already translated)
⏭️ Skipping <!-- p50 --> (already translated)
⏭️ Skipping <!-- p52 --> (already translated)
⏭️ Skipping <!-- p53 --> (already translated)
⏭️ Skipping <!-- p54 --> (already translated)
⏭️ Skipping <!-- p55 --> (already translated)
⏭️ Skipping <!-- p56 --> (already translated)
⏭️ Skipping <!-- p57 --> (already translated)
⏭️ Skipping <!-- p58 --> (already translated)
⏭️ Skipping <!-- p59 --> (already translated)
⏭️ Skipping <!-- p60 --> (already translated)
⏭️ Skipping <!-- p61 --> (already translated)
⏭️ Skipping <!-- p62 --> (already translated)
⏭️ Skipping <!-- p63 --> (already translated)
⏭️ Skipping <!-- p64 --> (already translated)
⏭️ Skipping <!-- p65 --> (already translated)
⏭️ Skipping <!-- p66 --> (already translated)
⏭️ Skipping <!-- p67 --> (already translated)
⏭️ Skipping <!-- p68 --> (already translated)
⏭️ Skipping <!-- p69 --> (already translated)
🧮 Token-aware batching: 0 batch(es), budget ~106666 tokens, max batch size 20
✅ Done: /Users/andrew/repo/kli-translation-pipeline_principles-of-faith/japenese/pipeline2/translation/chapters/chapter0_6_preface.md (0/69 translated)

📘 Processing chapter10_chapter_10_sanctified_prepared_for_god_s_purpose.md...
📑 Paragraph markers found: 112
⏭️ Skipping <!-- p0 --> (already translated)
⏭️ Skipping <!-- p1 --> (already translated)
⏭️ Skipping <!-- p2 --> (already translated)
⏭️ Skipping <!-- p3 --> (already translated)
⏭️ Skipping <!-- p4 --> (already translated)
⏭️ Skipping <!-- p5 --> (already translated)
⏭️ Skipping <!-- p6 --> (already translated)
⏭️ Skipping <!-- p7 --> (already translated)
⏭️ Skipping <!-- p8 --> (already translated)
⏭️ Skipping <!-- p9 --> (already translated)
⏭️ Skipping <!-- p10 --> (already translated)
⏭️ Skipping <!-- p11 --> (already translated)
⏭️ Skipping <!-- p12 --> (already translated)
⏭️ Skipping <!-- p13 --> (already translated)
⏭️ Skipping <!-- p14 --> (already translated)
⏭️ Skipping <!-- p15 --> (already translated)
⏭️ Skipping <!-- p16 --> (already translated)
⏭️ Skipping <!-- p17 --> (already translated)
⏭️ Skipping <!-- p18 --> (already translated)
⏭️ Skipping <!-- p19 --> (already translated)
⏭️ Skipping <!-- p20 --> (already translated)
⏭️ Skipping <!-- p21 --> (already translated)
⏭️ Skipping <!-- p22 --> (already translated)
⏭️ Skipping <!-- p23 --> (already translated)
⏭️ Skipping <!-- p24 --> (already translated)
⏭️ Skipping <!-- p25 --> (already translated)
⏭️ Skipping <!-- p26 --> (already translated)
⏭️ Skipping <!-- p27 --> (already translated)
⏭️ Skipping <!-- p28 --> (already translated)
⏭️ Skipping <!-- p29 --> (already translated)
⏭️ Skipping <!-- p30 --> (already translated)
⏭️ Skipping <!-- p31 --> (already translated)
⏭️ Skipping <!-- p32 --> (already translated)
⏭️ Skipping <!-- p33 --> (already translated)
⏭️ Skipping <!-- p34 --> (already translated)
⏭️ Skipping <!-- p35 --> (already translated)
⏭️ Skipping <!-- p36 --> (already translated)
⏭️ Skipping <!-- p37 --> (already translated)
⏭️ Skipping <!-- p38 --> (already translated)
⏭️ Skipping <!-- p39 --> (already translated)
⏭️ Skipping <!-- p40 --> (already translated)
⏭️ Skipping <!-- p41 --> (already translated)
⏭️ Skipping <!-- p42 --> (already translated)
⏭️ Skipping <!-- p43 --> (already translated)
⏭️ Skipping <!-- p44 --> (already translated)
⏭️ Skipping <!-- p45 --> (already translated)
⏭️ Skipping <!-- p46 --> (already translated)
⏭️ Skipping <!-- p47 --> (already translated)
⏭️ Skipping <!-- p48 --> (already translated)
⏭️ Skipping <!-- p49 --> (already translated)
⏭️ Skipping <!-- p50 --> (already translated)
⏭️ Skipping <!-- p51 --> (already translated)
⏭️ Skipping <!-- p52 --> (already translated)
⏭️ Skipping <!-- p53 --> (already translated)
⏭️ Skipping <!-- p54 --> (already translated)
⏭️ Skipping <!-- p55 --> (already translated)
⏭️ Skipping <!-- p56 --> (already translated)
⏭️ Skipping <!-- p57 --> (already translated)
⏭️ Skipping <!-- p58 --> (already translated)
⏭️ Skipping <!-- p59 --> (already translated)
⏭️ Skipping <!-- p60 --> (already translated)
⏭️ Skipping <!-- p61 --> (already translated)
⏭️ Skipping <!-- p62 --> (already translated)
⏭️ Skipping <!-- p63 --> (already translated)
⏭️ Skipping <!-- p64 --> (already translated)
⏭️ Skipping <!-- p65 --> (already translated)
⏭️ Skipping <!-- p66 --> (already translated)
⏭️ Skipping <!-- p67 --> (already translated)
⏭️ Skipping <!-- p68 --> (already translated)
⏭️ Skipping <!-- p69 --> (already translated)
⏭️ Skipping <!-- p70 --> (already translated)
⏭️ Skipping <!-- p71 --> (already translated)
⏭️ Skipping <!-- p72 --> (already translated)
⏭️ Skipping <!-- p73 --> (already translated)
⏭️ Skipping <!-- p74 --> (already translated)
⏭️ Skipping <!-- p75 --> (already translated)
⏭️ Skipping <!-- p76 --> (already translated)
⏭️ Skipping <!-- p77 --> (already translated)
⏭️ Skipping <!-- p78 --> (already translated)
⏭️ Skipping <!-- p79 --> (already translated)
⏭️ Skipping <!-- p80 --> (already translated)
⏭️ Skipping <!-- p81 --> (already translated)
⏭️ Skipping <!-- p82 --> (already translated)
⏭️ Skipping <!-- p83 --> (already translated)
⏭️ Skipping <!-- p84 --> (already translated)
⏭️ Skipping <!-- p85 --> (already translated)
⏭️ Skipping <!-- p86 --> (already translated)
⏭️ Skipping <!-- p87 --> (already translated)
⏭️ Skipping <!-- p88 --> (already translated)
⏭️ Skipping <!-- p89 --> (already translated)
⏭️ Skipping <!-- p90 --> (already translated)
⏭️ Skipping <!-- p91 --> (already translated)
⏭️ Skipping <!-- p92 --> (already translated)
⏭️ Skipping <!-- p93 --> (already translated)
⏭️ Skipping <!-- p94 --> (already translated)
⏭️ Skipping <!-- p95 --> (already translated)
⏭️ Skipping <!-- p96 --> (already translated)
⏭️ Skipping <!-- p97 --> (already translated)
⏭️ Skipping <!-- p98 --> (already translated)
⏭️ Skipping <!-- p99 --> (already translated)
⏭️ Skipping <!-- p100 --> (already translated)
⏭️ Skipping <!-- p101 --> (already translated)
⏭️ Skipping <!-- p102 --> (already translated)
⏭️ Skipping <!-- p103 --> (already translated)
⏭️ Skipping <!-- p104 --> (already translated)
⏭️ Skipping <!-- p105 --> (already translated)
⏭️ Skipping <!-- p106 --> (already translated)
⏭️ Skipping <!-- p107 --> (already translated)
⏭️ Skipping <!-- p108 --> (already translated)
⏭️ Skipping <!-- p109 --> (already translated)
⏭️ Skipping <!-- p110 --> (already translated)
⏭️ Skipping <!-- p111 --> (already translated)
🧮 Token-aware batching: 0 batch(es), budget ~106666 tokens, max batch size 20
✅ Done: /Users/andrew/repo/kli-translation-pipeline_principles-of-faith/japenese/pipeline2/translation/chapters/chapter10_chapter_10_sanctified_prepared_for_god_s_purpose.md (0/112 translated)

📘 Processing chapter11_chapter_11_baptisms_water_and_spirit.md...
📑 Paragraph markers found: 133
⏭️ Skipping <!-- p0 --> (already translated)
⏭️ Skipping <!-- p1 --> (already translated)
⏭️ Skipping <!-- p2 --> (already translated)
⏭️ Skipping <!-- p3 --> (already translated)
⏭️ Skipping <!-- p4 --> (already translated)
⏭️ Skipping <!-- p5 --> (already translated)
⏭️ Skipping <!-- p6 --> (already translated)
⏭️ Skipping <!-- p7 --> (already translated)
⏭️ Skipping <!-- p8 --> (already translated)
⏭️ Skipping <!-- p9 --> (already translated)
⏭️ Skipping <!-- p10 --> (already translated)
⏭️ Skipping <!-- p11 --> (already translated)
⏭️ Skipping <!-- p12 --> (already translated)
⏭️ Skipping <!-- p13 --> (already translated)
⏭️ Skipping <!-- p14 --> (already translated)
⏭️ Skipping <!-- p15 --> (already translated)
⏭️ Skipping <!-- p16 --> (already translated)
⏭️ Skipping <!-- p17 --> (already translated)
⏭️ Skipping <!-- p18 --> (already translated)
⏭️ Skipping <!-- p19 --> (already translated)
⏭️ Skipping <!-- p20 --> (already translated)
⏭️ Skipping <!-- p21 --> (already translated)
⏭️ Skipping <!-- p22 --> (already translated)
⏭️ Skipping <!-- p23 --> (already translated)
⏭️ Skipping <!-- p24 --> (already translated)
⏭️ Skipping <!-- p25 --> (already translated)
⏭️ Skipping <!-- p26 --> (already translated)
⏭️ Skipping <!-- p27 --> (already translated)
⏭️ Skipping <!-- p28 --> (already translated)
⏭️ Skipping <!-- p29 --> (already translated)
⏭️ Skipping <!-- p30 --> (already translated)
⏭️ Skipping <!-- p31 --> (already translated)
⏭️ Skipping <!-- p32 --> (already translated)
⏭️ Skipping <!-- p33 --> (already translated)
⏭️ Skipping <!-- p34 --> (already translated)
⏭️ Skipping <!-- p35 --> (already translated)
⏭️ Skipping <!-- p36 --> (already translated)
⏭️ Skipping <!-- p37 --> (already translated)
⏭️ Skipping <!-- p38 --> (already translated)
⏭️ Skipping <!-- p39 --> (already translated)
⏭️ Skipping <!-- p40 --> (already translated)
⏭️ Skipping <!-- p41 --> (already translated)
⏭️ Skipping <!-- p42 --> (already translated)
⏭️ Skipping <!-- p43 --> (already translated)
⏭️ Skipping <!-- p44 --> (already translated)
⏭️ Skipping <!-- p45 --> (already translated)
⏭️ Skipping <!-- p46 --> (already translated)
⏭️ Skipping <!-- p47 --> (already translated)
⏭️ Skipping <!-- p48 --> (already translated)
⏭️ Skipping <!-- p49 --> (already translated)
⏭️ Skipping <!-- p50 --> (already translated)
⏭️ Skipping <!-- p51 --> (already translated)
⏭️ Skipping <!-- p52 --> (already translated)
⏭️ Skipping <!-- p53 --> (already translated)
⏭️ Skipping <!-- p54 --> (already translated)
⏭️ Skipping <!-- p55 --> (already translated)
⏭️ Skipping <!-- p56 --> (already translated)
⏭️ Skipping <!-- p57 --> (already translated)
⏭️ Skipping <!-- p58 --> (already translated)
⏭️ Skipping <!-- p59 --> (already translated)
⏭️ Skipping <!-- p60 --> (already translated)
⏭️ Skipping <!-- p61 --> (already translated)
⏭️ Skipping <!-- p62 --> (already translated)
⏭️ Skipping <!-- p63 --> (already translated)
⏭️ Skipping <!-- p64 --> (already translated)
⏭️ Skipping <!-- p65 --> (already translated)
⏭️ Skipping <!-- p66 --> (already translated)
⏭️ Skipping <!-- p67 --> (already translated)
⏭️ Skipping <!-- p68 --> (already translated)
⏭️ Skipping <!-- p69 --> (already translated)
⏭️ Skipping <!-- p70 --> (already translated)
⏭️ Skipping <!-- p71 --> (already translated)
⏭️ Skipping <!-- p72 --> (already translated)
⏭️ Skipping <!-- p73 --> (already translated)
⏭️ Skipping <!-- p74 --> (already translated)
⏭️ Skipping <!-- p75 --> (already translated)
⏭️ Skipping <!-- p76 --> (already translated)
⏭️ Skipping <!-- p77 --> (already translated)
⏭️ Skipping <!-- p78 --> (already translated)
⏭️ Skipping <!-- p79 --> (already translated)
⏭️ Skipping <!-- p80 --> (already translated)
⏭️ Skipping <!-- p81 --> (already translated)
⏭️ Skipping <!-- p82 --> (already translated)
⏭️ Skipping <!-- p83 --> (already translated)
⏭️ Skipping <!-- p84 --> (already translated)
⏭️ Skipping <!-- p85 --> (already translated)
⏭️ Skipping <!-- p86 --> (already translated)
⏭️ Skipping <!-- p87 --> (already translated)
⏭️ Skipping <!-- p88 --> (already translated)
⏭️ Skipping <!-- p89 --> (already translated)
⏭️ Skipping <!-- p90 --> (already translated)
⏭️ Skipping <!-- p91 --> (already translated)
⏭️ Skipping <!-- p92 --> (already translated)
⏭️ Skipping <!-- p93 --> (already translated)
⏭️ Skipping <!-- p94 --> (already translated)
⏭️ Skipping <!-- p95 --> (already translated)
⏭️ Skipping <!-- p96 --> (already translated)
⏭️ Skipping <!-- p97 --> (already translated)
⏭️ Skipping <!-- p98 --> (already translated)
⏭️ Skipping <!-- p99 --> (already translated)
⏭️ Skipping <!-- p100 --> (already translated)
⏭️ Skipping <!-- p101 --> (already translated)
⏭️ Skipping <!-- p102 --> (already translated)
⏭️ Skipping <!-- p103 --> (already translated)
⏭️ Skipping <!-- p104 --> (already translated)
⏭️ Skipping <!-- p105 --> (already translated)
⏭️ Skipping <!-- p106 --> (already translated)
⏭️ Skipping <!-- p107 --> (already translated)
⏭️ Skipping <!-- p108 --> (already translated)
⏭️ Skipping <!-- p109 --> (already translated)
⏭️ Skipping <!-- p110 --> (already translated)
⏭️ Skipping <!-- p111 --> (already translated)
⏭️ Skipping <!-- p112 --> (already translated)
⏭️ Skipping <!-- p113 --> (already translated)
⏭️ Skipping <!-- p114 --> (already translated)
⏭️ Skipping <!-- p115 --> (already translated)
⏭️ Skipping <!-- p116 --> (already translated)
⏭️ Skipping <!-- p117 --> (already translated)
⏭️ Skipping <!-- p118 --> (already translated)
⏭️ Skipping <!-- p119 --> (already translated)
⏭️ Skipping <!-- p120 --> (already translated)
⏭️ Skipping <!-- p121 --> (already translated)
⏭️ Skipping <!-- p122 --> (already translated)
⏭️ Skipping <!-- p123 --> (already translated)
⏭️ Skipping <!-- p124 --> (already translated)
⏭️ Skipping <!-- p125 --> (already translated)
⏭️ Skipping <!-- p126 --> (already translated)
⏭️ Skipping <!-- p127 --> (already translated)
⏭️ Skipping <!-- p128 --> (already translated)
⏭️ Skipping <!-- p129 --> (already translated)
⏭️ Skipping <!-- p130 --> (already translated)
⏭️ Skipping <!-- p131 --> (already translated)
⏭️ Skipping <!-- p132 --> (already translated)
🧮 Token-aware batching: 0 batch(es), budget ~106666 tokens, max batch size 20
✅ Done: /Users/andrew/repo/kli-translation-pipeline_principles-of-faith/japenese/pipeline2/translation/chapters/chapter11_chapter_11_baptisms_water_and_spirit.md (0/133 translated)

📘 Processing chapter12_chapter_12_discipleship.md...
📑 Paragraph markers found: 116
⏭️ Skipping <!-- p0 --> (already translated)
⏭️ Skipping <!-- p1 --> (already translated)
⏭️ Skipping <!-- p2 --> (already translated)
⏭️ Skipping <!-- p3 --> (already translated)
⏭️ Skipping <!-- p4 --> (already translated)
⏭️ Skipping <!-- p5 --> (already translated)
⏭️ Skipping <!-- p6 --> (already translated)
⏭️ Skipping <!-- p7 --> (already translated)
⏭️ Skipping <!-- p8 --> (already translated)
⏭️ Skipping <!-- p9 --> (already translated)
⏭️ Skipping <!-- p10 --> (already translated)
⏭️ Skipping <!-- p11 --> (already translated)
⏭️ Skipping <!-- p12 --> (already translated)
⏭️ Skipping <!-- p13 --> (already translated)
⏭️ Skipping <!-- p14 --> (already translated)
⏭️ Skipping <!-- p15 --> (already translated)
⏭️ Skipping <!-- p16 --> (already translated)
⏭️ Skipping <!-- p17 --> (already translated)
⏭️ Skipping <!-- p18 --> (already translated)
⏭️ Skipping <!-- p19 --> (already translated)
⏭️ Skipping <!-- p20 --> (already translated)
⏭️ Skipping <!-- p21 --> (already translated)
⏭️ Skipping <!-- p22 --> (already translated)
⏭️ Skipping <!-- p23 --> (already translated)
⏭️ Skipping <!-- p24 --> (already translated)
⏭️ Skipping <!-- p25 --> (already translated)
⏭️ Skipping <!-- p26 --> (already translated)
⏭️ Skipping <!-- p27 --> (already translated)
⏭️ Skipping <!-- p28 --> (already translated)
⏭️ Skipping <!-- p29 --> (already translated)
⏭️ Skipping <!-- p30 --> (already translated)
⏭️ Skipping <!-- p31 --> (already translated)
⏭️ Skipping <!-- p32 --> (already translated)
⏭️ Skipping <!-- p33 --> (already translated)
⏭️ Skipping <!-- p34 --> (already translated)
⏭️ Skipping <!-- p35 --> (already translated)
⏭️ Skipping <!-- p36 --> (already translated)
⏭️ Skipping <!-- p37 --> (already translated)
⏭️ Skipping <!-- p38 --> (already translated)
⏭️ Skipping <!-- p39 --> (already translated)
⏭️ Skipping <!-- p40 --> (already translated)
⏭️ Skipping <!-- p41 --> (already translated)
⏭️ Skipping <!-- p42 --> (already translated)
⏭️ Skipping <!-- p43 --> (already translated)
⏭️ Skipping <!-- p44 --> (already translated)
⏭️ Skipping <!-- p45 --> (already translated)
⏭️ Skipping <!-- p46 --> (already translated)
⏭️ Skipping <!-- p47 --> (already translated)
⏭️ Skipping <!-- p48 --> (already translated)
⏭️ Skipping <!-- p49 --> (already translated)
⏭️ Skipping <!-- p50 --> (already translated)
⏭️ Skipping <!-- p51 --> (already translated)
⏭️ Skipping <!-- p52 --> (already translated)
⏭️ Skipping <!-- p53 --> (already translated)
⏭️ Skipping <!-- p54 --> (already translated)
⏭️ Skipping <!-- p55 --> (already translated)
⏭️ Skipping <!-- p56 --> (already translated)
⏭️ Skipping <!-- p57 --> (already translated)
⏭️ Skipping <!-- p58 --> (already translated)
⏭️ Skipping <!-- p59 --> (already translated)
⏭️ Skipping <!-- p60 --> (already translated)
⏭️ Skipping <!-- p61 --> (already translated)
⏭️ Skipping <!-- p62 --> (already translated)
⏭️ Skipping <!-- p63 --> (already translated)
⏭️ Skipping <!-- p64 --> (already translated)
⏭️ Skipping <!-- p65 --> (already translated)
⏭️ Skipping <!-- p66 --> (already translated)
⏭️ Skipping <!-- p67 --> (already translated)
⏭️ Skipping <!-- p68 --> (already translated)
⏭️ Skipping <!-- p69 --> (already translated)
⏭️ Skipping <!-- p70 --> (already translated)
⏭️ Skipping <!-- p71 --> (already translated)
⏭️ Skipping <!-- p72 --> (already translated)
⏭️ Skipping <!-- p73 --> (already translated)
⏭️ Skipping <!-- p74 --> (already translated)
⏭️ Skipping <!-- p75 --> (already translated)
⏭️ Skipping <!-- p76 --> (already translated)
⏭️ Skipping <!-- p77 --> (already translated)
⏭️ Skipping <!-- p78 --> (already translated)
⏭️ Skipping <!-- p79 --> (already translated)
⏭️ Skipping <!-- p80 --> (already translated)
⏭️ Skipping <!-- p81 --> (already translated)
⏭️ Skipping <!-- p82 --> (already translated)
⏭️ Skipping <!-- p83 --> (already translated)
⏭️ Skipping <!-- p84 --> (already translated)
⏭️ Skipping <!-- p85 --> (already translated)
⏭️ Skipping <!-- p86 --> (already translated)
⏭️ Skipping <!-- p87 --> (already translated)
⏭️ Skipping <!-- p88 --> (already translated)
⏭️ Skipping <!-- p89 --> (already translated)
⏭️ Skipping <!-- p90 --> (already translated)
⏭️ Skipping <!-- p91 --> (already translated)
⏭️ Skipping <!-- p92 --> (already translated)
⏭️ Skipping <!-- p93 --> (already translated)
⏭️ Skipping <!-- p94 --> (already translated)
⏭️ Skipping <!-- p95 --> (already translated)
⏭️ Skipping <!-- p96 --> (already translated)
⏭️ Skipping <!-- p97 --> (already translated)
⏭️ Skipping <!-- p98 --> (already translated)
⏭️ Skipping <!-- p99 --> (already translated)
⏭️ Skipping <!-- p100 --> (already translated)
⏭️ Skipping <!-- p101 --> (already translated)
⏭️ Skipping <!-- p102 --> (already translated)
⏭️ Skipping <!-- p103 --> (already translated)
⏭️ Skipping <!-- p104 --> (already translated)
⏭️ Skipping <!-- p105 --> (already translated)
⏭️ Skipping <!-- p106 --> (already translated)
⏭️ Skipping <!-- p107 --> (already translated)
⏭️ Skipping <!-- p108 --> (already translated)
⏭️ Skipping <!-- p109 --> (already translated)
⏭️ Skipping <!-- p110 --> (already translated)
⏭️ Skipping <!-- p111 --> (already translated)
⏭️ Skipping <!-- p112 --> (already translated)
⏭️ Skipping <!-- p113 --> (already translated)
⏭️ Skipping <!-- p114 --> (already translated)
⏭️ Skipping <!-- p115 --> (already translated)
🧮 Token-aware batching: 0 batch(es), budget ~106666 tokens, max batch size 20
✅ Done: /Users/andrew/repo/kli-translation-pipeline_principles-of-faith/japenese/pipeline2/translation/chapters/chapter12_chapter_12_discipleship.md (0/116 translated)

📘 Processing chapter13_chapter_13_spiritual_authority.md...
📑 Paragraph markers found: 197
⏭️ Skipping <!-- p0 --> (already translated)
⏭️ Skipping <!-- p1 --> (already translated)
⏭️ Skipping <!-- p2 --> (already translated)
⏭️ Skipping <!-- p3 --> (already translated)
⏭️ Skipping <!-- p4 --> (already translated)
⏭️ Skipping <!-- p5 --> (already translated)
⏭️ Skipping <!-- p6 --> (already translated)
⏭️ Skipping <!-- p7 --> (already translated)
⏭️ Skipping <!-- p8 --> (already translated)
⏭️ Skipping <!-- p9 --> (already translated)
⏭️ Skipping <!-- p10 --> (already translated)
⏭️ Skipping <!-- p11 --> (already translated)
⏭️ Skipping <!-- p12 --> (already translated)
⏭️ Skipping <!-- p13 --> (already translated)
⏭️ Skipping <!-- p14 --> (already translated)
⏭️ Skipping <!-- p15 --> (already translated)
⏭️ Skipping <!-- p16 --> (already translated)
⏭️ Skipping <!-- p17 --> (already translated)
⏭️ Skipping <!-- p18 --> (already translated)
⏭️ Skipping <!-- p19 --> (already translated)
⏭️ Skipping <!-- p20 --> (already translated)
⏭️ Skipping <!-- p21 --> (already translated)
⏭️ Skipping <!-- p22 --> (already translated)
⏭️ Skipping <!-- p23 --> (already translated)
⏭️ Skipping <!-- p24 --> (already translated)
⏭️ Skipping <!-- p25 --> (already translated)
⏭️ Skipping <!-- p26 --> (already translated)
⏭️ Skipping <!-- p27 --> (already translated)
⏭️ Skipping <!-- p28 --> (already translated)
⏭️ Skipping <!-- p29 --> (already translated)
⏭️ Skipping <!-- p30 --> (already translated)
⏭️ Skipping <!-- p31 --> (already translated)
⏭️ Skipping <!-- p32 --> (already translated)
⏭️ Skipping <!-- p33 --> (already translated)
⏭️ Skipping <!-- p34 --> (already translated)
⏭️ Skipping <!-- p35 --> (already translated)
⏭️ Skipping <!-- p36 --> (already translated)
⏭️ Skipping <!-- p37 --> (already translated)
⏭️ Skipping <!-- p38 --> (already translated)
⏭️ Skipping <!-- p39 --> (already translated)
⏭️ Skipping <!-- p40 --> (already translated)
⏭️ Skipping <!-- p41 --> (already translated)
⏭️ Skipping <!-- p42 --> (already translated)
⏭️ Skipping <!-- p43 --> (already translated)
⏭️ Skipping <!-- p44 --> (already translated)
⏭️ Skipping <!-- p45 --> (already translated)
⏭️ Skipping <!-- p46 --> (already translated)
⏭️ Skipping <!-- p47 --> (already translated)
⏭️ Skipping <!-- p48 --> (already translated)
⏭️ Skipping <!-- p49 --> (already translated)
⏭️ Skipping <!-- p50 --> (already translated)
⏭️ Skipping <!-- p51 --> (already translated)
⏭️ Skipping <!-- p52 --> (already translated)
⏭️ Skipping <!-- p53 --> (already translated)
⏭️ Skipping <!-- p54 --> (already translated)
⏭️ Skipping <!-- p55 --> (already translated)
⏭️ Skipping <!-- p56 --> (already translated)
⏭️ Skipping <!-- p57 --> (already translated)
⏭️ Skipping <!-- p58 --> (already translated)
⏭️ Skipping <!-- p59 --> (already translated)
⏭️ Skipping <!-- p60 --> (already translated)
⏭️ Skipping <!-- p61 --> (already translated)
⏭️ Skipping <!-- p62 --> (already translated)
⏭️ Skipping <!-- p63 --> (already translated)
⏭️ Skipping <!-- p64 --> (already translated)
⏭️ Skipping <!-- p65 --> (already translated)
⏭️ Skipping <!-- p66 --> (already translated)
⏭️ Skipping <!-- p67 --> (already translated)
⏭️ Skipping <!-- p68 --> (already translated)
⏭️ Skipping <!-- p69 --> (already translated)
⏭️ Skipping <!-- p70 --> (already translated)
⏭️ Skipping <!-- p71 --> (already translated)
⏭️ Skipping <!-- p72 --> (already translated)
⏭️ Skipping <!-- p73 --> (already translated)
⏭️ Skipping <!-- p74 --> (already translated)
⏭️ Skipping <!-- p75 --> (already translated)
⏭️ Skipping <!-- p76 --> (already translated)
⏭️ Skipping <!-- p77 --> (already translated)
⏭️ Skipping <!-- p78 --> (already translated)
⏭️ Skipping <!-- p79 --> (already translated)
⏭️ Skipping <!-- p80 --> (already translated)
⏭️ Skipping <!-- p81 --> (already translated)
⏭️ Skipping <!-- p82 --> (already translated)
⏭️ Skipping <!-- p83 --> (already translated)
⏭️ Skipping <!-- p84 --> (already translated)
⏭️ Skipping <!-- p85 --> (already translated)
⏭️ Skipping <!-- p86 --> (already translated)
⏭️ Skipping <!-- p87 --> (already translated)
⏭️ Skipping <!-- p88 --> (already translated)
⏭️ Skipping <!-- p89 --> (already translated)
⏭️ Skipping <!-- p90 --> (already translated)
⏭️ Skipping <!-- p91 --> (already translated)
⏭️ Skipping <!-- p92 --> (already translated)
⏭️ Skipping <!-- p93 --> (already translated)
⏭️ Skipping <!-- p94 --> (already translated)
⏭️ Skipping <!-- p95 --> (already translated)
⏭️ Skipping <!-- p96 --> (already translated)
⏭️ Skipping <!-- p97 --> (already translated)
⏭️ Skipping <!-- p98 --> (already translated)
⏭️ Skipping <!-- p99 --> (already translated)
⏭️ Skipping <!-- p100 --> (already translated)
⏭️ Skipping <!-- p101 --> (already translated)
⏭️ Skipping <!-- p102 --> (already translated)
⏭️ Skipping <!-- p103 --> (already translated)
⏭️ Skipping <!-- p104 --> (already translated)
⏭️ Skipping <!-- p105 --> (already translated)
⏭️ Skipping <!-- p106 --> (already translated)
⏭️ Skipping <!-- p107 --> (already translated)
⏭️ Skipping <!-- p108 --> (already translated)
⏭️ Skipping <!-- p109 --> (already translated)
⏭️ Skipping <!-- p110 --> (already translated)
⏭️ Skipping <!-- p111 --> (already translated)
⏭️ Skipping <!-- p112 --> (already translated)
⏭️ Skipping <!-- p113 --> (already translated)
⏭️ Skipping <!-- p114 --> (already translated)
⏭️ Skipping <!-- p115 --> (already translated)
⏭️ Skipping <!-- p116 --> (already translated)
⏭️ Skipping <!-- p117 --> (already translated)
⏭️ Skipping <!-- p118 --> (already translated)
⏭️ Skipping <!-- p119 --> (already translated)
⏭️ Skipping <!-- p120 --> (already translated)
⏭️ Skipping <!-- p121 --> (already translated)
⏭️ Skipping <!-- p122 --> (already translated)
⏭️ Skipping <!-- p123 --> (already translated)
⏭️ Skipping <!-- p124 --> (already translated)
⏭️ Skipping <!-- p125 --> (already translated)
⏭️ Skipping <!-- p126 --> (already translated)
⏭️ Skipping <!-- p127 --> (already translated)
⏭️ Skipping <!-- p128 --> (already translated)
⏭️ Skipping <!-- p129 --> (already translated)
⏭️ Skipping <!-- p130 --> (already translated)
⏭️ Skipping <!-- p131 --> (already translated)
⏭️ Skipping <!-- p132 --> (already translated)
⏭️ Skipping <!-- p133 --> (already translated)
⏭️ Skipping <!-- p134 --> (already translated)
⏭️ Skipping <!-- p135 --> (already translated)
⏭️ Skipping <!-- p136 --> (already translated)
⏭️ Skipping <!-- p137 --> (already translated)
⏭️ Skipping <!-- p138 --> (already translated)
⏭️ Skipping <!-- p139 --> (already translated)
⏭️ Skipping <!-- p140 --> (already translated)
⏭️ Skipping <!-- p141 --> (already translated)
⏭️ Skipping <!-- p142 --> (already translated)
⏭️ Skipping <!-- p143 --> (already translated)
⏭️ Skipping <!-- p144 --> (already translated)
⏭️ Skipping <!-- p145 --> (already translated)
⏭️ Skipping <!-- p146 --> (already translated)
⏭️ Skipping <!-- p147 --> (already translated)
⏭️ Skipping <!-- p148 --> (already translated)
⏭️ Skipping <!-- p149 --> (already translated)
⏭️ Skipping <!-- p150 --> (already translated)
⏭️ Skipping <!-- p151 --> (already translated)
⏭️ Skipping <!-- p152 --> (already translated)
⏭️ Skipping <!-- p153 --> (already translated)
⏭️ Skipping <!-- p154 --> (already translated)
⏭️ Skipping <!-- p155 --> (already translated)
⏭️ Skipping <!-- p156 --> (already translated)
⏭️ Skipping <!-- p157 --> (already translated)
⏭️ Skipping <!-- p158 --> (already translated)
⏭️ Skipping <!-- p159 --> (already translated)
⏭️ Skipping <!-- p160 --> (already translated)
⏭️ Skipping <!-- p161 --> (already translated)
⏭️ Skipping <!-- p162 --> (already translated)
⏭️ Skipping <!-- p163 --> (already translated)
⏭️ Skipping <!-- p164 --> (already translated)
⏭️ Skipping <!-- p165 --> (already translated)
⏭️ Skipping <!-- p166 --> (already translated)
⏭️ Skipping <!-- p167 --> (already translated)
⏭️ Skipping <!-- p168 --> (already translated)
⏭️ Skipping <!-- p169 --> (already translated)
⏭️ Skipping <!-- p170 --> (already translated)
⏭️ Skipping <!-- p171 --> (already translated)
⏭️ Skipping <!-- p172 --> (already translated)
⏭️ Skipping <!-- p173 --> (already translated)
⏭️ Skipping <!-- p174 --> (already translated)
⏭️ Skipping <!-- p175 --> (already translated)
⏭️ Skipping <!-- p176 --> (already translated)
⏭️ Skipping <!-- p177 --> (already translated)
⏭️ Skipping <!-- p178 --> (already translated)
⏭️ Skipping <!-- p179 --> (already translated)
⏭️ Skipping <!-- p180 --> (already translated)
⏭️ Skipping <!-- p181 --> (already translated)
⏭️ Skipping <!-- p182 --> (already translated)
⏭️ Skipping <!-- p183 --> (already translated)
⏭️ Skipping <!-- p184 --> (already translated)
⏭️ Skipping <!-- p185 --> (already translated)
⏭️ Skipping <!-- p186 --> (already translated)
⏭️ Skipping <!-- p187 --> (already translated)
⏭️ Skipping <!-- p188 --> (already translated)
⏭️ Skipping <!-- p189 --> (already translated)
⏭️ Skipping <!-- p190 --> (already translated)
⏭️ Skipping <!-- p191 --> (already translated)
⏭️ Skipping <!-- p192 --> (already translated)
⏭️ Skipping <!-- p193 --> (already translated)
⏭️ Skipping <!-- p194 --> (already translated)
⏭️ Skipping <!-- p195 --> (already translated)
⏭️ Skipping <!-- p196 --> (already translated)
🧮 Token-aware batching: 0 batch(es), budget ~106666 tokens, max batch size 20
✅ Done: /Users/andrew/repo/kli-translation-pipeline_principles-of-faith/japenese/pipeline2/translation/chapters/chapter13_chapter_13_spiritual_authority.md (0/197 translated)

📘 Processing chapter14_back_1_postscript.md...
📑 Paragraph markers found: 12
⏭️ Skipping <!-- p0 --> (already translated)
⏭️ Skipping <!-- p1 --> (already translated)
⏭️ Skipping <!-- p2 --> (already translated)
⏭️ Skipping <!-- p3 --> (already translated)
⏭️ Skipping <!-- p4 --> (already translated)
⏭️ Skipping <!-- p5 --> (already translated)
⏭️ Skipping <!-- p6 --> (already translated)
⏭️ Skipping <!-- p7 --> (already translated)
⏭️ Skipping <!-- p8 --> (already translated)
⏭️ Skipping <!-- p9 --> (already translated)
⏭️ Skipping <!-- p10 --> (already translated)
⏭️ Skipping <!-- p11 --> (already translated)
🧮 Token-aware batching: 0 batch(es), budget ~106666 tokens, max batch size 20
✅ Done: /Users/andrew/repo/kli-translation-pipeline_principles-of-faith/japenese/pipeline2/translation/chapters/chapter14_back_1_postscript.md (0/12 translated)

📘 Processing chapter14_back_3_extended_reference_tables.md...
📑 Paragraph markers found: 5
⏭️ Skipping <!-- p0 --> (already translated)
⏭️ Skipping <!-- p1 --> (already translated)
⏭️ Skipping <!-- p2 --> (already translated)
⏭️ Skipping <!-- p3 --> (already translated)
⏭️ Skipping <!-- p4 --> (already translated)
🧮 Token-aware batching: 0 batch(es), budget ~106666 tokens, max batch size 20
✅ Done: /Users/andrew/repo/kli-translation-pipeline_principles-of-faith/japenese/pipeline2/translation/chapters/chapter14_back_3_extended_reference_tables.md (0/5 translated)

📘 Processing chapter14_back_4_end_of_chapter_activities.md...
📑 Paragraph markers found: 615
⏭️ Skipping <!-- p0 --> (already translated)
⏭️ Skipping <!-- p1 --> (already translated)
⏭️ Skipping <!-- p2 --> (already translated)
⏭️ Skipping <!-- p3 --> (already translated)
⏭️ Skipping <!-- p4 --> (already translated)
⏭️ Skipping <!-- p5 --> (already translated)
⏭️ Skipping <!-- p6 --> (already translated)
⏭️ Skipping <!-- p7 --> (already translated)
⏭️ Skipping <!-- p8 --> (already translated)
⏭️ Skipping <!-- p9 --> (already translated)
⏭️ Skipping <!-- p10 --> (already translated)
⏭️ Skipping <!-- p11 --> (already translated)
⏭️ Skipping <!-- p12 --> (already translated)
⏭️ Skipping <!-- p13 --> (already translated)
⏭️ Skipping <!-- p14 --> (already translated)
⏭️ Skipping <!-- p15 --> (already translated)
⏭️ Skipping <!-- p16 --> (already translated)
⏭️ Skipping <!-- p17 --> (already translated)
⏭️ Skipping <!-- p18 --> (already translated)
⏭️ Skipping <!-- p19 --> (already translated)
⏭️ Skipping <!-- p20 --> (already translated)
⏭️ Skipping <!-- p21 --> (already translated)
⏭️ Skipping <!-- p22 --> (already translated)
⏭️ Skipping <!-- p23 --> (already translated)
⏭️ Skipping <!-- p24 --> (already translated)
⏭️ Skipping <!-- p25 --> (already translated)
⏭️ Skipping <!-- p26 --> (already translated)
⏭️ Skipping <!-- p27 --> (already translated)
⏭️ Skipping <!-- p28 --> (already translated)
⏭️ Skipping <!-- p29 --> (already translated)
⏭️ Skipping <!-- p30 --> (already translated)
⏭️ Skipping <!-- p31 --> (already translated)
⏭️ Skipping <!-- p32 --> (already translated)
⏭️ Skipping <!-- p33 --> (already translated)
⏭️ Skipping <!-- p34 --> (already translated)
⏭️ Skipping <!-- p35 --> (already translated)
⏭️ Skipping <!-- p36 --> (already translated)
⏭️ Skipping <!-- p37 --> (already translated)
⏭️ Skipping <!-- p38 --> (already translated)
⏭️ Skipping <!-- p39 --> (already translated)
⏭️ Skipping <!-- p40 --> (already translated)
⏭️ Skipping <!-- p41 --> (already translated)
⏭️ Skipping <!-- p42 --> (already translated)
⏭️ Skipping <!-- p43 --> (already translated)
⏭️ Skipping <!-- p44 --> (already translated)
⏭️ Skipping <!-- p45 --> (already translated)
⏭️ Skipping <!-- p46 --> (already translated)
⏭️ Skipping <!-- p47 --> (already translated)
⏭️ Skipping <!-- p48 --> (already translated)
⏭️ Skipping <!-- p49 --> (already translated)
⏭️ Skipping <!-- p50 --> (already translated)
⏭️ Skipping <!-- p51 --> (already translated)
⏭️ Skipping <!-- p52 --> (already translated)
⏭️ Skipping <!-- p53 --> (already translated)
⏭️ Skipping <!-- p54 --> (already translated)
⏭️ Skipping <!-- p55 --> (already translated)
⏭️ Skipping <!-- p56 --> (already translated)
⏭️ Skipping <!-- p57 --> (already translated)
⏭️ Skipping <!-- p58 --> (already translated)
⏭️ Skipping <!-- p59 --> (already translated)
⏭️ Skipping <!-- p60 --> (already translated)
⏭️ Skipping <!-- p61 --> (already translated)
⏭️ Skipping <!-- p62 --> (already translated)
⏭️ Skipping <!-- p63 --> (already translated)
⏭️ Skipping <!-- p64 --> (already translated)
⏭️ Skipping <!-- p65 --> (already translated)
⏭️ Skipping <!-- p66 --> (already translated)
⏭️ Skipping <!-- p67 --> (already translated)
⏭️ Skipping <!-- p68 --> (already translated)
⏭️ Skipping <!-- p69 --> (already translated)
⏭️ Skipping <!-- p70 --> (already translated)
⏭️ Skipping <!-- p71 --> (already translated)
⏭️ Skipping <!-- p72 --> (already translated)
⏭️ Skipping <!-- p73 --> (already translated)
⏭️ Skipping <!-- p74 --> (already translated)
⏭️ Skipping <!-- p75 --> (already translated)
⏭️ Skipping <!-- p76 --> (already translated)
⏭️ Skipping <!-- p77 --> (already translated)
⏭️ Skipping <!-- p78 --> (already translated)
⏭️ Skipping <!-- p79 --> (already translated)
⏭️ Skipping <!-- p80 --> (already translated)
⏭️ Skipping <!-- p81 --> (already translated)
⏭️ Skipping <!-- p82 --> (already translated)
⏭️ Skipping <!-- p83 --> (already translated)
⏭️ Skipping <!-- p84 --> (already translated)
⏭️ Skipping <!-- p85 --> (already translated)
⏭️ Skipping <!-- p86 --> (already translated)
⏭️ Skipping <!-- p87 --> (already translated)
⏭️ Skipping <!-- p88 --> (already translated)
⏭️ Skipping <!-- p89 --> (already translated)
⏭️ Skipping <!-- p90 --> (already translated)
⏭️ Skipping <!-- p91 --> (already translated)
⏭️ Skipping <!-- p92 --> (already translated)
⏭️ Skipping <!-- p93 --> (already translated)
⏭️ Skipping <!-- p94 --> (already translated)
⏭️ Skipping <!-- p95 --> (already translated)
⏭️ Skipping <!-- p96 --> (already translated)
⏭️ Skipping <!-- p97 --> (already translated)
⏭️ Skipping <!-- p98 --> (already translated)
⏭️ Skipping <!-- p99 --> (already translated)
⏭️ Skipping <!-- p100 --> (already translated)
⏭️ Skipping <!-- p101 --> (already translated)
⏭️ Skipping <!-- p102 --> (already translated)
⏭️ Skipping <!-- p103 --> (already translated)
⏭️ Skipping <!-- p104 --> (already translated)
⏭️ Skipping <!-- p105 --> (already translated)
⏭️ Skipping <!-- p106 --> (already translated)
⏭️ Skipping <!-- p107 --> (already translated)
⏭️ Skipping <!-- p108 --> (already translated)
⏭️ Skipping <!-- p109 --> (already translated)
⏭️ Skipping <!-- p110 --> (already translated)
⏭️ Skipping <!-- p111 --> (already translated)
⏭️ Skipping <!-- p112 --> (already translated)
⏭️ Skipping <!-- p113 --> (already translated)
⏭️ Skipping <!-- p114 --> (already translated)
⏭️ Skipping <!-- p115 --> (already translated)
⏭️ Skipping <!-- p116 --> (already translated)
⏭️ Skipping <!-- p117 --> (already translated)
⏭️ Skipping <!-- p118 --> (already translated)
⏭️ Skipping <!-- p119 --> (already translated)
⏭️ Skipping <!-- p120 --> (already translated)
⏭️ Skipping <!-- p121 --> (already translated)
⏭️ Skipping <!-- p122 --> (already translated)
⏭️ Skipping <!-- p123 --> (already translated)
⏭️ Skipping <!-- p124 --> (already translated)
⏭️ Skipping <!-- p125 --> (already translated)
⏭️ Skipping <!-- p126 --> (already translated)
⏭️ Skipping <!-- p127 --> (already translated)
⏭️ Skipping <!-- p128 --> (already translated)
⏭️ Skipping <!-- p129 --> (already translated)
⏭️ Skipping <!-- p130 --> (already translated)
⏭️ Skipping <!-- p131 --> (already translated)
⏭️ Skipping <!-- p132 --> (already translated)
⏭️ Skipping <!-- p133 --> (already translated)
⏭️ Skipping <!-- p134 --> (already translated)
⏭️ Skipping <!-- p135 --> (already translated)
⏭️ Skipping <!-- p136 --> (already translated)
⏭️ Skipping <!-- p137 --> (already translated)
⏭️ Skipping <!-- p138 --> (already translated)
⏭️ Skipping <!-- p139 --> (already translated)
⏭️ Skipping <!-- p140 --> (already translated)
⏭️ Skipping <!-- p141 --> (already translated)
⏭️ Skipping <!-- p142 --> (already translated)
⏭️ Skipping <!-- p143 --> (already translated)
⏭️ Skipping <!-- p144 --> (already translated)
⏭️ Skipping <!-- p145 --> (already translated)
⏭️ Skipping <!-- p146 --> (already translated)
⏭️ Skipping <!-- p147 --> (already translated)
⏭️ Skipping <!-- p148 --> (already translated)
⏭️ Skipping <!-- p149 --> (already translated)
⏭️ Skipping <!-- p150 --> (already translated)
⏭️ Skipping <!-- p151 --> (already translated)
⏭️ Skipping <!-- p152 --> (already translated)
⏭️ Skipping <!-- p153 --> (already translated)
⏭️ Skipping <!-- p154 --> (already translated)
⏭️ Skipping <!-- p155 --> (already translated)
⏭️ Skipping <!-- p156 --> (already translated)
⏭️ Skipping <!-- p157 --> (already translated)
⏭️ Skipping <!-- p158 --> (already translated)
⏭️ Skipping <!-- p159 --> (already translated)
⏭️ Skipping <!-- p160 --> (already translated)
⏭️ Skipping <!-- p161 --> (already translated)
⏭️ Skipping <!-- p162 --> (already translated)
⏭️ Skipping <!-- p163 --> (already translated)
⏭️ Skipping <!-- p164 --> (already translated)
⏭️ Skipping <!-- p165 --> (already translated)
⏭️ Skipping <!-- p166 --> (already translated)
⏭️ Skipping <!-- p167 --> (already translated)
⏭️ Skipping <!-- p168 --> (already translated)
⏭️ Skipping <!-- p169 --> (already translated)
⏭️ Skipping <!-- p170 --> (already translated)
⏭️ Skipping <!-- p171 --> (already translated)
⏭️ Skipping <!-- p172 --> (already translated)
⏭️ Skipping <!-- p173 --> (already translated)
⏭️ Skipping <!-- p174 --> (already translated)
⏭️ Skipping <!-- p175 --> (already translated)
⏭️ Skipping <!-- p176 --> (already translated)
⏭️ Skipping <!-- p177 --> (already translated)
⏭️ Skipping <!-- p178 --> (already translated)
⏭️ Skipping <!-- p179 --> (already translated)
⏭️ Skipping <!-- p180 --> (already translated)
⏭️ Skipping <!-- p181 --> (already translated)
⏭️ Skipping <!-- p182 --> (already translated)
⏭️ Skipping <!-- p183 --> (already translated)
⏭️ Skipping <!-- p184 --> (already translated)
⏭️ Skipping <!-- p185 --> (already translated)
⏭️ Skipping <!-- p186 --> (already translated)
⏭️ Skipping <!-- p187 --> (already translated)
⏭️ Skipping <!-- p188 --> (already translated)
⏭️ Skipping <!-- p189 --> (already translated)
⏭️ Skipping <!-- p190 --> (already translated)
⏭️ Skipping <!-- p191 --> (already translated)
⏭️ Skipping <!-- p192 --> (already translated)
⏭️ Skipping <!-- p193 --> (already translated)
⏭️ Skipping <!-- p194 --> (already translated)
⏭️ Skipping <!-- p195 --> (already translated)
⏭️ Skipping <!-- p196 --> (already translated)
⏭️ Skipping <!-- p197 --> (already translated)
⏭️ Skipping <!-- p198 --> (already translated)
⏭️ Skipping <!-- p199 --> (already translated)
⏭️ Skipping <!-- p200 --> (already translated)
⏭️ Skipping <!-- p201 --> (already translated)
⏭️ Skipping <!-- p202 --> (already translated)
⏭️ Skipping <!-- p203 --> (already translated)
⏭️ Skipping <!-- p204 --> (already translated)
⏭️ Skipping <!-- p205 --> (already translated)
⏭️ Skipping <!-- p206 --> (already translated)
⏭️ Skipping <!-- p207 --> (already translated)
⏭️ Skipping <!-- p208 --> (already translated)
⏭️ Skipping <!-- p209 --> (already translated)
⏭️ Skipping <!-- p210 --> (already translated)
⏭️ Skipping <!-- p211 --> (already translated)
⏭️ Skipping <!-- p212 --> (already translated)
⏭️ Skipping <!-- p213 --> (already translated)
⏭️ Skipping <!-- p214 --> (already translated)
⏭️ Skipping <!-- p215 --> (already translated)
⏭️ Skipping <!-- p216 --> (already translated)
⏭️ Skipping <!-- p217 --> (already translated)
⏭️ Skipping <!-- p218 --> (already translated)
⏭️ Skipping <!-- p219 --> (already translated)
⏭️ Skipping <!-- p220 --> (already translated)
⏭️ Skipping <!-- p221 --> (already translated)
⏭️ Skipping <!-- p222 --> (already translated)
⏭️ Skipping <!-- p223 --> (already translated)
⏭️ Skipping <!-- p224 --> (already translated)
⏭️ Skipping <!-- p225 --> (already translated)
⏭️ Skipping <!-- p226 --> (already translated)
⏭️ Skipping <!-- p227 --> (already translated)
⏭️ Skipping <!-- p228 --> (already translated)
⏭️ Skipping <!-- p229 --> (already translated)
⏭️ Skipping <!-- p230 --> (already translated)
⏭️ Skipping <!-- p231 --> (already translated)
⏭️ Skipping <!-- p232 --> (already translated)
⏭️ Skipping <!-- p233 --> (already translated)
⏭️ Skipping <!-- p234 --> (already translated)
⏭️ Skipping <!-- p235 --> (already translated)
⏭️ Skipping <!-- p236 --> (already translated)
⏭️ Skipping <!-- p237 --> (already translated)
⏭️ Skipping <!-- p238 --> (already translated)
⏭️ Skipping <!-- p239 --> (already translated)
⏭️ Skipping <!-- p240 --> (already translated)
⏭️ Skipping <!-- p241 --> (already translated)
⏭️ Skipping <!-- p242 --> (already translated)
⏭️ Skipping <!-- p243 --> (already translated)
⏭️ Skipping <!-- p244 --> (already translated)
⏭️ Skipping <!-- p245 --> (already translated)
⏭️ Skipping <!-- p246 --> (already translated)
⏭️ Skipping <!-- p247 --> (already translated)
⏭️ Skipping <!-- p248 --> (already translated)
⏭️ Skipping <!-- p249 --> (already translated)
⏭️ Skipping <!-- p250 --> (already translated)
⏭️ Skipping <!-- p251 --> (already translated)
⏭️ Skipping <!-- p252 --> (already translated)
⏭️ Skipping <!-- p253 --> (already translated)
⏭️ Skipping <!-- p254 --> (already translated)
⏭️ Skipping <!-- p255 --> (already translated)
⏭️ Skipping <!-- p256 --> (already translated)
⏭️ Skipping <!-- p257 --> (already translated)
⏭️ Skipping <!-- p258 --> (already translated)
⏭️ Skipping <!-- p259 --> (already translated)
⏭️ Skipping <!-- p260 --> (already translated)
⏭️ Skipping <!-- p261 --> (already translated)
⏭️ Skipping <!-- p262 --> (already translated)
⏭️ Skipping <!-- p263 --> (already translated)
⏭️ Skipping <!-- p264 --> (already translated)
⏭️ Skipping <!-- p265 --> (already translated)
⏭️ Skipping <!-- p266 --> (already translated)
⏭️ Skipping <!-- p267 --> (already translated)
⏭️ Skipping <!-- p268 --> (already translated)
⏭️ Skipping <!-- p269 --> (already translated)
⏭️ Skipping <!-- p270 --> (already translated)
⏭️ Skipping <!-- p271 --> (already translated)
⏭️ Skipping <!-- p272 --> (already translated)
⏭️ Skipping <!-- p273 --> (already translated)
⏭️ Skipping <!-- p274 --> (already translated)
⏭️ Skipping <!-- p275 --> (already translated)
⏭️ Skipping <!-- p276 --> (already translated)
⏭️ Skipping <!-- p277 --> (already translated)
⏭️ Skipping <!-- p278 --> (already translated)
⏭️ Skipping <!-- p279 --> (already translated)
⏭️ Skipping <!-- p280 --> (already translated)
⏭️ Skipping <!-- p281 --> (already translated)
⏭️ Skipping <!-- p282 --> (already translated)
⏭️ Skipping <!-- p283 --> (already translated)
⏭️ Skipping <!-- p284 --> (already translated)
⏭️ Skipping <!-- p285 --> (already translated)
⏭️ Skipping <!-- p286 --> (already translated)
⏭️ Skipping <!-- p287 --> (already translated)
⏭️ Skipping <!-- p288 --> (already translated)
⏭️ Skipping <!-- p289 --> (already translated)
⏭️ Skipping <!-- p290 --> (already translated)
⏭️ Skipping <!-- p291 --> (already translated)
⏭️ Skipping <!-- p292 --> (already translated)
⏭️ Skipping <!-- p293 --> (already translated)
⏭️ Skipping <!-- p294 --> (already translated)
⏭️ Skipping <!-- p295 --> (already translated)
⏭️ Skipping <!-- p296 --> (already translated)
⏭️ Skipping <!-- p297 --> (already translated)
⏭️ Skipping <!-- p298 --> (already translated)
⏭️ Skipping <!-- p299 --> (already translated)
⏭️ Skipping <!-- p300 --> (already translated)
⏭️ Skipping <!-- p301 --> (already translated)
⏭️ Skipping <!-- p302 --> (already translated)
⏭️ Skipping <!-- p303 --> (already translated)
⏭️ Skipping <!-- p304 --> (already translated)
⏭️ Skipping <!-- p305 --> (already translated)
⏭️ Skipping <!-- p306 --> (already translated)
⏭️ Skipping <!-- p307 --> (already translated)
⏭️ Skipping <!-- p308 --> (already translated)
⏭️ Skipping <!-- p309 --> (already translated)
⏭️ Skipping <!-- p310 --> (already translated)
⏭️ Skipping <!-- p311 --> (already translated)
⏭️ Skipping <!-- p312 --> (already translated)
⏭️ Skipping <!-- p313 --> (already translated)
⏭️ Skipping <!-- p314 --> (already translated)
⏭️ Skipping <!-- p315 --> (already translated)
⏭️ Skipping <!-- p316 --> (already translated)
⏭️ Skipping <!-- p317 --> (already translated)
⏭️ Skipping <!-- p318 --> (already translated)
⏭️ Skipping <!-- p319 --> (already translated)
⏭️ Skipping <!-- p320 --> (already translated)
⏭️ Skipping <!-- p321 --> (already translated)
⏭️ Skipping <!-- p322 --> (already translated)
⏭️ Skipping <!-- p323 --> (already translated)
⏭️ Skipping <!-- p324 --> (already translated)
⏭️ Skipping <!-- p325 --> (already translated)
⏭️ Skipping <!-- p326 --> (already translated)
⏭️ Skipping <!-- p327 --> (already translated)
⏭️ Skipping <!-- p328 --> (already translated)
⏭️ Skipping <!-- p329 --> (already translated)
⏭️ Skipping <!-- p330 --> (already translated)
⏭️ Skipping <!-- p331 --> (already translated)
⏭️ Skipping <!-- p332 --> (already translated)
⏭️ Skipping <!-- p333 --> (already translated)
⏭️ Skipping <!-- p334 --> (already translated)
⏭️ Skipping <!-- p335 --> (already translated)
⏭️ Skipping <!-- p336 --> (already translated)
⏭️ Skipping <!-- p337 --> (already translated)
⏭️ Skipping <!-- p338 --> (already translated)
⏭️ Skipping <!-- p339 --> (already translated)
⏭️ Skipping <!-- p340 --> (already translated)
⏭️ Skipping <!-- p341 --> (already translated)
⏭️ Skipping <!-- p342 --> (already translated)
⏭️ Skipping <!-- p343 --> (already translated)
⏭️ Skipping <!-- p344 --> (already translated)
⏭️ Skipping <!-- p345 --> (already translated)
⏭️ Skipping <!-- p346 --> (already translated)
⏭️ Skipping <!-- p347 --> (already translated)
⏭️ Skipping <!-- p348 --> (already translated)
⏭️ Skipping <!-- p349 --> (already translated)
⏭️ Skipping <!-- p350 --> (already translated)
⏭️ Skipping <!-- p351 --> (already translated)
⏭️ Skipping <!-- p352 --> (already translated)
⏭️ Skipping <!-- p353 --> (already translated)
⏭️ Skipping <!-- p354 --> (already translated)
⏭️ Skipping <!-- p355 --> (already translated)
⏭️ Skipping <!-- p356 --> (already translated)
⏭️ Skipping <!-- p357 --> (already translated)
⏭️ Skipping <!-- p358 --> (already translated)
⏭️ Skipping <!-- p359 --> (already translated)
⏭️ Skipping <!-- p360 --> (already translated)
⏭️ Skipping <!-- p361 --> (already translated)
⏭️ Skipping <!-- p362 --> (already translated)
⏭️ Skipping <!-- p363 --> (already translated)
⏭️ Skipping <!-- p364 --> (already translated)
⏭️ Skipping <!-- p365 --> (already translated)
⏭️ Skipping <!-- p366 --> (already translated)
⏭️ Skipping <!-- p367 --> (already translated)
⏭️ Skipping <!-- p368 --> (already translated)
⏭️ Skipping <!-- p369 --> (already translated)
⏭️ Skipping <!-- p370 --> (already translated)
⏭️ Skipping <!-- p371 --> (already translated)
⏭️ Skipping <!-- p372 --> (already translated)
⏭️ Skipping <!-- p373 --> (already translated)
⏭️ Skipping <!-- p374 --> (already translated)
⏭️ Skipping <!-- p375 --> (already translated)
⏭️ Skipping <!-- p376 --> (already translated)
⏭️ Skipping <!-- p377 --> (already translated)
⏭️ Skipping <!-- p378 --> (already translated)
⏭️ Skipping <!-- p379 --> (already translated)
⏭️ Skipping <!-- p380 --> (already translated)
⏭️ Skipping <!-- p381 --> (already translated)
⏭️ Skipping <!-- p382 --> (already translated)
⏭️ Skipping <!-- p383 --> (already translated)
⏭️ Skipping <!-- p384 --> (already translated)
⏭️ Skipping <!-- p385 --> (already translated)
⏭️ Skipping <!-- p386 --> (already translated)
⏭️ Skipping <!-- p387 --> (already translated)
⏭️ Skipping <!-- p388 --> (already translated)
⏭️ Skipping <!-- p389 --> (already translated)
⏭️ Skipping <!-- p390 --> (already translated)
⏭️ Skipping <!-- p391 --> (already translated)
⏭️ Skipping <!-- p392 --> (already translated)
⏭️ Skipping <!-- p393 --> (already translated)
⏭️ Skipping <!-- p394 --> (already translated)
⏭️ Skipping <!-- p395 --> (already translated)
⏭️ Skipping <!-- p396 --> (already translated)
⏭️ Skipping <!-- p397 --> (already translated)
⏭️ Skipping <!-- p398 --> (already translated)
⏭️ Skipping <!-- p399 --> (already translated)
⏭️ Skipping <!-- p400 --> (already translated)
⏭️ Skipping <!-- p401 --> (already translated)
⏭️ Skipping <!-- p402 --> (already translated)
⏭️ Skipping <!-- p403 --> (already translated)
⏭️ Skipping <!-- p404 --> (already translated)
⏭️ Skipping <!-- p405 --> (already translated)
⏭️ Skipping <!-- p406 --> (already translated)
⏭️ Skipping <!-- p407 --> (already translated)
⏭️ Skipping <!-- p408 --> (already translated)
⏭️ Skipping <!-- p409 --> (already translated)
⏭️ Skipping <!-- p410 --> (already translated)
⏭️ Skipping <!-- p411 --> (already translated)
⏭️ Skipping <!-- p412 --> (already translated)
⏭️ Skipping <!-- p413 --> (already translated)
⏭️ Skipping <!-- p414 --> (already translated)
⏭️ Skipping <!-- p415 --> (already translated)
⏭️ Skipping <!-- p416 --> (already translated)
⏭️ Skipping <!-- p417 --> (already translated)
⏭️ Skipping <!-- p418 --> (already translated)
⏭️ Skipping <!-- p419 --> (already translated)
⏭️ Skipping <!-- p420 --> (already translated)
⏭️ Skipping <!-- p421 --> (already translated)
⏭️ Skipping <!-- p422 --> (already translated)
⏭️ Skipping <!-- p423 --> (already translated)
⏭️ Skipping <!-- p424 --> (already translated)
⏭️ Skipping <!-- p425 --> (already translated)
⏭️ Skipping <!-- p426 --> (already translated)
⏭️ Skipping <!-- p427 --> (already translated)
⏭️ Skipping <!-- p428 --> (already translated)
⏭️ Skipping <!-- p429 --> (already translated)
⏭️ Skipping <!-- p430 --> (already translated)
⏭️ Skipping <!-- p431 --> (already translated)
⏭️ Skipping <!-- p432 --> (already translated)
⏭️ Skipping <!-- p433 --> (already translated)
⏭️ Skipping <!-- p434 --> (already translated)
⏭️ Skipping <!-- p435 --> (already translated)
⏭️ Skipping <!-- p436 --> (already translated)
⏭️ Skipping <!-- p437 --> (already translated)
⏭️ Skipping <!-- p438 --> (already translated)
⏭️ Skipping <!-- p439 --> (already translated)
⏭️ Skipping <!-- p440 --> (already translated)
⏭️ Skipping <!-- p441 --> (already translated)
⏭️ Skipping <!-- p442 --> (already translated)
⏭️ Skipping <!-- p443 --> (already translated)
⏭️ Skipping <!-- p444 --> (already translated)
⏭️ Skipping <!-- p445 --> (already translated)
⏭️ Skipping <!-- p446 --> (already translated)
⏭️ Skipping <!-- p447 --> (already translated)
⏭️ Skipping <!-- p448 --> (already translated)
⏭️ Skipping <!-- p449 --> (already translated)
⏭️ Skipping <!-- p450 --> (already translated)
⏭️ Skipping <!-- p451 --> (already translated)
⏭️ Skipping <!-- p452 --> (already translated)
⏭️ Skipping <!-- p453 --> (already translated)
⏭️ Skipping <!-- p454 --> (already translated)
⏭️ Skipping <!-- p455 --> (already translated)
⏭️ Skipping <!-- p456 --> (already translated)
⏭️ Skipping <!-- p457 --> (already translated)
⏭️ Skipping <!-- p458 --> (already translated)
⏭️ Skipping <!-- p459 --> (already translated)
⏭️ Skipping <!-- p460 --> (already translated)
⏭️ Skipping <!-- p461 --> (already translated)
⏭️ Skipping <!-- p462 --> (already translated)
⏭️ Skipping <!-- p463 --> (already translated)
⏭️ Skipping <!-- p464 --> (already translated)
⏭️ Skipping <!-- p465 --> (already translated)
⏭️ Skipping <!-- p466 --> (already translated)
⏭️ Skipping <!-- p467 --> (already translated)
⏭️ Skipping <!-- p468 --> (already translated)
⏭️ Skipping <!-- p469 --> (already translated)
⏭️ Skipping <!-- p470 --> (already translated)
⏭️ Skipping <!-- p471 --> (already translated)
⏭️ Skipping <!-- p472 --> (already translated)
⏭️ Skipping <!-- p473 --> (already translated)
⏭️ Skipping <!-- p474 --> (already translated)
⏭️ Skipping <!-- p475 --> (already translated)
⏭️ Skipping <!-- p476 --> (already translated)
⏭️ Skipping <!-- p477 --> (already translated)
⏭️ Skipping <!-- p478 --> (already translated)
⏭️ Skipping <!-- p479 --> (already translated)
⏭️ Skipping <!-- p480 --> (already translated)
⏭️ Skipping <!-- p481 --> (already translated)
⏭️ Skipping <!-- p482 --> (already translated)
⏭️ Skipping <!-- p483 --> (already translated)
⏭️ Skipping <!-- p484 --> (already translated)
⏭️ Skipping <!-- p485 --> (already translated)
⏭️ Skipping <!-- p486 --> (already translated)
⏭️ Skipping <!-- p487 --> (already translated)
⏭️ Skipping <!-- p488 --> (already translated)
⏭️ Skipping <!-- p489 --> (already translated)
⏭️ Skipping <!-- p490 --> (already translated)
⏭️ Skipping <!-- p491 --> (already translated)
⏭️ Skipping <!-- p492 --> (already translated)
⏭️ Skipping <!-- p493 --> (already translated)
⏭️ Skipping <!-- p494 --> (already translated)
⏭️ Skipping <!-- p495 --> (already translated)
⏭️ Skipping <!-- p496 --> (already translated)
⏭️ Skipping <!-- p497 --> (already translated)
⏭️ Skipping <!-- p498 --> (already translated)
⏭️ Skipping <!-- p499 --> (already translated)
⏭️ Skipping <!-- p500 --> (already translated)
⏭️ Skipping <!-- p501 --> (already translated)
⏭️ Skipping <!-- p502 --> (already translated)
⏭️ Skipping <!-- p503 --> (already translated)
⏭️ Skipping <!-- p504 --> (already translated)
⏭️ Skipping <!-- p505 --> (already translated)
⏭️ Skipping <!-- p506 --> (already translated)
⏭️ Skipping <!-- p507 --> (already translated)
⏭️ Skipping <!-- p508 --> (already translated)
⏭️ Skipping <!-- p509 --> (already translated)
⏭️ Skipping <!-- p510 --> (already translated)
⏭️ Skipping <!-- p511 --> (already translated)
⏭️ Skipping <!-- p512 --> (already translated)
⏭️ Skipping <!-- p513 --> (already translated)
⏭️ Skipping <!-- p514 --> (already translated)
⏭️ Skipping <!-- p515 --> (already translated)
⏭️ Skipping <!-- p516 --> (already translated)
⏭️ Skipping <!-- p517 --> (already translated)
⏭️ Skipping <!-- p518 --> (already translated)
⏭️ Skipping <!-- p519 --> (already translated)
⏭️ Skipping <!-- p520 --> (already translated)
⏭️ Skipping <!-- p521 --> (already translated)
⏭️ Skipping <!-- p522 --> (already translated)
⏭️ Skipping <!-- p523 --> (already translated)
⏭️ Skipping <!-- p524 --> (already translated)
⏭️ Skipping <!-- p525 --> (already translated)
⏭️ Skipping <!-- p526 --> (already translated)
⏭️ Skipping <!-- p527 --> (already translated)
⏭️ Skipping <!-- p528 --> (already translated)
⏭️ Skipping <!-- p529 --> (already translated)
⏭️ Skipping <!-- p530 --> (already translated)
⏭️ Skipping <!-- p531 --> (already translated)
⏭️ Skipping <!-- p532 --> (already translated)
⏭️ Skipping <!-- p533 --> (already translated)
⏭️ Skipping <!-- p534 --> (already translated)
⏭️ Skipping <!-- p535 --> (already translated)
⏭️ Skipping <!-- p536 --> (already translated)
⏭️ Skipping <!-- p537 --> (already translated)
⏭️ Skipping <!-- p538 --> (already translated)
⏭️ Skipping <!-- p539 --> (already translated)
⏭️ Skipping <!-- p540 --> (already translated)
⏭️ Skipping <!-- p541 --> (already translated)
⏭️ Skipping <!-- p542 --> (already translated)
⏭️ Skipping <!-- p543 --> (already translated)
⏭️ Skipping <!-- p544 --> (already translated)
⏭️ Skipping <!-- p545 --> (already translated)
⏭️ Skipping <!-- p546 --> (already translated)
⏭️ Skipping <!-- p547 --> (already translated)
⏭️ Skipping <!-- p548 --> (already translated)
⏭️ Skipping <!-- p549 --> (already translated)
⏭️ Skipping <!-- p550 --> (already translated)
⏭️ Skipping <!-- p551 --> (already translated)
⏭️ Skipping <!-- p552 --> (already translated)
⏭️ Skipping <!-- p553 --> (already translated)
⏭️ Skipping <!-- p554 --> (already translated)
⏭️ Skipping <!-- p555 --> (already translated)
⏭️ Skipping <!-- p556 --> (already translated)
⏭️ Skipping <!-- p557 --> (already translated)
⏭️ Skipping <!-- p558 --> (already translated)
⏭️ Skipping <!-- p559 --> (already translated)
⏭️ Skipping <!-- p560 --> (already translated)
⏭️ Skipping <!-- p561 --> (already translated)
⏭️ Skipping <!-- p562 --> (already translated)
⏭️ Skipping <!-- p563 --> (already translated)
⏭️ Skipping <!-- p564 --> (already translated)
⏭️ Skipping <!-- p565 --> (already translated)
⏭️ Skipping <!-- p566 --> (already translated)
⏭️ Skipping <!-- p567 --> (already translated)
⏭️ Skipping <!-- p568 --> (already translated)
⏭️ Skipping <!-- p569 --> (already translated)
⏭️ Skipping <!-- p570 --> (already translated)
⏭️ Skipping <!-- p571 --> (already translated)
⏭️ Skipping <!-- p572 --> (already translated)
⏭️ Skipping <!-- p573 --> (already translated)
⏭️ Skipping <!-- p574 --> (already translated)
⏭️ Skipping <!-- p575 --> (already translated)
⏭️ Skipping <!-- p576 --> (already translated)
⏭️ Skipping <!-- p577 --> (already translated)
⏭️ Skipping <!-- p578 --> (already translated)
⏭️ Skipping <!-- p579 --> (already translated)
⏭️ Skipping <!-- p580 --> (already translated)
⏭️ Skipping <!-- p581 --> (already translated)
⏭️ Skipping <!-- p582 --> (already translated)
⏭️ Skipping <!-- p583 --> (already translated)
⏭️ Skipping <!-- p584 --> (already translated)
⏭️ Skipping <!-- p585 --> (already translated)
⏭️ Skipping <!-- p586 --> (already translated)
⏭️ Skipping <!-- p587 --> (already translated)
⏭️ Skipping <!-- p588 --> (already translated)
⏭️ Skipping <!-- p589 --> (already translated)
⏭️ Skipping <!-- p590 --> (already translated)
⏭️ Skipping <!-- p591 --> (already translated)
⏭️ Skipping <!-- p592 --> (already translated)
⏭️ Skipping <!-- p593 --> (already translated)
⏭️ Skipping <!-- p594 --> (already translated)
⏭️ Skipping <!-- p595 --> (already translated)
⏭️ Skipping <!-- p596 --> (already translated)
⏭️ Skipping <!-- p597 --> (already translated)
⏭️ Skipping <!-- p598 --> (already translated)
⏭️ Skipping <!-- p599 --> (already translated)
⏭️ Skipping <!-- p600 --> (already translated)
⏭️ Skipping <!-- p601 --> (already translated)
⏭️ Skipping <!-- p602 --> (already translated)
⏭️ Skipping <!-- p603 --> (already translated)
⏭️ Skipping <!-- p604 --> (already translated)
⏭️ Skipping <!-- p605 --> (already translated)
⏭️ Skipping <!-- p606 --> (already translated)
⏭️ Skipping <!-- p607 --> (already translated)
⏭️ Skipping <!-- p608 --> (already translated)
⏭️ Skipping <!-- p609 --> (already translated)
⏭️ Skipping <!-- p610 --> (already translated)
⏭️ Skipping <!-- p611 --> (already translated)
⏭️ Skipping <!-- p612 --> (already translated)
⏭️ Skipping <!-- p613 --> (already translated)
⏭️ Skipping <!-- p614 --> (already translated)
🧮 Token-aware batching: 0 batch(es), budget ~106666 tokens, max batch size 20
✅ Done: /Users/andrew/repo/kli-translation-pipeline_principles-of-faith/japenese/pipeline2/translation/chapters/chapter14_back_4_end_of_chapter_activities.md (0/615 translated)

📘 Processing chapter14_back_5_hearing_the_voice_of_god.md...
📑 Paragraph markers found: 49
⏭️ Skipping <!-- p0 --> (already translated)
⏭️ Skipping <!-- p1 --> (already translated)
⏭️ Skipping <!-- p2 --> (already translated)
⏭️ Skipping <!-- p3 --> (already translated)
⏭️ Skipping <!-- p4 --> (already translated)
⏭️ Skipping <!-- p5 --> (already translated)
⏭️ Skipping <!-- p6 --> (already translated)
⏭️ Skipping <!-- p7 --> (already translated)
⏭️ Skipping <!-- p8 --> (already translated)
⏭️ Skipping <!-- p9 --> (already translated)
⏭️ Skipping <!-- p10 --> (already translated)
⏭️ Skipping <!-- p11 --> (already translated)
⏭️ Skipping <!-- p12 --> (already translated)
⏭️ Skipping <!-- p13 --> (already translated)
⏭️ Skipping <!-- p14 --> (already translated)
⏭️ Skipping <!-- p15 --> (already translated)
⏭️ Skipping <!-- p16 --> (already translated)
⏭️ Skipping <!-- p17 --> (already translated)
⏭️ Skipping <!-- p18 --> (already translated)
⏭️ Skipping <!-- p19 --> (already translated)
⏭️ Skipping <!-- p20 --> (already translated)
⏭️ Skipping <!-- p21 --> (already translated)
⏭️ Skipping <!-- p22 --> (already translated)
⏭️ Skipping <!-- p23 --> (already translated)
⏭️ Skipping <!-- p24 --> (already translated)
⏭️ Skipping <!-- p25 --> (already translated)
⏭️ Skipping <!-- p26 --> (already translated)
⏭️ Skipping <!-- p27 --> (already translated)
⏭️ Skipping <!-- p28 --> (already translated)
⏭️ Skipping <!-- p29 --> (already translated)
⏭️ Skipping <!-- p30 --> (already translated)
⏭️ Skipping <!-- p31 --> (already translated)
⏭️ Skipping <!-- p32 --> (already translated)
⏭️ Skipping <!-- p33 --> (already translated)
⏭️ Skipping <!-- p34 --> (already translated)
⏭️ Skipping <!-- p35 --> (already translated)
⏭️ Skipping <!-- p36 --> (already translated)
⏭️ Skipping <!-- p37 --> (already translated)
⏭️ Skipping <!-- p38 --> (already translated)
⏭️ Skipping <!-- p39 --> (already translated)
⏭️ Skipping <!-- p40 --> (already translated)
⏭️ Skipping <!-- p41 --> (already translated)
⏭️ Skipping <!-- p42 --> (already translated)
⏭️ Skipping <!-- p43 --> (already translated)
⏭️ Skipping <!-- p44 --> (already translated)
⏭️ Skipping <!-- p45 --> (already translated)
⏭️ Skipping <!-- p46 --> (already translated)
⏭️ Skipping <!-- p47 --> (already translated)
⏭️ Skipping <!-- p48 --> (already translated)
🧮 Token-aware batching: 0 batch(es), budget ~106666 tokens, max batch size 20
✅ Done: /Users/andrew/repo/kli-translation-pipeline_principles-of-faith/japenese/pipeline2/translation/chapters/chapter14_back_5_hearing_the_voice_of_god.md (0/49 translated)

📘 Processing chapter14_chapter_14_keep_watch.md...
📑 Paragraph markers found: 109
⏭️ Skipping <!-- p0 --> (already translated)
⏭️ Skipping <!-- p1 --> (already translated)
⏭️ Skipping <!-- p2 --> (already translated)
⏭️ Skipping <!-- p3 --> (already translated)
⏭️ Skipping <!-- p4 --> (already translated)
⏭️ Skipping <!-- p5 --> (already translated)
⏭️ Skipping <!-- p6 --> (already translated)
⏭️ Skipping <!-- p7 --> (already translated)
⏭️ Skipping <!-- p8 --> (already translated)
⏭️ Skipping <!-- p9 --> (already translated)
⏭️ Skipping <!-- p10 --> (already translated)
⏭️ Skipping <!-- p11 --> (already translated)
⏭️ Skipping <!-- p12 --> (already translated)
⏭️ Skipping <!-- p13 --> (already translated)
⏭️ Skipping <!-- p14 --> (already translated)
⏭️ Skipping <!-- p15 --> (already translated)
⏭️ Skipping <!-- p16 --> (already translated)
⏭️ Skipping <!-- p17 --> (already translated)
⏭️ Skipping <!-- p18 --> (already translated)
⏭️ Skipping <!-- p19 --> (already translated)
⏭️ Skipping <!-- p20 --> (already translated)
⏭️ Skipping <!-- p21 --> (already translated)
⏭️ Skipping <!-- p22 --> (already translated)
⏭️ Skipping <!-- p23 --> (already translated)
⏭️ Skipping <!-- p24 --> (already translated)
⏭️ Skipping <!-- p25 --> (already translated)
⏭️ Skipping <!-- p26 --> (already translated)
⏭️ Skipping <!-- p27 --> (already translated)
⏭️ Skipping <!-- p28 --> (already translated)
⏭️ Skipping <!-- p29 --> (already translated)
⏭️ Skipping <!-- p30 --> (already translated)
⏭️ Skipping <!-- p31 --> (already translated)
⏭️ Skipping <!-- p32 --> (already translated)
⏭️ Skipping <!-- p33 --> (already translated)
⏭️ Skipping <!-- p34 --> (already translated)
⏭️ Skipping <!-- p35 --> (already translated)
⏭️ Skipping <!-- p36 --> (already translated)
⏭️ Skipping <!-- p37 --> (already translated)
⏭️ Skipping <!-- p38 --> (already translated)
⏭️ Skipping <!-- p39 --> (already translated)
⏭️ Skipping <!-- p40 --> (already translated)
⏭️ Skipping <!-- p41 --> (already translated)
⏭️ Skipping <!-- p42 --> (already translated)
⏭️ Skipping <!-- p43 --> (already translated)
⏭️ Skipping <!-- p44 --> (already translated)
⏭️ Skipping <!-- p45 --> (already translated)
⏭️ Skipping <!-- p46 --> (already translated)
⏭️ Skipping <!-- p47 --> (already translated)
⏭️ Skipping <!-- p48 --> (already translated)
⏭️ Skipping <!-- p49 --> (already translated)
⏭️ Skipping <!-- p50 --> (already translated)
⏭️ Skipping <!-- p51 --> (already translated)
⏭️ Skipping <!-- p52 --> (already translated)
⏭️ Skipping <!-- p53 --> (already translated)
⏭️ Skipping <!-- p54 --> (already translated)
⏭️ Skipping <!-- p55 --> (already translated)
⏭️ Skipping <!-- p56 --> (already translated)
⏭️ Skipping <!-- p57 --> (already translated)
⏭️ Skipping <!-- p58 --> (already translated)
⏭️ Skipping <!-- p59 --> (already translated)
⏭️ Skipping <!-- p60 --> (already translated)
⏭️ Skipping <!-- p61 --> (already translated)
⏭️ Skipping <!-- p62 --> (already translated)
⏭️ Skipping <!-- p63 --> (already translated)
⏭️ Skipping <!-- p64 --> (already translated)
⏭️ Skipping <!-- p65 --> (already translated)
⏭️ Skipping <!-- p66 --> (already translated)
⏭️ Skipping <!-- p67 --> (already translated)
⏭️ Skipping <!-- p68 --> (already translated)
⏭️ Skipping <!-- p69 --> (already translated)
⏭️ Skipping <!-- p70 --> (already translated)
⏭️ Skipping <!-- p71 --> (already translated)
⏭️ Skipping <!-- p72 --> (already translated)
⏭️ Skipping <!-- p73 --> (already translated)
⏭️ Skipping <!-- p74 --> (already translated)
⏭️ Skipping <!-- p75 --> (already translated)
⏭️ Skipping <!-- p76 --> (already translated)
⏭️ Skipping <!-- p77 --> (already translated)
⏭️ Skipping <!-- p78 --> (already translated)
⏭️ Skipping <!-- p79 --> (already translated)
⏭️ Skipping <!-- p80 --> (already translated)
⏭️ Skipping <!-- p81 --> (already translated)
⏭️ Skipping <!-- p82 --> (already translated)
⏭️ Skipping <!-- p83 --> (already translated)
⏭️ Skipping <!-- p84 --> (already translated)
⏭️ Skipping <!-- p85 --> (already translated)
⏭️ Skipping <!-- p86 --> (already translated)
⏭️ Skipping <!-- p87 --> (already translated)
⏭️ Skipping <!-- p88 --> (already translated)
⏭️ Skipping <!-- p89 --> (already translated)
⏭️ Skipping <!-- p90 --> (already translated)
⏭️ Skipping <!-- p91 --> (already translated)
⏭️ Skipping <!-- p92 --> (already translated)
⏭️ Skipping <!-- p93 --> (already translated)
⏭️ Skipping <!-- p94 --> (already translated)
⏭️ Skipping <!-- p95 --> (already translated)
⏭️ Skipping <!-- p96 --> (already translated)
⏭️ Skipping <!-- p97 --> (already translated)
⏭️ Skipping <!-- p98 --> (already translated)
⏭️ Skipping <!-- p99 --> (already translated)
⏭️ Skipping <!-- p100 --> (already translated)
⏭️ Skipping <!-- p101 --> (already translated)
⏭️ Skipping <!-- p102 --> (already translated)
⏭️ Skipping <!-- p103 --> (already translated)
⏭️ Skipping <!-- p104 --> (already translated)
⏭️ Skipping <!-- p105 --> (already translated)
⏭️ Skipping <!-- p106 --> (already translated)
⏭️ Skipping <!-- p107 --> (already translated)
⏭️ Skipping <!-- p108 --> (already translated)
🧮 Token-aware batching: 0 batch(es), budget ~106666 tokens, max batch size 20
✅ Done: /Users/andrew/repo/kli-translation-pipeline_principles-of-faith/japenese/pipeline2/translation/chapters/chapter14_chapter_14_keep_watch.md (0/109 translated)

📘 Processing chapter1_chapter_1_sound_doctrine_matters.md...
📑 Paragraph markers found: 116
⏭️ Skipping <!-- p0 --> (already translated)
⏭️ Skipping <!-- p1 --> (already translated)
⏭️ Skipping <!-- p2 --> (already translated)
⏭️ Skipping <!-- p3 --> (already translated)
⏭️ Skipping <!-- p4 --> (already translated)
⏭️ Skipping <!-- p5 --> (already translated)
⏭️ Skipping <!-- p6 --> (already translated)
⏭️ Skipping <!-- p7 --> (already translated)
⏭️ Skipping <!-- p8 --> (already translated)
⏭️ Skipping <!-- p9 --> (already translated)
⏭️ Skipping <!-- p10 --> (already translated)
⏭️ Skipping <!-- p11 --> (already translated)
⏭️ Skipping <!-- p12 --> (already translated)
⏭️ Skipping <!-- p13 --> (already translated)
⏭️ Skipping <!-- p14 --> (already translated)
⏭️ Skipping <!-- p15 --> (already translated)
⏭️ Skipping <!-- p16 --> (already translated)
⏭️ Skipping <!-- p17 --> (already translated)
⏭️ Skipping <!-- p18 --> (already translated)
⏭️ Skipping <!-- p19 --> (already translated)
⏭️ Skipping <!-- p20 --> (already translated)
⏭️ Skipping <!-- p21 --> (already translated)
⏭️ Skipping <!-- p22 --> (already translated)
⏭️ Skipping <!-- p23 --> (already translated)
⏭️ Skipping <!-- p24 --> (already translated)
⏭️ Skipping <!-- p25 --> (already translated)
⏭️ Skipping <!-- p26 --> (already translated)
⏭️ Skipping <!-- p27 --> (already translated)
⏭️ Skipping <!-- p28 --> (already translated)
⏭️ Skipping <!-- p29 --> (already translated)
⏭️ Skipping <!-- p30 --> (already translated)
⏭️ Skipping <!-- p31 --> (already translated)
⏭️ Skipping <!-- p32 --> (already translated)
⏭️ Skipping <!-- p33 --> (already translated)
⏭️ Skipping <!-- p34 --> (already translated)
⏭️ Skipping <!-- p35 --> (already translated)
⏭️ Skipping <!-- p36 --> (already translated)
⏭️ Skipping <!-- p37 --> (already translated)
⏭️ Skipping <!-- p38 --> (already translated)
⏭️ Skipping <!-- p39 --> (already translated)
⏭️ Skipping <!-- p40 --> (already translated)
⏭️ Skipping <!-- p41 --> (already translated)
⏭️ Skipping <!-- p42 --> (already translated)
⏭️ Skipping <!-- p43 --> (already translated)
⏭️ Skipping <!-- p44 --> (already translated)
⏭️ Skipping <!-- p45 --> (already translated)
⏭️ Skipping <!-- p46 --> (already translated)
⏭️ Skipping <!-- p47 --> (already translated)
⏭️ Skipping <!-- p48 --> (already translated)
⏭️ Skipping <!-- p49 --> (already translated)
⏭️ Skipping <!-- p50 --> (already translated)
⏭️ Skipping <!-- p51 --> (already translated)
⏭️ Skipping <!-- p52 --> (already translated)
⏭️ Skipping <!-- p53 --> (already translated)
⏭️ Skipping <!-- p54 --> (already translated)
⏭️ Skipping <!-- p55 --> (already translated)
⏭️ Skipping <!-- p56 --> (already translated)
⏭️ Skipping <!-- p57 --> (already translated)
⏭️ Skipping <!-- p58 --> (already translated)
⏭️ Skipping <!-- p59 --> (already translated)
⏭️ Skipping <!-- p60 --> (already translated)
⏭️ Skipping <!-- p61 --> (already translated)
⏭️ Skipping <!-- p62 --> (already translated)
⏭️ Skipping <!-- p63 --> (already translated)
⏭️ Skipping <!-- p64 --> (already translated)
⏭️ Skipping <!-- p65 --> (already translated)
⏭️ Skipping <!-- p66 --> (already translated)
⏭️ Skipping <!-- p67 --> (already translated)
⏭️ Skipping <!-- p68 --> (already translated)
⏭️ Skipping <!-- p69 --> (already translated)
⏭️ Skipping <!-- p70 --> (already translated)
⏭️ Skipping <!-- p71 --> (already translated)
⏭️ Skipping <!-- p72 --> (already translated)
⏭️ Skipping <!-- p73 --> (already translated)
⏭️ Skipping <!-- p74 --> (already translated)
⏭️ Skipping <!-- p75 --> (already translated)
⏭️ Skipping <!-- p76 --> (already translated)
⏭️ Skipping <!-- p77 --> (already translated)
⏭️ Skipping <!-- p78 --> (already translated)
⏭️ Skipping <!-- p79 --> (already translated)
⏭️ Skipping <!-- p80 --> (already translated)
⏭️ Skipping <!-- p81 --> (already translated)
⏭️ Skipping <!-- p82 --> (already translated)
⏭️ Skipping <!-- p83 --> (already translated)
⏭️ Skipping <!-- p84 --> (already translated)
⏭️ Skipping <!-- p85 --> (already translated)
⏭️ Skipping <!-- p86 --> (already translated)
⏭️ Skipping <!-- p87 --> (already translated)
⏭️ Skipping <!-- p88 --> (already translated)
⏭️ Skipping <!-- p89 --> (already translated)
⏭️ Skipping <!-- p90 --> (already translated)
⏭️ Skipping <!-- p91 --> (already translated)
⏭️ Skipping <!-- p92 --> (already translated)
⏭️ Skipping <!-- p93 --> (already translated)
⏭️ Skipping <!-- p94 --> (already translated)
⏭️ Skipping <!-- p95 --> (already translated)
⏭️ Skipping <!-- p96 --> (already translated)
⏭️ Skipping <!-- p97 --> (already translated)
⏭️ Skipping <!-- p98 --> (already translated)
⏭️ Skipping <!-- p99 --> (already translated)
⏭️ Skipping <!-- p100 --> (already translated)
⏭️ Skipping <!-- p101 --> (already translated)
⏭️ Skipping <!-- p102 --> (already translated)
⏭️ Skipping <!-- p103 --> (already translated)
⏭️ Skipping <!-- p104 --> (already translated)
⏭️ Skipping <!-- p105 --> (already translated)
⏭️ Skipping <!-- p106 --> (already translated)
⏭️ Skipping <!-- p107 --> (already translated)
⏭️ Skipping <!-- p108 --> (already translated)
⏭️ Skipping <!-- p109 --> (already translated)
⏭️ Skipping <!-- p110 --> (already translated)
⏭️ Skipping <!-- p111 --> (already translated)
⏭️ Skipping <!-- p112 --> (already translated)
⏭️ Skipping <!-- p113 --> (already translated)
⏭️ Skipping <!-- p114 --> (already translated)
⏭️ Skipping <!-- p115 --> (already translated)
🧮 Token-aware batching: 0 batch(es), budget ~106666 tokens, max batch size 20
✅ Done: /Users/andrew/repo/kli-translation-pipeline_principles-of-faith/japenese/pipeline2/translation/chapters/chapter1_chapter_1_sound_doctrine_matters.md (0/116 translated)

📘 Processing chapter2_chapter_2_god_eternal_creator_and_loving_father.md...
📑 Paragraph markers found: 70
⏭️ Skipping <!-- p0 --> (already translated)
⏭️ Skipping <!-- p1 --> (already translated)
⏭️ Skipping <!-- p2 --> (already translated)
⏭️ Skipping <!-- p3 --> (already translated)
⏭️ Skipping <!-- p4 --> (already translated)
⏭️ Skipping <!-- p5 --> (already translated)
⏭️ Skipping <!-- p6 --> (already translated)
⏭️ Skipping <!-- p7 --> (already translated)
⏭️ Skipping <!-- p8 --> (already translated)
⏭️ Skipping <!-- p9 --> (already translated)
⏭️ Skipping <!-- p10 --> (already translated)
⏭️ Skipping <!-- p11 --> (already translated)
⏭️ Skipping <!-- p12 --> (already translated)
⏭️ Skipping <!-- p13 --> (already translated)
⏭️ Skipping <!-- p14 --> (already translated)
⏭️ Skipping <!-- p15 --> (already translated)
⏭️ Skipping <!-- p16 --> (already translated)
⏭️ Skipping <!-- p17 --> (already translated)
⏭️ Skipping <!-- p18 --> (already translated)
⏭️ Skipping <!-- p19 --> (already translated)
⏭️ Skipping <!-- p20 --> (already translated)
⏭️ Skipping <!-- p21 --> (already translated)
⏭️ Skipping <!-- p22 --> (already translated)
⏭️ Skipping <!-- p23 --> (already translated)
⏭️ Skipping <!-- p24 --> (already translated)
⏭️ Skipping <!-- p25 --> (already translated)
⏭️ Skipping <!-- p26 --> (already translated)
⏭️ Skipping <!-- p27 --> (already translated)
⏭️ Skipping <!-- p28 --> (already translated)
⏭️ Skipping <!-- p29 --> (already translated)
⏭️ Skipping <!-- p30 --> (already translated)
⏭️ Skipping <!-- p31 --> (already translated)
⏭️ Skipping <!-- p32 --> (already translated)
⏭️ Skipping <!-- p33 --> (already translated)
⏭️ Skipping <!-- p34 --> (already translated)
⏭️ Skipping <!-- p35 --> (already translated)
⏭️ Skipping <!-- p36 --> (already translated)
⏭️ Skipping <!-- p37 --> (already translated)
⏭️ Skipping <!-- p38 --> (already translated)
⏭️ Skipping <!-- p39 --> (already translated)
⏭️ Skipping <!-- p40 --> (already translated)
⏭️ Skipping <!-- p41 --> (already translated)
⏭️ Skipping <!-- p42 --> (already translated)
⏭️ Skipping <!-- p43 --> (already translated)
⏭️ Skipping <!-- p44 --> (already translated)
⏭️ Skipping <!-- p45 --> (already translated)
⏭️ Skipping <!-- p46 --> (already translated)
⏭️ Skipping <!-- p47 --> (already translated)
⏭️ Skipping <!-- p48 --> (already translated)
⏭️ Skipping <!-- p49 --> (already translated)
⏭️ Skipping <!-- p50 --> (already translated)
⏭️ Skipping <!-- p51 --> (already translated)
⏭️ Skipping <!-- p52 --> (already translated)
⏭️ Skipping <!-- p53 --> (already translated)
⏭️ Skipping <!-- p54 --> (already translated)
⏭️ Skipping <!-- p55 --> (already translated)
⏭️ Skipping <!-- p56 --> (already translated)
⏭️ Skipping <!-- p57 --> (already translated)
⏭️ Skipping <!-- p58 --> (already translated)
⏭️ Skipping <!-- p59 --> (already translated)
⏭️ Skipping <!-- p60 --> (already translated)
⏭️ Skipping <!-- p61 --> (already translated)
⏭️ Skipping <!-- p62 --> (already translated)
⏭️ Skipping <!-- p63 --> (already translated)
⏭️ Skipping <!-- p64 --> (already translated)
⏭️ Skipping <!-- p65 --> (already translated)
⏭️ Skipping <!-- p66 --> (already translated)
⏭️ Skipping <!-- p67 --> (already translated)
⏭️ Skipping <!-- p68 --> (already translated)
⏭️ Skipping <!-- p69 --> (already translated)
🧮 Token-aware batching: 0 batch(es), budget ~106666 tokens, max batch size 20
✅ Done: /Users/andrew/repo/kli-translation-pipeline_principles-of-faith/japenese/pipeline2/translation/chapters/chapter2_chapter_2_god_eternal_creator_and_loving_father.md (0/70 translated)

📘 Processing chapter3_chapter_3_sin_and_redemption.md...
📑 Paragraph markers found: 111
⏭️ Skipping <!-- p0 --> (already translated)
⏭️ Skipping <!-- p1 --> (already translated)
⏭️ Skipping <!-- p2 --> (already translated)
⏭️ Skipping <!-- p3 --> (already translated)
⏭️ Skipping <!-- p4 --> (already translated)
⏭️ Skipping <!-- p5 --> (already translated)
⏭️ Skipping <!-- p6 --> (already translated)
⏭️ Skipping <!-- p7 --> (already translated)
⏭️ Skipping <!-- p8 --> (already translated)
⏭️ Skipping <!-- p9 --> (already translated)
⏭️ Skipping <!-- p10 --> (already translated)
⏭️ Skipping <!-- p11 --> (already translated)
⏭️ Skipping <!-- p12 --> (already translated)
⏭️ Skipping <!-- p13 --> (already translated)
⏭️ Skipping <!-- p14 --> (already translated)
⏭️ Skipping <!-- p15 --> (already translated)
⏭️ Skipping <!-- p16 --> (already translated)
⏭️ Skipping <!-- p17 --> (already translated)
⏭️ Skipping <!-- p18 --> (already translated)
⏭️ Skipping <!-- p19 --> (already translated)
⏭️ Skipping <!-- p20 --> (already translated)
⏭️ Skipping <!-- p21 --> (already translated)
⏭️ Skipping <!-- p22 --> (already translated)
⏭️ Skipping <!-- p23 --> (already translated)
⏭️ Skipping <!-- p24 --> (already translated)
⏭️ Skipping <!-- p25 --> (already translated)
⏭️ Skipping <!-- p26 --> (already translated)
⏭️ Skipping <!-- p27 --> (already translated)
⏭️ Skipping <!-- p28 --> (already translated)
⏭️ Skipping <!-- p29 --> (already translated)
⏭️ Skipping <!-- p30 --> (already translated)
⏭️ Skipping <!-- p31 --> (already translated)
⏭️ Skipping <!-- p32 --> (already translated)
⏭️ Skipping <!-- p33 --> (already translated)
⏭️ Skipping <!-- p34 --> (already translated)
⏭️ Skipping <!-- p35 --> (already translated)
⏭️ Skipping <!-- p36 --> (already translated)
⏭️ Skipping <!-- p37 --> (already translated)
⏭️ Skipping <!-- p38 --> (already translated)
⏭️ Skipping <!-- p39 --> (already translated)
⏭️ Skipping <!-- p40 --> (already translated)
⏭️ Skipping <!-- p41 --> (already translated)
⏭️ Skipping <!-- p42 --> (already translated)
⏭️ Skipping <!-- p43 --> (already translated)
⏭️ Skipping <!-- p44 --> (already translated)
⏭️ Skipping <!-- p45 --> (already translated)
⏭️ Skipping <!-- p46 --> (already translated)
⏭️ Skipping <!-- p47 --> (already translated)
⏭️ Skipping <!-- p48 --> (already translated)
⏭️ Skipping <!-- p49 --> (already translated)
⏭️ Skipping <!-- p50 --> (already translated)
⏭️ Skipping <!-- p51 --> (already translated)
⏭️ Skipping <!-- p52 --> (already translated)
⏭️ Skipping <!-- p53 --> (already translated)
⏭️ Skipping <!-- p54 --> (already translated)
⏭️ Skipping <!-- p55 --> (already translated)
⏭️ Skipping <!-- p56 --> (already translated)
⏭️ Skipping <!-- p57 --> (already translated)
⏭️ Skipping <!-- p58 --> (already translated)
⏭️ Skipping <!-- p59 --> (already translated)
⏭️ Skipping <!-- p60 --> (already translated)
⏭️ Skipping <!-- p61 --> (already translated)
⏭️ Skipping <!-- p62 --> (already translated)
⏭️ Skipping <!-- p63 --> (already translated)
⏭️ Skipping <!-- p64 --> (already translated)
⏭️ Skipping <!-- p65 --> (already translated)
⏭️ Skipping <!-- p66 --> (already translated)
⏭️ Skipping <!-- p67 --> (already translated)
⏭️ Skipping <!-- p68 --> (already translated)
⏭️ Skipping <!-- p69 --> (already translated)
⏭️ Skipping <!-- p70 --> (already translated)
⏭️ Skipping <!-- p71 --> (already translated)
⏭️ Skipping <!-- p72 --> (already translated)
⏭️ Skipping <!-- p73 --> (already translated)
⏭️ Skipping <!-- p74 --> (already translated)
⏭️ Skipping <!-- p75 --> (already translated)
⏭️ Skipping <!-- p76 --> (already translated)
⏭️ Skipping <!-- p77 --> (already translated)
⏭️ Skipping <!-- p78 --> (already translated)
⏭️ Skipping <!-- p79 --> (already translated)
⏭️ Skipping <!-- p80 --> (already translated)
⏭️ Skipping <!-- p81 --> (already translated)
⏭️ Skipping <!-- p82 --> (already translated)
⏭️ Skipping <!-- p87 --> (already translated)
⏭️ Skipping <!-- p88 --> (already translated)
⏭️ Skipping <!-- p89 --> (already translated)
⏭️ Skipping <!-- p90 --> (already translated)
⏭️ Skipping <!-- p91 --> (already translated)
⏭️ Skipping <!-- p92 --> (already translated)
⏭️ Skipping <!-- p93 --> (already translated)
⏭️ Skipping <!-- p94 --> (already translated)
⏭️ Skipping <!-- p95 --> (already translated)
⏭️ Skipping <!-- p96 --> (already translated)
⏭️ Skipping <!-- p97 --> (already translated)
⏭️ Skipping <!-- p98 --> (already translated)
⏭️ Skipping <!-- p99 --> (already translated)
⏭️ Skipping <!-- p100 --> (already translated)
⏭️ Skipping <!-- p101 --> (already translated)
⏭️ Skipping <!-- p102 --> (already translated)
⏭️ Skipping <!-- p103 --> (already translated)
⏭️ Skipping <!-- p104 --> (already translated)
⏭️ Skipping <!-- p105 --> (already translated)
⏭️ Skipping <!-- p106 --> (already translated)
⏭️ Skipping <!-- p107 --> (already translated)
⏭️ Skipping <!-- p108 --> (already translated)
⏭️ Skipping <!-- p109 --> (already translated)
⏭️ Skipping <!-- p110 --> (already translated)
⏭️ Skipping <!-- p111 --> (already translated)
⏭️ Skipping <!-- p112 --> (already translated)
⏭️ Skipping <!-- p113 --> (already translated)
⏭️ Skipping <!-- p114 --> (already translated)
🧮 Token-aware batching: 0 batch(es), budget ~106666 tokens, max batch size 20
✅ Done: /Users/andrew/repo/kli-translation-pipeline_principles-of-faith/japenese/pipeline2/translation/chapters/chapter3_chapter_3_sin_and_redemption.md (0/111 translated)

📘 Processing chapter4_chapter_4_jesus_the_messiah.md...
📑 Paragraph markers found: 105
⏭️ Skipping <!-- p0 --> (already translated)
⏭️ Skipping <!-- p1 --> (already translated)
⏭️ Skipping <!-- p2 --> (already translated)
⏭️ Skipping <!-- p3 --> (already translated)
⏭️ Skipping <!-- p4 --> (already translated)
⏭️ Skipping <!-- p5 --> (already translated)
⏭️ Skipping <!-- p6 --> (already translated)
⏭️ Skipping <!-- p7 --> (already translated)
⏭️ Skipping <!-- p8 --> (already translated)
⏭️ Skipping <!-- p9 --> (already translated)
⏭️ Skipping <!-- p10 --> (already translated)
⏭️ Skipping <!-- p11 --> (already translated)
⏭️ Skipping <!-- p12 --> (already translated)
⏭️ Skipping <!-- p13 --> (already translated)
⏭️ Skipping <!-- p14 --> (already translated)
⏭️ Skipping <!-- p15 --> (already translated)
⏭️ Skipping <!-- p16 --> (already translated)
⏭️ Skipping <!-- p17 --> (already translated)
⏭️ Skipping <!-- p18 --> (already translated)
⏭️ Skipping <!-- p19 --> (already translated)
⏭️ Skipping <!-- p20 --> (already translated)
⏭️ Skipping <!-- p21 --> (already translated)
⏭️ Skipping <!-- p22 --> (already translated)
⏭️ Skipping <!-- p23 --> (already translated)
⏭️ Skipping <!-- p24 --> (already translated)
⏭️ Skipping <!-- p25 --> (already translated)
⏭️ Skipping <!-- p26 --> (already translated)
⏭️ Skipping <!-- p27 --> (already translated)
⏭️ Skipping <!-- p28 --> (already translated)
⏭️ Skipping <!-- p29 --> (already translated)
⏭️ Skipping <!-- p30 --> (already translated)
⏭️ Skipping <!-- p31 --> (already translated)
⏭️ Skipping <!-- p32 --> (already translated)
⏭️ Skipping <!-- p33 --> (already translated)
⏭️ Skipping <!-- p34 --> (already translated)
⏭️ Skipping <!-- p35 --> (already translated)
⏭️ Skipping <!-- p36 --> (already translated)
⏭️ Skipping <!-- p37 --> (already translated)
⏭️ Skipping <!-- p38 --> (already translated)
⏭️ Skipping <!-- p39 --> (already translated)
⏭️ Skipping <!-- p40 --> (already translated)
⏭️ Skipping <!-- p41 --> (already translated)
⏭️ Skipping <!-- p42 --> (already translated)
⏭️ Skipping <!-- p43 --> (already translated)
⏭️ Skipping <!-- p44 --> (already translated)
⏭️ Skipping <!-- p45 --> (already translated)
⏭️ Skipping <!-- p46 --> (already translated)
⏭️ Skipping <!-- p47 --> (already translated)
⏭️ Skipping <!-- p48 --> (already translated)
⏭️ Skipping <!-- p49 --> (already translated)
⏭️ Skipping <!-- p50 --> (already translated)
⏭️ Skipping <!-- p51 --> (already translated)
⏭️ Skipping <!-- p52 --> (already translated)
⏭️ Skipping <!-- p53 --> (already translated)
⏭️ Skipping <!-- p54 --> (already translated)
⏭️ Skipping <!-- p55 --> (already translated)
⏭️ Skipping <!-- p56 --> (already translated)
⏭️ Skipping <!-- p57 --> (already translated)
⏭️ Skipping <!-- p58 --> (already translated)
⏭️ Skipping <!-- p59 --> (already translated)
⏭️ Skipping <!-- p60 --> (already translated)
⏭️ Skipping <!-- p61 --> (already translated)
⏭️ Skipping <!-- p62 --> (already translated)
⏭️ Skipping <!-- p63 --> (already translated)
⏭️ Skipping <!-- p64 --> (already translated)
⏭️ Skipping <!-- p65 --> (already translated)
⏭️ Skipping <!-- p66 --> (already translated)
⏭️ Skipping <!-- p67 --> (already translated)
⏭️ Skipping <!-- p68 --> (already translated)
⏭️ Skipping <!-- p69 --> (already translated)
⏭️ Skipping <!-- p70 --> (already translated)
⏭️ Skipping <!-- p71 --> (already translated)
⏭️ Skipping <!-- p72 --> (already translated)
⏭️ Skipping <!-- p73 --> (already translated)
⏭️ Skipping <!-- p74 --> (already translated)
⏭️ Skipping <!-- p75 --> (already translated)
⏭️ Skipping <!-- p76 --> (already translated)
⏭️ Skipping <!-- p77 --> (already translated)
⏭️ Skipping <!-- p78 --> (already translated)
⏭️ Skipping <!-- p79 --> (already translated)
⏭️ Skipping <!-- p80 --> (already translated)
⏭️ Skipping <!-- p81 --> (already translated)
⏭️ Skipping <!-- p82 --> (already translated)
⏭️ Skipping <!-- p83 --> (already translated)
⏭️ Skipping <!-- p84 --> (already translated)
⏭️ Skipping <!-- p85 --> (already translated)
⏭️ Skipping <!-- p86 --> (already translated)
⏭️ Skipping <!-- p87 --> (already translated)
⏭️ Skipping <!-- p88 --> (already translated)
⏭️ Skipping <!-- p89 --> (already translated)
⏭️ Skipping <!-- p90 --> (already translated)
⏭️ Skipping <!-- p91 --> (already translated)
⏭️ Skipping <!-- p92 --> (already translated)
⏭️ Skipping <!-- p93 --> (already translated)
⏭️ Skipping <!-- p94 --> (already translated)
⏭️ Skipping <!-- p95 --> (already translated)
⏭️ Skipping <!-- p96 --> (already translated)
⏭️ Skipping <!-- p97 --> (already translated)
⏭️ Skipping <!-- p98 --> (already translated)
⏭️ Skipping <!-- p99 --> (already translated)
⏭️ Skipping <!-- p100 --> (already translated)
⏭️ Skipping <!-- p101 --> (already translated)
⏭️ Skipping <!-- p102 --> (already translated)
⏭️ Skipping <!-- p103 --> (already translated)
⏭️ Skipping <!-- p104 --> (already translated)
🧮 Token-aware batching: 0 batch(es), budget ~106666 tokens, max batch size 20
✅ Done: /Users/andrew/repo/kli-translation-pipeline_principles-of-faith/japenese/pipeline2/translation/chapters/chapter4_chapter_4_jesus_the_messiah.md (0/105 translated)

📘 Processing chapter5_chapter_5_repentance_from_dead_works.md...
📑 Paragraph markers found: 148
⏭️ Skipping <!-- p0 --> (already translated)
⏭️ Skipping <!-- p1 --> (already translated)
⏭️ Skipping <!-- p2 --> (already translated)
⏭️ Skipping <!-- p3 --> (already translated)
⏭️ Skipping <!-- p4 --> (already translated)
⏭️ Skipping <!-- p5 --> (already translated)
⏭️ Skipping <!-- p6 --> (already translated)
⏭️ Skipping <!-- p7 --> (already translated)
⏭️ Skipping <!-- p8 --> (already translated)
⏭️ Skipping <!-- p9 --> (already translated)
⏭️ Skipping <!-- p10 --> (already translated)
⏭️ Skipping <!-- p11 --> (already translated)
⏭️ Skipping <!-- p12 --> (already translated)
⏭️ Skipping <!-- p13 --> (already translated)
⏭️ Skipping <!-- p14 --> (already translated)
⏭️ Skipping <!-- p15 --> (already translated)
⏭️ Skipping <!-- p16 --> (already translated)
⏭️ Skipping <!-- p17 --> (already translated)
⏭️ Skipping <!-- p18 --> (already translated)
⏭️ Skipping <!-- p19 --> (already translated)
⏭️ Skipping <!-- p20 --> (already translated)
⏭️ Skipping <!-- p21 --> (already translated)
⏭️ Skipping <!-- p22 --> (already translated)
⏭️ Skipping <!-- p23 --> (already translated)
⏭️ Skipping <!-- p24 --> (already translated)
⏭️ Skipping <!-- p25 --> (already translated)
⏭️ Skipping <!-- p26 --> (already translated)
⏭️ Skipping <!-- p27 --> (already translated)
⏭️ Skipping <!-- p28 --> (already translated)
⏭️ Skipping <!-- p29 --> (already translated)
⏭️ Skipping <!-- p30 --> (already translated)
⏭️ Skipping <!-- p31 --> (already translated)
⏭️ Skipping <!-- p32 --> (already translated)
⏭️ Skipping <!-- p33 --> (already translated)
⏭️ Skipping <!-- p34 --> (already translated)
⏭️ Skipping <!-- p35 --> (already translated)
⏭️ Skipping <!-- p36 --> (already translated)
⏭️ Skipping <!-- p37 --> (already translated)
⏭️ Skipping <!-- p38 --> (already translated)
⏭️ Skipping <!-- p39 --> (already translated)
⏭️ Skipping <!-- p40 --> (already translated)
⏭️ Skipping <!-- p41 --> (already translated)
⏭️ Skipping <!-- p42 --> (already translated)
⏭️ Skipping <!-- p43 --> (already translated)
⏭️ Skipping <!-- p44 --> (already translated)
⏭️ Skipping <!-- p45 --> (already translated)
⏭️ Skipping <!-- p46 --> (already translated)
⏭️ Skipping <!-- p47 --> (already translated)
⏭️ Skipping <!-- p48 --> (already translated)
⏭️ Skipping <!-- p49 --> (already translated)
⏭️ Skipping <!-- p50 --> (already translated)
⏭️ Skipping <!-- p51 --> (already translated)
⏭️ Skipping <!-- p52 --> (already translated)
⏭️ Skipping <!-- p53 --> (already translated)
⏭️ Skipping <!-- p54 --> (already translated)
⏭️ Skipping <!-- p55 --> (already translated)
⏭️ Skipping <!-- p56 --> (already translated)
⏭️ Skipping <!-- p57 --> (already translated)
⏭️ Skipping <!-- p58 --> (already translated)
⏭️ Skipping <!-- p59 --> (already translated)
⏭️ Skipping <!-- p60 --> (already translated)
⏭️ Skipping <!-- p61 --> (already translated)
⏭️ Skipping <!-- p62 --> (already translated)
⏭️ Skipping <!-- p63 --> (already translated)
⏭️ Skipping <!-- p64 --> (already translated)
⏭️ Skipping <!-- p65 --> (already translated)
⏭️ Skipping <!-- p66 --> (already translated)
⏭️ Skipping <!-- p67 --> (already translated)
⏭️ Skipping <!-- p68 --> (already translated)
⏭️ Skipping <!-- p69 --> (already translated)
⏭️ Skipping <!-- p70 --> (already translated)
⏭️ Skipping <!-- p71 --> (already translated)
⏭️ Skipping <!-- p72 --> (already translated)
⏭️ Skipping <!-- p73 --> (already translated)
⏭️ Skipping <!-- p74 --> (already translated)
⏭️ Skipping <!-- p75 --> (already translated)
⏭️ Skipping <!-- p76 --> (already translated)
⏭️ Skipping <!-- p77 --> (already translated)
⏭️ Skipping <!-- p78 --> (already translated)
⏭️ Skipping <!-- p79 --> (already translated)
⏭️ Skipping <!-- p80 --> (already translated)
⏭️ Skipping <!-- p81 --> (already translated)
⏭️ Skipping <!-- p82 --> (already translated)
⏭️ Skipping <!-- p83 --> (already translated)
⏭️ Skipping <!-- p84 --> (already translated)
⏭️ Skipping <!-- p85 --> (already translated)
⏭️ Skipping <!-- p86 --> (already translated)
⏭️ Skipping <!-- p87 --> (already translated)
⏭️ Skipping <!-- p88 --> (already translated)
⏭️ Skipping <!-- p89 --> (already translated)
⏭️ Skipping <!-- p90 --> (already translated)
⏭️ Skipping <!-- p91 --> (already translated)
⏭️ Skipping <!-- p92 --> (already translated)
⏭️ Skipping <!-- p93 --> (already translated)
⏭️ Skipping <!-- p94 --> (already translated)
⏭️ Skipping <!-- p95 --> (already translated)
⏭️ Skipping <!-- p96 --> (already translated)
⏭️ Skipping <!-- p97 --> (already translated)
⏭️ Skipping <!-- p98 --> (already translated)
⏭️ Skipping <!-- p99 --> (already translated)
⏭️ Skipping <!-- p100 --> (already translated)
⏭️ Skipping <!-- p101 --> (already translated)
⏭️ Skipping <!-- p102 --> (already translated)
⏭️ Skipping <!-- p103 --> (already translated)
⏭️ Skipping <!-- p104 --> (already translated)
⏭️ Skipping <!-- p105 --> (already translated)
⏭️ Skipping <!-- p106 --> (already translated)
⏭️ Skipping <!-- p107 --> (already translated)
⏭️ Skipping <!-- p108 --> (already translated)
⏭️ Skipping <!-- p109 --> (already translated)
⏭️ Skipping <!-- p110 --> (already translated)
⏭️ Skipping <!-- p111 --> (already translated)
⏭️ Skipping <!-- p112 --> (already translated)
⏭️ Skipping <!-- p113 --> (already translated)
⏭️ Skipping <!-- p114 --> (already translated)
⏭️ Skipping <!-- p115 --> (already translated)
⏭️ Skipping <!-- p116 --> (already translated)
⏭️ Skipping <!-- p117 --> (already translated)
⏭️ Skipping <!-- p118 --> (already translated)
⏭️ Skipping <!-- p119 --> (already translated)
⏭️ Skipping <!-- p120 --> (already translated)
⏭️ Skipping <!-- p121 --> (already translated)
⏭️ Skipping <!-- p122 --> (already translated)
⏭️ Skipping <!-- p123 --> (already translated)
⏭️ Skipping <!-- p124 --> (already translated)
⏭️ Skipping <!-- p125 --> (already translated)
⏭️ Skipping <!-- p126 --> (already translated)
⏭️ Skipping <!-- p127 --> (already translated)
⏭️ Skipping <!-- p128 --> (already translated)
⏭️ Skipping <!-- p129 --> (already translated)
⏭️ Skipping <!-- p130 --> (already translated)
⏭️ Skipping <!-- p131 --> (already translated)
⏭️ Skipping <!-- p132 --> (already translated)
⏭️ Skipping <!-- p133 --> (already translated)
⏭️ Skipping <!-- p134 --> (already translated)
⏭️ Skipping <!-- p135 --> (already translated)
⏭️ Skipping <!-- p136 --> (already translated)
⏭️ Skipping <!-- p137 --> (already translated)
⏭️ Skipping <!-- p138 --> (already translated)
⏭️ Skipping <!-- p139 --> (already translated)
⏭️ Skipping <!-- p140 --> (already translated)
⏭️ Skipping <!-- p141 --> (already translated)
⏭️ Skipping <!-- p142 --> (already translated)
⏭️ Skipping <!-- p143 --> (already translated)
⏭️ Skipping <!-- p144 --> (already translated)
⏭️ Skipping <!-- p145 --> (already translated)
⏭️ Skipping <!-- p146 --> (already translated)
⏭️ Skipping <!-- p147 --> (already translated)
🧮 Token-aware batching: 0 batch(es), budget ~106666 tokens, max batch size 20
✅ Done: /Users/andrew/repo/kli-translation-pipeline_principles-of-faith/japenese/pipeline2/translation/chapters/chapter5_chapter_5_repentance_from_dead_works.md (0/148 translated)

📘 Processing chapter6_chapter_6_faith_toward_god.md...
📑 Paragraph markers found: 169
⏭️ Skipping <!-- p0 --> (already translated)
⏭️ Skipping <!-- p1 --> (already translated)
⏭️ Skipping <!-- p2 --> (already translated)
⏭️ Skipping <!-- p3 --> (already translated)
⏭️ Skipping <!-- p4 --> (already translated)
⏭️ Skipping <!-- p5 --> (already translated)
⏭️ Skipping <!-- p6 --> (already translated)
⏭️ Skipping <!-- p7 --> (already translated)
⏭️ Skipping <!-- p8 --> (already translated)
⏭️ Skipping <!-- p9 --> (already translated)
⏭️ Skipping <!-- p10 --> (already translated)
⏭️ Skipping <!-- p11 --> (already translated)
⏭️ Skipping <!-- p12 --> (already translated)
⏭️ Skipping <!-- p13 --> (already translated)
⏭️ Skipping <!-- p14 --> (already translated)
⏭️ Skipping <!-- p15 --> (already translated)
⏭️ Skipping <!-- p16 --> (already translated)
⏭️ Skipping <!-- p17 --> (already translated)
⏭️ Skipping <!-- p18 --> (already translated)
⏭️ Skipping <!-- p19 --> (already translated)
⏭️ Skipping <!-- p20 --> (already translated)
⏭️ Skipping <!-- p21 --> (already translated)
⏭️ Skipping <!-- p22 --> (already translated)
⏭️ Skipping <!-- p23 --> (already translated)
⏭️ Skipping <!-- p24 --> (already translated)
⏭️ Skipping <!-- p25 --> (already translated)
⏭️ Skipping <!-- p26 --> (already translated)
⏭️ Skipping <!-- p27 --> (already translated)
⏭️ Skipping <!-- p28 --> (already translated)
⏭️ Skipping <!-- p29 --> (already translated)
⏭️ Skipping <!-- p30 --> (already translated)
⏭️ Skipping <!-- p31 --> (already translated)
⏭️ Skipping <!-- p32 --> (already translated)
⏭️ Skipping <!-- p33 --> (already translated)
⏭️ Skipping <!-- p34 --> (already translated)
⏭️ Skipping <!-- p35 --> (already translated)
⏭️ Skipping <!-- p36 --> (already translated)
⏭️ Skipping <!-- p37 --> (already translated)
⏭️ Skipping <!-- p38 --> (already translated)
⏭️ Skipping <!-- p39 --> (already translated)
⏭️ Skipping <!-- p40 --> (already translated)
⏭️ Skipping <!-- p41 --> (already translated)
⏭️ Skipping <!-- p42 --> (already translated)
⏭️ Skipping <!-- p43 --> (already translated)
⏭️ Skipping <!-- p44 --> (already translated)
⏭️ Skipping <!-- p45 --> (already translated)
⏭️ Skipping <!-- p46 --> (already translated)
⏭️ Skipping <!-- p47 --> (already translated)
⏭️ Skipping <!-- p48 --> (already translated)
⏭️ Skipping <!-- p49 --> (already translated)
⏭️ Skipping <!-- p50 --> (already translated)
⏭️ Skipping <!-- p51 --> (already translated)
⏭️ Skipping <!-- p52 --> (already translated)
⏭️ Skipping <!-- p58 --> (already translated)
⏭️ Skipping <!-- p59 --> (already translated)
⏭️ Skipping <!-- p60 --> (already translated)
⏭️ Skipping <!-- p61 --> (already translated)
⏭️ Skipping <!-- p62 --> (already translated)
⏭️ Skipping <!-- p63 --> (already translated)
⏭️ Skipping <!-- p64 --> (already translated)
⏭️ Skipping <!-- p65 --> (already translated)
⏭️ Skipping <!-- p66 --> (already translated)
⏭️ Skipping <!-- p67 --> (already translated)
⏭️ Skipping <!-- p68 --> (already translated)
⏭️ Skipping <!-- p69 --> (already translated)
⏭️ Skipping <!-- p70 --> (already translated)
⏭️ Skipping <!-- p71 --> (already translated)
⏭️ Skipping <!-- p72 --> (already translated)
⏭️ Skipping <!-- p73 --> (already translated)
⏭️ Skipping <!-- p78 --> (already translated)
⏭️ Skipping <!-- p79 --> (already translated)
⏭️ Skipping <!-- p80 --> (already translated)
⏭️ Skipping <!-- p81 --> (already translated)
⏭️ Skipping <!-- p82 --> (already translated)
⏭️ Skipping <!-- p83 --> (already translated)
⏭️ Skipping <!-- p84 --> (already translated)
⏭️ Skipping <!-- p85 --> (already translated)
⏭️ Skipping <!-- p86 --> (already translated)
⏭️ Skipping <!-- p87 --> (already translated)
⏭️ Skipping <!-- p88 --> (already translated)
⏭️ Skipping <!-- p90 --> (already translated)
⏭️ Skipping <!-- p91 --> (already translated)
⏭️ Skipping <!-- p92 --> (already translated)
⏭️ Skipping <!-- p93 --> (already translated)
⏭️ Skipping <!-- p94 --> (already translated)
⏭️ Skipping <!-- p95 --> (already translated)
⏭️ Skipping <!-- p96 --> (already translated)
⏭️ Skipping <!-- p97 --> (already translated)
⏭️ Skipping <!-- p98 --> (already translated)
⏭️ Skipping <!-- p99 --> (already translated)
⏭️ Skipping <!-- p100 --> (already translated)
⏭️ Skipping <!-- p101 --> (already translated)
⏭️ Skipping <!-- p102 --> (already translated)
⏭️ Skipping <!-- p103 --> (already translated)
⏭️ Skipping <!-- p104 --> (already translated)
⏭️ Skipping <!-- p105 --> (already translated)
⏭️ Skipping <!-- p106 --> (already translated)
⏭️ Skipping <!-- p107 --> (already translated)
⏭️ Skipping <!-- p108 --> (already translated)
⏭️ Skipping <!-- p109 --> (already translated)
⏭️ Skipping <!-- p110 --> (already translated)
⏭️ Skipping <!-- p111 --> (already translated)
⏭️ Skipping <!-- p112 --> (already translated)
⏭️ Skipping <!-- p113 --> (already translated)
⏭️ Skipping <!-- p114 --> (already translated)
⏭️ Skipping <!-- p115 --> (already translated)
⏭️ Skipping <!-- p116 --> (already translated)
⏭️ Skipping <!-- p117 --> (already translated)
⏭️ Skipping <!-- p118 --> (already translated)
⏭️ Skipping <!-- p119 --> (already translated)
⏭️ Skipping <!-- p120 --> (already translated)
⏭️ Skipping <!-- p121 --> (already translated)
⏭️ Skipping <!-- p122 --> (already translated)
⏭️ Skipping <!-- p123 --> (already translated)
⏭️ Skipping <!-- p124 --> (already translated)
⏭️ Skipping <!-- p125 --> (already translated)
⏭️ Skipping <!-- p126 --> (already translated)
⏭️ Skipping <!-- p127 --> (already translated)
⏭️ Skipping <!-- p128 --> (already translated)
⏭️ Skipping <!-- p129 --> (already translated)
⏭️ Skipping <!-- p130 --> (already translated)
⏭️ Skipping <!-- p131 --> (already translated)
⏭️ Skipping <!-- p132 --> (already translated)
⏭️ Skipping <!-- p133 --> (already translated)
⏭️ Skipping <!-- p134 --> (already translated)
⏭️ Skipping <!-- p135 --> (already translated)
⏭️ Skipping <!-- p136 --> (already translated)
⏭️ Skipping <!-- p137 --> (already translated)
⏭️ Skipping <!-- p138 --> (already translated)
⏭️ Skipping <!-- p139 --> (already translated)
⏭️ Skipping <!-- p140 --> (already translated)
⏭️ Skipping <!-- p141 --> (already translated)
⏭️ Skipping <!-- p142 --> (already translated)
⏭️ Skipping <!-- p143 --> (already translated)
⏭️ Skipping <!-- p144 --> (already translated)
⏭️ Skipping <!-- p145 --> (already translated)
⏭️ Skipping <!-- p146 --> (already translated)
⏭️ Skipping <!-- p147 --> (already translated)
⏭️ Skipping <!-- p148 --> (already translated)
⏭️ Skipping <!-- p149 --> (already translated)
⏭️ Skipping <!-- p150 --> (already translated)
⏭️ Skipping <!-- p151 --> (already translated)
⏭️ Skipping <!-- p152 --> (already translated)
⏭️ Skipping <!-- p153 --> (already translated)
⏭️ Skipping <!-- p154 --> (already translated)
⏭️ Skipping <!-- p155 --> (already translated)
⏭️ Skipping <!-- p156 --> (already translated)
⏭️ Skipping <!-- p157 --> (already translated)
⏭️ Skipping <!-- p158 --> (already translated)
⏭️ Skipping <!-- p159 --> (already translated)
⏭️ Skipping <!-- p160 --> (already translated)
⏭️ Skipping <!-- p161 --> (already translated)
⏭️ Skipping <!-- p162 --> (already translated)
⏭️ Skipping <!-- p163 --> (already translated)
⏭️ Skipping <!-- p164 --> (already translated)
⏭️ Skipping <!-- p165 --> (already translated)
⏭️ Skipping <!-- p166 --> (already translated)
⏭️ Skipping <!-- p167 --> (already translated)
⏭️ Skipping <!-- p168 --> (already translated)
⏭️ Skipping <!-- p169 --> (already translated)
⏭️ Skipping <!-- p170 --> (already translated)
⏭️ Skipping <!-- p171 --> (already translated)
⏭️ Skipping <!-- p172 --> (already translated)
⏭️ Skipping <!-- p173 --> (already translated)
⏭️ Skipping <!-- p174 --> (already translated)
⏭️ Skipping <!-- p175 --> (already translated)
⏭️ Skipping <!-- p176 --> (already translated)
⏭️ Skipping <!-- p177 --> (already translated)
⏭️ Skipping <!-- p178 --> (already translated)
🧮 Token-aware batching: 0 batch(es), budget ~106666 tokens, max batch size 20
✅ Done: /Users/andrew/repo/kli-translation-pipeline_principles-of-faith/japenese/pipeline2/translation/chapters/chapter6_chapter_6_faith_toward_god.md (0/169 translated)

📘 Processing chapter7_chapter_7_jesus_the_foundation_of_our_faith.md...
📑 Paragraph markers found: 78
⏭️ Skipping <!-- p0 --> (already translated)
⏭️ Skipping <!-- p1 --> (already translated)
⏭️ Skipping <!-- p2 --> (already translated)
⏭️ Skipping <!-- p3 --> (already translated)
⏭️ Skipping <!-- p4 --> (already translated)
⏭️ Skipping <!-- p5 --> (already translated)
⏭️ Skipping <!-- p6 --> (already translated)
⏭️ Skipping <!-- p7 --> (already translated)
⏭️ Skipping <!-- p8 --> (already translated)
⏭️ Skipping <!-- p9 --> (already translated)
⏭️ Skipping <!-- p10 --> (already translated)
⏭️ Skipping <!-- p11 --> (already translated)
⏭️ Skipping <!-- p12 --> (already translated)
⏭️ Skipping <!-- p13 --> (already translated)
⏭️ Skipping <!-- p14 --> (already translated)
⏭️ Skipping <!-- p15 --> (already translated)
⏭️ Skipping <!-- p16 --> (already translated)
⏭️ Skipping <!-- p17 --> (already translated)
⏭️ Skipping <!-- p18 --> (already translated)
⏭️ Skipping <!-- p19 --> (already translated)
⏭️ Skipping <!-- p20 --> (already translated)
⏭️ Skipping <!-- p21 --> (already translated)
⏭️ Skipping <!-- p22 --> (already translated)
⏭️ Skipping <!-- p23 --> (already translated)
⏭️ Skipping <!-- p24 --> (already translated)
⏭️ Skipping <!-- p25 --> (already translated)
⏭️ Skipping <!-- p26 --> (already translated)
⏭️ Skipping <!-- p27 --> (already translated)
⏭️ Skipping <!-- p28 --> (already translated)
⏭️ Skipping <!-- p29 --> (already translated)
⏭️ Skipping <!-- p30 --> (already translated)
⏭️ Skipping <!-- p31 --> (already translated)
⏭️ Skipping <!-- p32 --> (already translated)
⏭️ Skipping <!-- p33 --> (already translated)
⏭️ Skipping <!-- p34 --> (already translated)
⏭️ Skipping <!-- p35 --> (already translated)
⏭️ Skipping <!-- p36 --> (already translated)
⏭️ Skipping <!-- p37 --> (already translated)
⏭️ Skipping <!-- p38 --> (already translated)
⏭️ Skipping <!-- p39 --> (already translated)
⏭️ Skipping <!-- p40 --> (already translated)
⏭️ Skipping <!-- p41 --> (already translated)
⏭️ Skipping <!-- p42 --> (already translated)
⏭️ Skipping <!-- p43 --> (already translated)
⏭️ Skipping <!-- p44 --> (already translated)
⏭️ Skipping <!-- p45 --> (already translated)
⏭️ Skipping <!-- p46 --> (already translated)
⏭️ Skipping <!-- p47 --> (already translated)
⏭️ Skipping <!-- p48 --> (already translated)
⏭️ Skipping <!-- p49 --> (already translated)
⏭️ Skipping <!-- p50 --> (already translated)
⏭️ Skipping <!-- p51 --> (already translated)
⏭️ Skipping <!-- p52 --> (already translated)
⏭️ Skipping <!-- p53 --> (already translated)
⏭️ Skipping <!-- p54 --> (already translated)
⏭️ Skipping <!-- p55 --> (already translated)
⏭️ Skipping <!-- p56 --> (already translated)
⏭️ Skipping <!-- p57 --> (already translated)
⏭️ Skipping <!-- p58 --> (already translated)
⏭️ Skipping <!-- p59 --> (already translated)
⏭️ Skipping <!-- p60 --> (already translated)
⏭️ Skipping <!-- p61 --> (already translated)
⏭️ Skipping <!-- p62 --> (already translated)
⏭️ Skipping <!-- p63 --> (already translated)
⏭️ Skipping <!-- p64 --> (already translated)
⏭️ Skipping <!-- p65 --> (already translated)
⏭️ Skipping <!-- p66 --> (already translated)
⏭️ Skipping <!-- p67 --> (already translated)
⏭️ Skipping <!-- p68 --> (already translated)
⏭️ Skipping <!-- p69 --> (already translated)
⏭️ Skipping <!-- p70 --> (already translated)
⏭️ Skipping <!-- p71 --> (already translated)
⏭️ Skipping <!-- p72 --> (already translated)
⏭️ Skipping <!-- p73 --> (already translated)
⏭️ Skipping <!-- p74 --> (already translated)
⏭️ Skipping <!-- p75 --> (already translated)
⏭️ Skipping <!-- p76 --> (already translated)
⏭️ Skipping <!-- p77 --> (already translated)
🧮 Token-aware batching: 0 batch(es), budget ~106666 tokens, max batch size 20
✅ Done: /Users/andrew/repo/kli-translation-pipeline_principles-of-faith/japenese/pipeline2/translation/chapters/chapter7_chapter_7_jesus_the_foundation_of_our_faith.md (0/78 translated)

📘 Processing chapter8_chapter_8_holy_spirit_comforter_guide_and_power.md...
📑 Paragraph markers found: 147
⏭️ Skipping <!-- p0 --> (already translated)
⏭️ Skipping <!-- p1 --> (already translated)
⏭️ Skipping <!-- p2 --> (already translated)
⏭️ Skipping <!-- p3 --> (already translated)
⏭️ Skipping <!-- p4 --> (already translated)
⏭️ Skipping <!-- p5 --> (already translated)
⏭️ Skipping <!-- p6 --> (already translated)
⏭️ Skipping <!-- p7 --> (already translated)
⏭️ Skipping <!-- p8 --> (already translated)
⏭️ Skipping <!-- p9 --> (already translated)
⏭️ Skipping <!-- p10 --> (already translated)
⏭️ Skipping <!-- p11 --> (already translated)
⏭️ Skipping <!-- p12 --> (already translated)
⏭️ Skipping <!-- p13 --> (already translated)
⏭️ Skipping <!-- p14 --> (already translated)
⏭️ Skipping <!-- p15 --> (already translated)
⏭️ Skipping <!-- p16 --> (already translated)
⏭️ Skipping <!-- p17 --> (already translated)
⏭️ Skipping <!-- p18 --> (already translated)
⏭️ Skipping <!-- p19 --> (already translated)
⏭️ Skipping <!-- p20 --> (already translated)
⏭️ Skipping <!-- p21 --> (already translated)
⏭️ Skipping <!-- p22 --> (already translated)
⏭️ Skipping <!-- p23 --> (already translated)
⏭️ Skipping <!-- p24 --> (already translated)
⏭️ Skipping <!-- p25 --> (already translated)
⏭️ Skipping <!-- p26 --> (already translated)
⏭️ Skipping <!-- p27 --> (already translated)
⏭️ Skipping <!-- p28 --> (already translated)
⏭️ Skipping <!-- p29 --> (already translated)
⏭️ Skipping <!-- p30 --> (already translated)
⏭️ Skipping <!-- p31 --> (already translated)
⏭️ Skipping <!-- p32 --> (already translated)
⏭️ Skipping <!-- p33 --> (already translated)
⏭️ Skipping <!-- p34 --> (already translated)
⏭️ Skipping <!-- p35 --> (already translated)
⏭️ Skipping <!-- p36 --> (already translated)
⏭️ Skipping <!-- p37 --> (already translated)
⏭️ Skipping <!-- p38 --> (already translated)
⏭️ Skipping <!-- p39 --> (already translated)
⏭️ Skipping <!-- p40 --> (already translated)
⏭️ Skipping <!-- p41 --> (already translated)
⏭️ Skipping <!-- p42 --> (already translated)
⏭️ Skipping <!-- p43 --> (already translated)
⏭️ Skipping <!-- p44 --> (already translated)
⏭️ Skipping <!-- p45 --> (already translated)
⏭️ Skipping <!-- p46 --> (already translated)
⏭️ Skipping <!-- p47 --> (already translated)
⏭️ Skipping <!-- p48 --> (already translated)
⏭️ Skipping <!-- p49 --> (already translated)
⏭️ Skipping <!-- p50 --> (already translated)
⏭️ Skipping <!-- p51 --> (already translated)
⏭️ Skipping <!-- p52 --> (already translated)
⏭️ Skipping <!-- p53 --> (already translated)
⏭️ Skipping <!-- p54 --> (already translated)
⏭️ Skipping <!-- p55 --> (already translated)
⏭️ Skipping <!-- p56 --> (already translated)
⏭️ Skipping <!-- p57 --> (already translated)
⏭️ Skipping <!-- p58 --> (already translated)
⏭️ Skipping <!-- p59 --> (already translated)
⏭️ Skipping <!-- p60 --> (already translated)
⏭️ Skipping <!-- p61 --> (already translated)
⏭️ Skipping <!-- p62 --> (already translated)
⏭️ Skipping <!-- p63 --> (already translated)
⏭️ Skipping <!-- p64 --> (already translated)
⏭️ Skipping <!-- p65 --> (already translated)
⏭️ Skipping <!-- p66 --> (already translated)
⏭️ Skipping <!-- p67 --> (already translated)
⏭️ Skipping <!-- p68 --> (already translated)
⏭️ Skipping <!-- p69 --> (already translated)
⏭️ Skipping <!-- p70 --> (already translated)
⏭️ Skipping <!-- p71 --> (already translated)
⏭️ Skipping <!-- p72 --> (already translated)
⏭️ Skipping <!-- p73 --> (already translated)
⏭️ Skipping <!-- p74 --> (already translated)
⏭️ Skipping <!-- p75 --> (already translated)
⏭️ Skipping <!-- p76 --> (already translated)
⏭️ Skipping <!-- p77 --> (already translated)
⏭️ Skipping <!-- p78 --> (already translated)
⏭️ Skipping <!-- p79 --> (already translated)
⏭️ Skipping <!-- p80 --> (already translated)
⏭️ Skipping <!-- p81 --> (already translated)
⏭️ Skipping <!-- p82 --> (already translated)
⏭️ Skipping <!-- p83 --> (already translated)
⏭️ Skipping <!-- p84 --> (already translated)
⏭️ Skipping <!-- p85 --> (already translated)
⏭️ Skipping <!-- p86 --> (already translated)
⏭️ Skipping <!-- p87 --> (already translated)
⏭️ Skipping <!-- p88 --> (already translated)
⏭️ Skipping <!-- p89 --> (already translated)
⏭️ Skipping <!-- p90 --> (already translated)
⏭️ Skipping <!-- p91 --> (already translated)
⏭️ Skipping <!-- p92 --> (already translated)
⏭️ Skipping <!-- p93 --> (already translated)
⏭️ Skipping <!-- p94 --> (already translated)
⏭️ Skipping <!-- p95 --> (already translated)
⏭️ Skipping <!-- p96 --> (already translated)
⏭️ Skipping <!-- p97 --> (already translated)
⏭️ Skipping <!-- p98 --> (already translated)
⏭️ Skipping <!-- p99 --> (already translated)
⏭️ Skipping <!-- p100 --> (already translated)
⏭️ Skipping <!-- p101 --> (already translated)
⏭️ Skipping <!-- p102 --> (already translated)
⏭️ Skipping <!-- p103 --> (already translated)
⏭️ Skipping <!-- p104 --> (already translated)
⏭️ Skipping <!-- p105 --> (already translated)
⏭️ Skipping <!-- p106 --> (already translated)
⏭️ Skipping <!-- p107 --> (already translated)
⏭️ Skipping <!-- p108 --> (already translated)
⏭️ Skipping <!-- p109 --> (already translated)
⏭️ Skipping <!-- p110 --> (already translated)
⏭️ Skipping <!-- p111 --> (already translated)
⏭️ Skipping <!-- p112 --> (already translated)
⏭️ Skipping <!-- p113 --> (already translated)
⏭️ Skipping <!-- p114 --> (already translated)
⏭️ Skipping <!-- p115 --> (already translated)
⏭️ Skipping <!-- p116 --> (already translated)
⏭️ Skipping <!-- p117 --> (already translated)
⏭️ Skipping <!-- p118 --> (already translated)
⏭️ Skipping <!-- p119 --> (already translated)
⏭️ Skipping <!-- p120 --> (already translated)
⏭️ Skipping <!-- p121 --> (already translated)
⏭️ Skipping <!-- p122 --> (already translated)
⏭️ Skipping <!-- p123 --> (already translated)
⏭️ Skipping <!-- p124 --> (already translated)
⏭️ Skipping <!-- p125 --> (already translated)
⏭️ Skipping <!-- p126 --> (already translated)
⏭️ Skipping <!-- p127 --> (already translated)
⏭️ Skipping <!-- p128 --> (already translated)
⏭️ Skipping <!-- p129 --> (already translated)
⏭️ Skipping <!-- p130 --> (already translated)
⏭️ Skipping <!-- p131 --> (already translated)
⏭️ Skipping <!-- p132 --> (already translated)
⏭️ Skipping <!-- p133 --> (already translated)
⏭️ Skipping <!-- p134 --> (already translated)
⏭️ Skipping <!-- p135 --> (already translated)
⏭️ Skipping <!-- p136 --> (already translated)
⏭️ Skipping <!-- p137 --> (already translated)
⏭️ Skipping <!-- p138 --> (already translated)
⏭️ Skipping <!-- p139 --> (already translated)
⏭️ Skipping <!-- p140 --> (already translated)
⏭️ Skipping <!-- p141 --> (already translated)
⏭️ Skipping <!-- p142 --> (already translated)
⏭️ Skipping <!-- p143 --> (already translated)
⏭️ Skipping <!-- p144 --> (already translated)
⏭️ Skipping <!-- p145 --> (already translated)
⏭️ Skipping <!-- p146 --> (already translated)
🧮 Token-aware batching: 0 batch(es), budget ~106666 tokens, max batch size 20
✅ Done: /Users/andrew/repo/kli-translation-pipeline_principles-of-faith/japenese/pipeline2/translation/chapters/chapter8_chapter_8_holy_spirit_comforter_guide_and_power.md (0/147 translated)

📘 Processing chapter9_chapter_9_the_church_our_role_in_it.md...
📑 Paragraph markers found: 195
⏭️ Skipping <!-- p0 --> (already translated)
⏭️ Skipping <!-- p1 --> (already translated)
⏭️ Skipping <!-- p2 --> (already translated)
⏭️ Skipping <!-- p3 --> (already translated)
⏭️ Skipping <!-- p4 --> (already translated)
⏭️ Skipping <!-- p5 --> (already translated)
⏭️ Skipping <!-- p6 --> (already translated)
⏭️ Skipping <!-- p7 --> (already translated)
⏭️ Skipping <!-- p8 --> (already translated)
⏭️ Skipping <!-- p9 --> (already translated)
⏭️ Skipping <!-- p10 --> (already translated)
⏭️ Skipping <!-- p11 --> (already translated)
⏭️ Skipping <!-- p12 --> (already translated)
⏭️ Skipping <!-- p13 --> (already translated)
⏭️ Skipping <!-- p14 --> (already translated)
⏭️ Skipping <!-- p15 --> (already translated)
⏭️ Skipping <!-- p16 --> (already translated)
⏭️ Skipping <!-- p17 --> (already translated)
⏭️ Skipping <!-- p18 --> (already translated)
⏭️ Skipping <!-- p19 --> (already translated)
⏭️ Skipping <!-- p20 --> (already translated)
⏭️ Skipping <!-- p21 --> (already translated)
⏭️ Skipping <!-- p22 --> (already translated)
⏭️ Skipping <!-- p23 --> (already translated)
⏭️ Skipping <!-- p24 --> (already translated)
⏭️ Skipping <!-- p25 --> (already translated)
⏭️ Skipping <!-- p26 --> (already translated)
⏭️ Skipping <!-- p27 --> (already translated)
⏭️ Skipping <!-- p28 --> (already translated)
⏭️ Skipping <!-- p29 --> (already translated)
⏭️ Skipping <!-- p30 --> (already translated)
⏭️ Skipping <!-- p31 --> (already translated)
⏭️ Skipping <!-- p32 --> (already translated)
⏭️ Skipping <!-- p33 --> (already translated)
⏭️ Skipping <!-- p34 --> (already translated)
⏭️ Skipping <!-- p35 --> (already translated)
⏭️ Skipping <!-- p36 --> (already translated)
⏭️ Skipping <!-- p37 --> (already translated)
⏭️ Skipping <!-- p38 --> (already translated)
⏭️ Skipping <!-- p39 --> (already translated)
⏭️ Skipping <!-- p40 --> (already translated)
⏭️ Skipping <!-- p41 --> (already translated)
⏭️ Skipping <!-- p42 --> (already translated)
⏭️ Skipping <!-- p43 --> (already translated)
⏭️ Skipping <!-- p44 --> (already translated)
⏭️ Skipping <!-- p45 --> (already translated)
⏭️ Skipping <!-- p46 --> (already translated)
⏭️ Skipping <!-- p47 --> (already translated)
⏭️ Skipping <!-- p48 --> (already translated)
⏭️ Skipping <!-- p49 --> (already translated)
⏭️ Skipping <!-- p50 --> (already translated)
⏭️ Skipping <!-- p51 --> (already translated)
⏭️ Skipping <!-- p52 --> (already translated)
⏭️ Skipping <!-- p53 --> (already translated)
⏭️ Skipping <!-- p54 --> (already translated)
⏭️ Skipping <!-- p55 --> (already translated)
⏭️ Skipping <!-- p56 --> (already translated)
⏭️ Skipping <!-- p57 --> (already translated)
⏭️ Skipping <!-- p58 --> (already translated)
⏭️ Skipping <!-- p59 --> (already translated)
⏭️ Skipping <!-- p60 --> (already translated)
⏭️ Skipping <!-- p61 --> (already translated)
⏭️ Skipping <!-- p62 --> (already translated)
⏭️ Skipping <!-- p63 --> (already translated)
⏭️ Skipping <!-- p64 --> (already translated)
⏭️ Skipping <!-- p65 --> (already translated)
⏭️ Skipping <!-- p66 --> (already translated)
⏭️ Skipping <!-- p67 --> (already translated)
⏭️ Skipping <!-- p68 --> (already translated)
⏭️ Skipping <!-- p69 --> (already translated)
⏭️ Skipping <!-- p70 --> (already translated)
⏭️ Skipping <!-- p71 --> (already translated)
⏭️ Skipping <!-- p72 --> (already translated)
⏭️ Skipping <!-- p73 --> (already translated)
⏭️ Skipping <!-- p74 --> (already translated)
⏭️ Skipping <!-- p75 --> (already translated)
⏭️ Skipping <!-- p76 --> (already translated)
⏭️ Skipping <!-- p77 --> (already translated)
⏭️ Skipping <!-- p78 --> (already translated)
⏭️ Skipping <!-- p79 --> (already translated)
⏭️ Skipping <!-- p80 --> (already translated)
⏭️ Skipping <!-- p81 --> (already translated)
⏭️ Skipping <!-- p82 --> (already translated)
⏭️ Skipping <!-- p83 --> (already translated)
⏭️ Skipping <!-- p84 --> (already translated)
⏭️ Skipping <!-- p85 --> (already translated)
⏭️ Skipping <!-- p86 --> (already translated)
⏭️ Skipping <!-- p87 --> (already translated)
⏭️ Skipping <!-- p88 --> (already translated)
⏭️ Skipping <!-- p89 --> (already translated)
⏭️ Skipping <!-- p90 --> (already translated)
⏭️ Skipping <!-- p91 --> (already translated)
⏭️ Skipping <!-- p92 --> (already translated)
⏭️ Skipping <!-- p93 --> (already translated)
⏭️ Skipping <!-- p94 --> (already translated)
⏭️ Skipping <!-- p95 --> (already translated)
⏭️ Skipping <!-- p96 --> (already translated)
⏭️ Skipping <!-- p97 --> (already translated)
⏭️ Skipping <!-- p98 --> (already translated)
⏭️ Skipping <!-- p99 --> (already translated)
⏭️ Skipping <!-- p100 --> (already translated)
⏭️ Skipping <!-- p101 --> (already translated)
⏭️ Skipping <!-- p102 --> (already translated)
⏭️ Skipping <!-- p103 --> (already translated)
⏭️ Skipping <!-- p104 --> (already translated)
⏭️ Skipping <!-- p105 --> (already translated)
⏭️ Skipping <!-- p106 --> (already translated)
⏭️ Skipping <!-- p107 --> (already translated)
⏭️ Skipping <!-- p108 --> (already translated)
⏭️ Skipping <!-- p109 --> (already translated)
⏭️ Skipping <!-- p110 --> (already translated)
⏭️ Skipping <!-- p111 --> (already translated)
⏭️ Skipping <!-- p112 --> (already translated)
⏭️ Skipping <!-- p113 --> (already translated)
⏭️ Skipping <!-- p114 --> (already translated)
⏭️ Skipping <!-- p115 --> (already translated)
⏭️ Skipping <!-- p116 --> (already translated)
⏭️ Skipping <!-- p117 --> (already translated)
⏭️ Skipping <!-- p118 --> (already translated)
⏭️ Skipping <!-- p119 --> (already translated)
⏭️ Skipping <!-- p120 --> (already translated)
⏭️ Skipping <!-- p121 --> (already translated)
⏭️ Skipping <!-- p122 --> (already translated)
⏭️ Skipping <!-- p123 --> (already translated)
⏭️ Skipping <!-- p124 --> (already translated)
⏭️ Skipping <!-- p125 --> (already translated)
⏭️ Skipping <!-- p126 --> (already translated)
⏭️ Skipping <!-- p127 --> (already translated)
⏭️ Skipping <!-- p128 --> (already translated)
⏭️ Skipping <!-- p129 --> (already translated)
⏭️ Skipping <!-- p130 --> (already translated)
⏭️ Skipping <!-- p131 --> (already translated)
⏭️ Skipping <!-- p132 --> (already translated)
⏭️ Skipping <!-- p133 --> (already translated)
⏭️ Skipping <!-- p134 --> (already translated)
⏭️ Skipping <!-- p135 --> (already translated)
⏭️ Skipping <!-- p136 --> (already translated)
⏭️ Skipping <!-- p137 --> (already translated)
⏭️ Skipping <!-- p138 --> (already translated)
⏭️ Skipping <!-- p139 --> (already translated)
⏭️ Skipping <!-- p140 --> (already translated)
⏭️ Skipping <!-- p141 --> (already translated)
⏭️ Skipping <!-- p142 --> (already translated)
⏭️ Skipping <!-- p143 --> (already translated)
⏭️ Skipping <!-- p144 --> (already translated)
⏭️ Skipping <!-- p145 --> (already translated)
⏭️ Skipping <!-- p146 --> (already translated)
⏭️ Skipping <!-- p147 --> (already translated)
⏭️ Skipping <!-- p148 --> (already translated)
⏭️ Skipping <!-- p149 --> (already translated)
⏭️ Skipping <!-- p150 --> (already translated)
⏭️ Skipping <!-- p151 --> (already translated)
⏭️ Skipping <!-- p152 --> (already translated)
⏭️ Skipping <!-- p153 --> (already translated)
⏭️ Skipping <!-- p154 --> (already translated)
⏭️ Skipping <!-- p155 --> (already translated)
⏭️ Skipping <!-- p156 --> (already translated)
⏭️ Skipping <!-- p157 --> (already translated)
⏭️ Skipping <!-- p158 --> (already translated)
⏭️ Skipping <!-- p159 --> (already translated)
⏭️ Skipping <!-- p160 --> (already translated)
⏭️ Skipping <!-- p161 --> (already translated)
⏭️ Skipping <!-- p162 --> (already translated)
⏭️ Skipping <!-- p163 --> (already translated)
⏭️ Skipping <!-- p164 --> (already translated)
⏭️ Skipping <!-- p165 --> (already translated)
⏭️ Skipping <!-- p166 --> (already translated)
⏭️ Skipping <!-- p167 --> (already translated)
⏭️ Skipping <!-- p168 --> (already translated)
⏭️ Skipping <!-- p169 --> (already translated)
⏭️ Skipping <!-- p170 --> (already translated)
⏭️ Skipping <!-- p171 --> (already translated)
⏭️ Skipping <!-- p172 --> (already translated)
⏭️ Skipping <!-- p173 --> (already translated)
⏭️ Skipping <!-- p174 --> (already translated)
⏭️ Skipping <!-- p175 --> (already translated)
⏭️ Skipping <!-- p176 --> (already translated)
⏭️ Skipping <!-- p177 --> (already translated)
⏭️ Skipping <!-- p178 --> (already translated)
⏭️ Skipping <!-- p179 --> (already translated)
⏭️ Skipping <!-- p180 --> (already translated)
⏭️ Skipping <!-- p181 --> (already translated)
⏭️ Skipping <!-- p182 --> (already translated)
⏭️ Skipping <!-- p183 --> (already translated)
⏭️ Skipping <!-- p184 --> (already translated)
⏭️ Skipping <!-- p185 --> (already translated)
⏭️ Skipping <!-- p186 --> (already translated)
⏭️ Skipping <!-- p187 --> (already translated)
⏭️ Skipping <!-- p188 --> (already translated)
⏭️ Skipping <!-- p189 --> (already translated)
⏭️ Skipping <!-- p190 --> (already translated)
⏭️ Skipping <!-- p191 --> (already translated)
⏭️ Skipping <!-- p192 --> (already translated)
⏭️ Skipping <!-- p193 --> (already translated)
⏭️ Skipping <!-- p194 --> (already translated)
🧮 Token-aware batching: 0 batch(es), budget ~106666 tokens, max batch size 20
✅ Done: /Users/andrew/repo/kli-translation-pipeline_principles-of-faith/japenese/pipeline2/translation/chapters/chapter9_chapter_9_the_church_our_role_in_it.md (0/195 translated)

🎯 All files processed.
⚠️  Unknown model for tokenizer; using cl100k_base.

📘 Processing chapter0_0_intro.md...
📑 Paragraph markers found: 20
⏭️ Skipping <!-- p1 --> (already translated)
⏭️ Skipping <!-- p2 --> (already translated)
⏭️ Skipping <!-- p3 --> (already translated)
⏭️ Skipping <!-- p4 --> (already translated)
⏭️ Skipping <!-- p5 --> (already translated)
⏭️ Skipping <!-- p6 --> (already translated)
⏭️ Skipping <!-- p7 --> (already translated)
⏭️ Skipping <!-- p8 --> (already translated)
⏭️ Skipping <!-- p9 --> (already translated)
⏭️ Skipping <!-- p10 --> (already translated)
⏭️ Skipping <!-- p11 --> (already translated)
⏭️ Skipping <!-- p12 --> (already translated)
⏭️ Skipping <!-- p13 --> (already translated)
⏭️ Skipping <!-- p14 --> (already translated)
⏭️ Skipping <!-- p15 --> (already translated)
⏭️ Skipping <!-- p16 --> (already translated)
⏭️ Skipping <!-- p17 --> (already translated)
⏭️ Skipping <!-- p18 --> (already translated)
⏭️ Skipping <!-- p19 --> (already translated)
⏭️ Skipping <!-- p20 --> (already translated)
🧮 Token-aware batching: 0 batch(es), budget ~106666 tokens, max batch size 20
✅ Done: /Users/andrew/repo/kli-translation-pipeline_principles-of-faith/japenese/pipeline2/backtranslation/chapters/chapter0_0_intro.md (0/20 translated)

📘 Processing chapter0_1_dedication.md...
📑 Paragraph markers found: 3
⏭️ Skipping <!-- p0 --> (already translated)
⏭️ Skipping <!-- p1 --> (already translated)
⏭️ Skipping <!-- p2 --> (already translated)
🧮 Token-aware batching: 0 batch(es), budget ~106666 tokens, max batch size 20
✅ Done: /Users/andrew/repo/kli-translation-pipeline_principles-of-faith/japenese/pipeline2/backtranslation/chapters/chapter0_1_dedication.md (0/3 translated)

📘 Processing chapter0_2_acknowledgements.md...
📑 Paragraph markers found: 4
⏭️ Skipping <!-- p0 --> (already translated)
⏭️ Skipping <!-- p1 --> (already translated)
⏭️ Skipping <!-- p2 --> (already translated)
⏭️ Skipping <!-- p3 --> (already translated)
🧮 Token-aware batching: 0 batch(es), budget ~106666 tokens, max batch size 20
✅ Done: /Users/andrew/repo/kli-translation-pipeline_principles-of-faith/japenese/pipeline2/backtranslation/chapters/chapter0_2_acknowledgements.md (0/4 translated)

📘 Processing chapter0_3_table_of_contents.md...
📑 Paragraph markers found: 26
⏭️ Skipping <!-- p0 --> (already translated)
⏭️ Skipping <!-- p1 --> (already translated)
⏭️ Skipping <!-- p2 --> (already translated)
⏭️ Skipping <!-- p3 --> (already translated)
⏭️ Skipping <!-- p4 --> (already translated)
⏭️ Skipping <!-- p5 --> (already translated)
⏭️ Skipping <!-- p6 --> (already translated)
⏭️ Skipping <!-- p7 --> (already translated)
⏭️ Skipping <!-- p8 --> (already translated)
⏭️ Skipping <!-- p9 --> (already translated)
⏭️ Skipping <!-- p10 --> (already translated)
⏭️ Skipping <!-- p11 --> (already translated)
⏭️ Skipping <!-- p12 --> (already translated)
⏭️ Skipping <!-- p13 --> (already translated)
⏭️ Skipping <!-- p14 --> (already translated)
⏭️ Skipping <!-- p15 --> (already translated)
⏭️ Skipping <!-- p16 --> (already translated)
⏭️ Skipping <!-- p17 --> (already translated)
⏭️ Skipping <!-- p18 --> (already translated)
⏭️ Skipping <!-- p19 --> (already translated)
⏭️ Skipping <!-- p20 --> (already translated)
⏭️ Skipping <!-- p21 --> (already translated)
⏭️ Skipping <!-- p22 --> (already translated)
⏭️ Skipping <!-- p23 --> (already translated)
⏭️ Skipping <!-- p24 --> (already translated)
⏭️ Skipping <!-- p25 --> (already translated)
🧮 Token-aware batching: 0 batch(es), budget ~106666 tokens, max batch size 20
✅ Done: /Users/andrew/repo/kli-translation-pipeline_principles-of-faith/japenese/pipeline2/backtranslation/chapters/chapter0_3_table_of_contents.md (0/26 translated)

📘 Processing chapter0_4_list_of_tables.md...
📑 Paragraph markers found: 13
⏭️ Skipping <!-- p0 --> (already translated)
⏭️ Skipping <!-- p1 --> (already translated)
⏭️ Skipping <!-- p2 --> (already translated)
⏭️ Skipping <!-- p3 --> (already translated)
⏭️ Skipping <!-- p4 --> (already translated)
⏭️ Skipping <!-- p5 --> (already translated)
⏭️ Skipping <!-- p6 --> (already translated)
⏭️ Skipping <!-- p7 --> (already translated)
⏭️ Skipping <!-- p8 --> (already translated)
⏭️ Skipping <!-- p9 --> (already translated)
⏭️ Skipping <!-- p10 --> (already translated)
⏭️ Skipping <!-- p11 --> (already translated)
⏭️ Skipping <!-- p12 --> (already translated)
🧮 Token-aware batching: 0 batch(es), budget ~106666 tokens, max batch size 20
✅ Done: /Users/andrew/repo/kli-translation-pipeline_principles-of-faith/japenese/pipeline2/backtranslation/chapters/chapter0_4_list_of_tables.md (0/13 translated)

📘 Processing chapter0_5_foreword.md...
📑 Paragraph markers found: 6
⏭️ Skipping <!-- p0 --> (already translated)
⏭️ Skipping <!-- p1 --> (already translated)
⏭️ Skipping <!-- p2 --> (already translated)
⏭️ Skipping <!-- p3 --> (already translated)
⏭️ Skipping <!-- p4 --> (already translated)
⏭️ Skipping <!-- p5 --> (already translated)
🧮 Token-aware batching: 0 batch(es), budget ~106666 tokens, max batch size 20
✅ Done: /Users/andrew/repo/kli-translation-pipeline_principles-of-faith/japenese/pipeline2/backtranslation/chapters/chapter0_5_foreword.md (0/6 translated)

📘 Processing chapter0_6_preface.md...
📑 Paragraph markers found: 69
⏭️ Skipping <!-- p0 --> (already translated)
⏭️ Skipping <!-- p1 --> (already translated)
⏭️ Skipping <!-- p2 --> (already translated)
⏭️ Skipping <!-- p3 --> (already translated)
⏭️ Skipping <!-- p4 --> (already translated)
⏭️ Skipping <!-- p5 --> (already translated)
⏭️ Skipping <!-- p6 --> (already translated)
⏭️ Skipping <!-- p7 --> (already translated)
⏭️ Skipping <!-- p8 --> (already translated)
⏭️ Skipping <!-- p9 --> (already translated)
⏭️ Skipping <!-- p10 --> (already translated)
⏭️ Skipping <!-- p11 --> (already translated)
⏭️ Skipping <!-- p12 --> (already translated)
⏭️ Skipping <!-- p13 --> (already translated)
⏭️ Skipping <!-- p14 --> (already translated)
⏭️ Skipping <!-- p15 --> (already translated)
⏭️ Skipping <!-- p16 --> (already translated)
⏭️ Skipping <!-- p17 --> (already translated)
⏭️ Skipping <!-- p18 --> (already translated)
⏭️ Skipping <!-- p19 --> (already translated)
⏭️ Skipping <!-- p20 --> (already translated)
⏭️ Skipping <!-- p21 --> (already translated)
⏭️ Skipping <!-- p22 --> (already translated)
⏭️ Skipping <!-- p23 --> (already translated)
⏭️ Skipping <!-- p24 --> (already translated)
⏭️ Skipping <!-- p25 --> (already translated)
⏭️ Skipping <!-- p26 --> (already translated)
⏭️ Skipping <!-- p27 --> (already translated)
⏭️ Skipping <!-- p28 --> (already translated)
⏭️ Skipping <!-- p29 --> (already translated)
⏭️ Skipping <!-- p30 --> (already translated)
⏭️ Skipping <!-- p31 --> (already translated)
⏭️ Skipping <!-- p32 --> (already translated)
⏭️ Skipping <!-- p33 --> (already translated)
⏭️ Skipping <!-- p34 --> (already translated)
⏭️ Skipping <!-- p35 --> (already translated)
⏭️ Skipping <!-- p36 --> (already translated)
⏭️ Skipping <!-- p37 --> (already translated)
⏭️ Skipping <!-- p38 --> (already translated)
⏭️ Skipping <!-- p39 --> (already translated)
⏭️ Skipping <!-- p40 --> (already translated)
⏭️ Skipping <!-- p41 --> (already translated)
⏭️ Skipping <!-- p42 --> (already translated)
⏭️ Skipping <!-- p43 --> (already translated)
⏭️ Skipping <!-- p44 --> (already translated)
⏭️ Skipping <!-- p45 --> (already translated)
⏭️ Skipping <!-- p46 --> (already translated)
⏭️ Skipping <!-- p47 --> (already translated)
⏭️ Skipping <!-- p48 --> (already translated)
⏭️ Skipping <!-- p49 --> (already translated)
⏭️ Skipping <!-- p50 --> (already translated)
⏭️ Skipping <!-- p52 --> (already translated)
⏭️ Skipping <!-- p53 --> (already translated)
⏭️ Skipping <!-- p54 --> (already translated)
⏭️ Skipping <!-- p55 --> (already translated)
⏭️ Skipping <!-- p56 --> (already translated)
⏭️ Skipping <!-- p57 --> (already translated)
⏭️ Skipping <!-- p58 --> (already translated)
⏭️ Skipping <!-- p59 --> (already translated)
⏭️ Skipping <!-- p60 --> (already translated)
⏭️ Skipping <!-- p61 --> (already translated)
⏭️ Skipping <!-- p62 --> (already translated)
⏭️ Skipping <!-- p63 --> (already translated)
⏭️ Skipping <!-- p64 --> (already translated)
⏭️ Skipping <!-- p65 --> (already translated)
⏭️ Skipping <!-- p66 --> (already translated)
⏭️ Skipping <!-- p67 --> (already translated)
⏭️ Skipping <!-- p68 --> (already translated)
⏭️ Skipping <!-- p69 --> (already translated)
🧮 Token-aware batching: 0 batch(es), budget ~106666 tokens, max batch size 20
✅ Done: /Users/andrew/repo/kli-translation-pipeline_principles-of-faith/japenese/pipeline2/backtranslation/chapters/chapter0_6_preface.md (0/69 translated)

📘 Processing chapter10_chapter_10_sanctified_prepared_for_god_s_purpose.md...
📑 Paragraph markers found: 112
⏭️ Skipping <!-- p0 --> (already translated)
⏭️ Skipping <!-- p1 --> (already translated)
⏭️ Skipping <!-- p2 --> (already translated)
⏭️ Skipping <!-- p3 --> (already translated)
⏭️ Skipping <!-- p4 --> (already translated)
⏭️ Skipping <!-- p5 --> (already translated)
⏭️ Skipping <!-- p6 --> (already translated)
⏭️ Skipping <!-- p7 --> (already translated)
⏭️ Skipping <!-- p8 --> (already translated)
⏭️ Skipping <!-- p9 --> (already translated)
⏭️ Skipping <!-- p10 --> (already translated)
⏭️ Skipping <!-- p11 --> (already translated)
⏭️ Skipping <!-- p12 --> (already translated)
⏭️ Skipping <!-- p13 --> (already translated)
⏭️ Skipping <!-- p14 --> (already translated)
⏭️ Skipping <!-- p15 --> (already translated)
⏭️ Skipping <!-- p16 --> (already translated)
⏭️ Skipping <!-- p17 --> (already translated)
⏭️ Skipping <!-- p18 --> (already translated)
⏭️ Skipping <!-- p19 --> (already translated)
⏭️ Skipping <!-- p20 --> (already translated)
⏭️ Skipping <!-- p21 --> (already translated)
⏭️ Skipping <!-- p22 --> (already translated)
⏭️ Skipping <!-- p23 --> (already translated)
⏭️ Skipping <!-- p24 --> (already translated)
⏭️ Skipping <!-- p25 --> (already translated)
⏭️ Skipping <!-- p26 --> (already translated)
⏭️ Skipping <!-- p27 --> (already translated)
⏭️ Skipping <!-- p28 --> (already translated)
⏭️ Skipping <!-- p29 --> (already translated)
⏭️ Skipping <!-- p30 --> (already translated)
⏭️ Skipping <!-- p31 --> (already translated)
⏭️ Skipping <!-- p32 --> (already translated)
⏭️ Skipping <!-- p33 --> (already translated)
⏭️ Skipping <!-- p34 --> (already translated)
⏭️ Skipping <!-- p35 --> (already translated)
⏭️ Skipping <!-- p36 --> (already translated)
⏭️ Skipping <!-- p37 --> (already translated)
⏭️ Skipping <!-- p38 --> (already translated)
⏭️ Skipping <!-- p39 --> (already translated)
⏭️ Skipping <!-- p40 --> (already translated)
⏭️ Skipping <!-- p41 --> (already translated)
⏭️ Skipping <!-- p42 --> (already translated)
⏭️ Skipping <!-- p43 --> (already translated)
⏭️ Skipping <!-- p44 --> (already translated)
⏭️ Skipping <!-- p45 --> (already translated)
⏭️ Skipping <!-- p46 --> (already translated)
⏭️ Skipping <!-- p47 --> (already translated)
⏭️ Skipping <!-- p48 --> (already translated)
⏭️ Skipping <!-- p49 --> (already translated)
⏭️ Skipping <!-- p50 --> (already translated)
⏭️ Skipping <!-- p51 --> (already translated)
⏭️ Skipping <!-- p52 --> (already translated)
⏭️ Skipping <!-- p53 --> (already translated)
⏭️ Skipping <!-- p54 --> (already translated)
⏭️ Skipping <!-- p55 --> (already translated)
⏭️ Skipping <!-- p56 --> (already translated)
⏭️ Skipping <!-- p57 --> (already translated)
⏭️ Skipping <!-- p58 --> (already translated)
⏭️ Skipping <!-- p59 --> (already translated)
⏭️ Skipping <!-- p60 --> (already translated)
⏭️ Skipping <!-- p61 --> (already translated)
⏭️ Skipping <!-- p62 --> (already translated)
⏭️ Skipping <!-- p63 --> (already translated)
⏭️ Skipping <!-- p64 --> (already translated)
⏭️ Skipping <!-- p65 --> (already translated)
⏭️ Skipping <!-- p66 --> (already translated)
⏭️ Skipping <!-- p67 --> (already translated)
⏭️ Skipping <!-- p68 --> (already translated)
⏭️ Skipping <!-- p69 --> (already translated)
⏭️ Skipping <!-- p70 --> (already translated)
⏭️ Skipping <!-- p71 --> (already translated)
⏭️ Skipping <!-- p72 --> (already translated)
⏭️ Skipping <!-- p73 --> (already translated)
⏭️ Skipping <!-- p74 --> (already translated)
⏭️ Skipping <!-- p75 --> (already translated)
⏭️ Skipping <!-- p76 --> (already translated)
⏭️ Skipping <!-- p77 --> (already translated)
⏭️ Skipping <!-- p78 --> (already translated)
⏭️ Skipping <!-- p79 --> (already translated)
⏭️ Skipping <!-- p80 --> (already translated)
⏭️ Skipping <!-- p81 --> (already translated)
⏭️ Skipping <!-- p82 --> (already translated)
⏭️ Skipping <!-- p83 --> (already translated)
⏭️ Skipping <!-- p84 --> (already translated)
⏭️ Skipping <!-- p85 --> (already translated)
⏭️ Skipping <!-- p86 --> (already translated)
⏭️ Skipping <!-- p87 --> (already translated)
⏭️ Skipping <!-- p88 --> (already translated)
⏭️ Skipping <!-- p89 --> (already translated)
⏭️ Skipping <!-- p90 --> (already translated)
⏭️ Skipping <!-- p91 --> (already translated)
⏭️ Skipping <!-- p92 --> (already translated)
⏭️ Skipping <!-- p93 --> (already translated)
⏭️ Skipping <!-- p94 --> (already translated)
⏭️ Skipping <!-- p95 --> (already translated)
⏭️ Skipping <!-- p96 --> (already translated)
⏭️ Skipping <!-- p97 --> (already translated)
⏭️ Skipping <!-- p98 --> (already translated)
⏭️ Skipping <!-- p99 --> (already translated)
⏭️ Skipping <!-- p100 --> (already translated)
⏭️ Skipping <!-- p101 --> (already translated)
⏭️ Skipping <!-- p102 --> (already translated)
⏭️ Skipping <!-- p103 --> (already translated)
⏭️ Skipping <!-- p104 --> (already translated)
⏭️ Skipping <!-- p105 --> (already translated)
⏭️ Skipping <!-- p106 --> (already translated)
⏭️ Skipping <!-- p107 --> (already translated)
⏭️ Skipping <!-- p108 --> (already translated)
⏭️ Skipping <!-- p109 --> (already translated)
⏭️ Skipping <!-- p110 --> (already translated)
⏭️ Skipping <!-- p111 --> (already translated)
🧮 Token-aware batching: 0 batch(es), budget ~106666 tokens, max batch size 20
✅ Done: /Users/andrew/repo/kli-translation-pipeline_principles-of-faith/japenese/pipeline2/backtranslation/chapters/chapter10_chapter_10_sanctified_prepared_for_god_s_purpose.md (0/112 translated)

📘 Processing chapter11_chapter_11_baptisms_water_and_spirit.md...
📑 Paragraph markers found: 133
⏭️ Skipping <!-- p0 --> (already translated)
⏭️ Skipping <!-- p1 --> (already translated)
⏭️ Skipping <!-- p2 --> (already translated)
⏭️ Skipping <!-- p3 --> (already translated)
⏭️ Skipping <!-- p4 --> (already translated)
⏭️ Skipping <!-- p5 --> (already translated)
⏭️ Skipping <!-- p6 --> (already translated)
⏭️ Skipping <!-- p7 --> (already translated)
⏭️ Skipping <!-- p8 --> (already translated)
⏭️ Skipping <!-- p9 --> (already translated)
⏭️ Skipping <!-- p10 --> (already translated)
⏭️ Skipping <!-- p11 --> (already translated)
⏭️ Skipping <!-- p12 --> (already translated)
⏭️ Skipping <!-- p13 --> (already translated)
⏭️ Skipping <!-- p14 --> (already translated)
⏭️ Skipping <!-- p15 --> (already translated)
⏭️ Skipping <!-- p16 --> (already translated)
⏭️ Skipping <!-- p17 --> (already translated)
⏭️ Skipping <!-- p18 --> (already translated)
⏭️ Skipping <!-- p19 --> (already translated)
⏭️ Skipping <!-- p20 --> (already translated)
⏭️ Skipping <!-- p21 --> (already translated)
⏭️ Skipping <!-- p22 --> (already translated)
⏭️ Skipping <!-- p23 --> (already translated)
⏭️ Skipping <!-- p24 --> (already translated)
⏭️ Skipping <!-- p25 --> (already translated)
⏭️ Skipping <!-- p26 --> (already translated)
⏭️ Skipping <!-- p27 --> (already translated)
⏭️ Skipping <!-- p28 --> (already translated)
⏭️ Skipping <!-- p29 --> (already translated)
⏭️ Skipping <!-- p30 --> (already translated)
⏭️ Skipping <!-- p31 --> (already translated)
⏭️ Skipping <!-- p32 --> (already translated)
⏭️ Skipping <!-- p33 --> (already translated)
⏭️ Skipping <!-- p34 --> (already translated)
⏭️ Skipping <!-- p35 --> (already translated)
⏭️ Skipping <!-- p36 --> (already translated)
⏭️ Skipping <!-- p37 --> (already translated)
⏭️ Skipping <!-- p38 --> (already translated)
⏭️ Skipping <!-- p39 --> (already translated)
⏭️ Skipping <!-- p40 --> (already translated)
⏭️ Skipping <!-- p41 --> (already translated)
⏭️ Skipping <!-- p42 --> (already translated)
⏭️ Skipping <!-- p43 --> (already translated)
⏭️ Skipping <!-- p44 --> (already translated)
⏭️ Skipping <!-- p45 --> (already translated)
⏭️ Skipping <!-- p46 --> (already translated)
⏭️ Skipping <!-- p47 --> (already translated)
⏭️ Skipping <!-- p48 --> (already translated)
⏭️ Skipping <!-- p49 --> (already translated)
⏭️ Skipping <!-- p50 --> (already translated)
⏭️ Skipping <!-- p51 --> (already translated)
⏭️ Skipping <!-- p52 --> (already translated)
⏭️ Skipping <!-- p53 --> (already translated)
⏭️ Skipping <!-- p54 --> (already translated)
⏭️ Skipping <!-- p55 --> (already translated)
⏭️ Skipping <!-- p56 --> (already translated)
⏭️ Skipping <!-- p57 --> (already translated)
⏭️ Skipping <!-- p58 --> (already translated)
⏭️ Skipping <!-- p59 --> (already translated)
⏭️ Skipping <!-- p60 --> (already translated)
⏭️ Skipping <!-- p61 --> (already translated)
⏭️ Skipping <!-- p62 --> (already translated)
⏭️ Skipping <!-- p63 --> (already translated)
⏭️ Skipping <!-- p64 --> (already translated)
⏭️ Skipping <!-- p65 --> (already translated)
⏭️ Skipping <!-- p66 --> (already translated)
⏭️ Skipping <!-- p67 --> (already translated)
⏭️ Skipping <!-- p68 --> (already translated)
⏭️ Skipping <!-- p69 --> (already translated)
⏭️ Skipping <!-- p70 --> (already translated)
⏭️ Skipping <!-- p71 --> (already translated)
⏭️ Skipping <!-- p72 --> (already translated)
⏭️ Skipping <!-- p73 --> (already translated)
⏭️ Skipping <!-- p74 --> (already translated)
⏭️ Skipping <!-- p75 --> (already translated)
⏭️ Skipping <!-- p76 --> (already translated)
⏭️ Skipping <!-- p77 --> (already translated)
⏭️ Skipping <!-- p78 --> (already translated)
⏭️ Skipping <!-- p79 --> (already translated)
⏭️ Skipping <!-- p80 --> (already translated)
⏭️ Skipping <!-- p81 --> (already translated)
⏭️ Skipping <!-- p82 --> (already translated)
⏭️ Skipping <!-- p83 --> (already translated)
⏭️ Skipping <!-- p84 --> (already translated)
⏭️ Skipping <!-- p85 --> (already translated)
⏭️ Skipping <!-- p86 --> (already translated)
⏭️ Skipping <!-- p87 --> (already translated)
⏭️ Skipping <!-- p88 --> (already translated)
⏭️ Skipping <!-- p89 --> (already translated)
⏭️ Skipping <!-- p90 --> (already translated)
⏭️ Skipping <!-- p91 --> (already translated)
⏭️ Skipping <!-- p92 --> (already translated)
⏭️ Skipping <!-- p93 --> (already translated)
⏭️ Skipping <!-- p94 --> (already translated)
⏭️ Skipping <!-- p95 --> (already translated)
⏭️ Skipping <!-- p96 --> (already translated)
⏭️ Skipping <!-- p97 --> (already translated)
⏭️ Skipping <!-- p98 --> (already translated)
⏭️ Skipping <!-- p99 --> (already translated)
⏭️ Skipping <!-- p100 --> (already translated)
⏭️ Skipping <!-- p101 --> (already translated)
⏭️ Skipping <!-- p102 --> (already translated)
⏭️ Skipping <!-- p103 --> (already translated)
⏭️ Skipping <!-- p104 --> (already translated)
⏭️ Skipping <!-- p105 --> (already translated)
⏭️ Skipping <!-- p106 --> (already translated)
⏭️ Skipping <!-- p107 --> (already translated)
⏭️ Skipping <!-- p108 --> (already translated)
⏭️ Skipping <!-- p109 --> (already translated)
⏭️ Skipping <!-- p110 --> (already translated)
⏭️ Skipping <!-- p111 --> (already translated)
⏭️ Skipping <!-- p112 --> (already translated)
⏭️ Skipping <!-- p113 --> (already translated)
⏭️ Skipping <!-- p114 --> (already translated)
⏭️ Skipping <!-- p115 --> (already translated)
⏭️ Skipping <!-- p116 --> (already translated)
⏭️ Skipping <!-- p117 --> (already translated)
⏭️ Skipping <!-- p118 --> (already translated)
⏭️ Skipping <!-- p119 --> (already translated)
⏭️ Skipping <!-- p120 --> (already translated)
⏭️ Skipping <!-- p121 --> (already translated)
⏭️ Skipping <!-- p122 --> (already translated)
⏭️ Skipping <!-- p123 --> (already translated)
⏭️ Skipping <!-- p124 --> (already translated)
⏭️ Skipping <!-- p125 --> (already translated)
⏭️ Skipping <!-- p126 --> (already translated)
⏭️ Skipping <!-- p127 --> (already translated)
⏭️ Skipping <!-- p128 --> (already translated)
⏭️ Skipping <!-- p129 --> (already translated)
⏭️ Skipping <!-- p130 --> (already translated)
⏭️ Skipping <!-- p131 --> (already translated)
⏭️ Skipping <!-- p132 --> (already translated)
🧮 Token-aware batching: 0 batch(es), budget ~106666 tokens, max batch size 20
✅ Done: /Users/andrew/repo/kli-translation-pipeline_principles-of-faith/japenese/pipeline2/backtranslation/chapters/chapter11_chapter_11_baptisms_water_and_spirit.md (0/133 translated)

📘 Processing chapter12_chapter_12_discipleship.md...
📑 Paragraph markers found: 116
⏭️ Skipping <!-- p0 --> (already translated)
⏭️ Skipping <!-- p1 --> (already translated)
⏭️ Skipping <!-- p2 --> (already translated)
⏭️ Skipping <!-- p3 --> (already translated)
⏭️ Skipping <!-- p4 --> (already translated)
⏭️ Skipping <!-- p5 --> (already translated)
⏭️ Skipping <!-- p6 --> (already translated)
⏭️ Skipping <!-- p7 --> (already translated)
⏭️ Skipping <!-- p8 --> (already translated)
⏭️ Skipping <!-- p9 --> (already translated)
⏭️ Skipping <!-- p10 --> (already translated)
⏭️ Skipping <!-- p11 --> (already translated)
⏭️ Skipping <!-- p12 --> (already translated)
⏭️ Skipping <!-- p13 --> (already translated)
⏭️ Skipping <!-- p14 --> (already translated)
⏭️ Skipping <!-- p15 --> (already translated)
⏭️ Skipping <!-- p16 --> (already translated)
⏭️ Skipping <!-- p17 --> (already translated)
⏭️ Skipping <!-- p18 --> (already translated)
⏭️ Skipping <!-- p19 --> (already translated)
⏭️ Skipping <!-- p20 --> (already translated)
⏭️ Skipping <!-- p21 --> (already translated)
⏭️ Skipping <!-- p22 --> (already translated)
⏭️ Skipping <!-- p23 --> (already translated)
⏭️ Skipping <!-- p24 --> (already translated)
⏭️ Skipping <!-- p25 --> (already translated)
⏭️ Skipping <!-- p26 --> (already translated)
⏭️ Skipping <!-- p27 --> (already translated)
⏭️ Skipping <!-- p28 --> (already translated)
⏭️ Skipping <!-- p29 --> (already translated)
⏭️ Skipping <!-- p30 --> (already translated)
⏭️ Skipping <!-- p31 --> (already translated)
⏭️ Skipping <!-- p32 --> (already translated)
⏭️ Skipping <!-- p33 --> (already translated)
⏭️ Skipping <!-- p34 --> (already translated)
⏭️ Skipping <!-- p35 --> (already translated)
⏭️ Skipping <!-- p36 --> (already translated)
⏭️ Skipping <!-- p37 --> (already translated)
⏭️ Skipping <!-- p38 --> (already translated)
⏭️ Skipping <!-- p39 --> (already translated)
⏭️ Skipping <!-- p40 --> (already translated)
⏭️ Skipping <!-- p41 --> (already translated)
⏭️ Skipping <!-- p42 --> (already translated)
⏭️ Skipping <!-- p43 --> (already translated)
⏭️ Skipping <!-- p44 --> (already translated)
⏭️ Skipping <!-- p45 --> (already translated)
⏭️ Skipping <!-- p46 --> (already translated)
⏭️ Skipping <!-- p47 --> (already translated)
⏭️ Skipping <!-- p48 --> (already translated)
⏭️ Skipping <!-- p49 --> (already translated)
⏭️ Skipping <!-- p50 --> (already translated)
⏭️ Skipping <!-- p51 --> (already translated)
⏭️ Skipping <!-- p52 --> (already translated)
⏭️ Skipping <!-- p53 --> (already translated)
⏭️ Skipping <!-- p54 --> (already translated)
⏭️ Skipping <!-- p55 --> (already translated)
⏭️ Skipping <!-- p56 --> (already translated)
⏭️ Skipping <!-- p57 --> (already translated)
⏭️ Skipping <!-- p58 --> (already translated)
⏭️ Skipping <!-- p59 --> (already translated)
⏭️ Skipping <!-- p60 --> (already translated)
⏭️ Skipping <!-- p61 --> (already translated)
⏭️ Skipping <!-- p62 --> (already translated)
⏭️ Skipping <!-- p63 --> (already translated)
⏭️ Skipping <!-- p64 --> (already translated)
⏭️ Skipping <!-- p65 --> (already translated)
⏭️ Skipping <!-- p66 --> (already translated)
⏭️ Skipping <!-- p67 --> (already translated)
⏭️ Skipping <!-- p68 --> (already translated)
⏭️ Skipping <!-- p69 --> (already translated)
⏭️ Skipping <!-- p70 --> (already translated)
⏭️ Skipping <!-- p71 --> (already translated)
⏭️ Skipping <!-- p72 --> (already translated)
⏭️ Skipping <!-- p73 --> (already translated)
⏭️ Skipping <!-- p74 --> (already translated)
⏭️ Skipping <!-- p75 --> (already translated)
⏭️ Skipping <!-- p76 --> (already translated)
⏭️ Skipping <!-- p77 --> (already translated)
⏭️ Skipping <!-- p78 --> (already translated)
⏭️ Skipping <!-- p79 --> (already translated)
⏭️ Skipping <!-- p80 --> (already translated)
⏭️ Skipping <!-- p81 --> (already translated)
⏭️ Skipping <!-- p82 --> (already translated)
⏭️ Skipping <!-- p83 --> (already translated)
⏭️ Skipping <!-- p84 --> (already translated)
⏭️ Skipping <!-- p85 --> (already translated)
⏭️ Skipping <!-- p86 --> (already translated)
⏭️ Skipping <!-- p87 --> (already translated)
⏭️ Skipping <!-- p88 --> (already translated)
⏭️ Skipping <!-- p89 --> (already translated)
⏭️ Skipping <!-- p90 --> (already translated)
⏭️ Skipping <!-- p91 --> (already translated)
⏭️ Skipping <!-- p92 --> (already translated)
⏭️ Skipping <!-- p93 --> (already translated)
⏭️ Skipping <!-- p94 --> (already translated)
⏭️ Skipping <!-- p95 --> (already translated)
⏭️ Skipping <!-- p96 --> (already translated)
⏭️ Skipping <!-- p97 --> (already translated)
⏭️ Skipping <!-- p98 --> (already translated)
⏭️ Skipping <!-- p99 --> (already translated)
⏭️ Skipping <!-- p100 --> (already translated)
⏭️ Skipping <!-- p101 --> (already translated)
⏭️ Skipping <!-- p102 --> (already translated)
⏭️ Skipping <!-- p103 --> (already translated)
⏭️ Skipping <!-- p104 --> (already translated)
⏭️ Skipping <!-- p105 --> (already translated)
⏭️ Skipping <!-- p106 --> (already translated)
⏭️ Skipping <!-- p107 --> (already translated)
⏭️ Skipping <!-- p108 --> (already translated)
⏭️ Skipping <!-- p109 --> (already translated)
⏭️ Skipping <!-- p110 --> (already translated)
⏭️ Skipping <!-- p111 --> (already translated)
⏭️ Skipping <!-- p112 --> (already translated)
⏭️ Skipping <!-- p113 --> (already translated)
⏭️ Skipping <!-- p114 --> (already translated)
⏭️ Skipping <!-- p115 --> (already translated)
🧮 Token-aware batching: 0 batch(es), budget ~106666 tokens, max batch size 20
✅ Done: /Users/andrew/repo/kli-translation-pipeline_principles-of-faith/japenese/pipeline2/backtranslation/chapters/chapter12_chapter_12_discipleship.md (0/116 translated)

📘 Processing chapter13_chapter_13_spiritual_authority.md...
📑 Paragraph markers found: 197
⏭️ Skipping <!-- p0 --> (already translated)
⏭️ Skipping <!-- p1 --> (already translated)
⏭️ Skipping <!-- p2 --> (already translated)
⏭️ Skipping <!-- p3 --> (already translated)
⏭️ Skipping <!-- p4 --> (already translated)
⏭️ Skipping <!-- p5 --> (already translated)
⏭️ Skipping <!-- p6 --> (already translated)
⏭️ Skipping <!-- p7 --> (already translated)
⏭️ Skipping <!-- p8 --> (already translated)
⏭️ Skipping <!-- p9 --> (already translated)
⏭️ Skipping <!-- p10 --> (already translated)
⏭️ Skipping <!-- p11 --> (already translated)
⏭️ Skipping <!-- p12 --> (already translated)
⏭️ Skipping <!-- p13 --> (already translated)
⏭️ Skipping <!-- p14 --> (already translated)
⏭️ Skipping <!-- p15 --> (already translated)
⏭️ Skipping <!-- p16 --> (already translated)
⏭️ Skipping <!-- p17 --> (already translated)
⏭️ Skipping <!-- p18 --> (already translated)
⏭️ Skipping <!-- p19 --> (already translated)
⏭️ Skipping <!-- p20 --> (already translated)
⏭️ Skipping <!-- p21 --> (already translated)
⏭️ Skipping <!-- p22 --> (already translated)
⏭️ Skipping <!-- p23 --> (already translated)
⏭️ Skipping <!-- p24 --> (already translated)
⏭️ Skipping <!-- p25 --> (already translated)
⏭️ Skipping <!-- p26 --> (already translated)
⏭️ Skipping <!-- p27 --> (already translated)
⏭️ Skipping <!-- p28 --> (already translated)
⏭️ Skipping <!-- p29 --> (already translated)
⏭️ Skipping <!-- p30 --> (already translated)
⏭️ Skipping <!-- p31 --> (already translated)
⏭️ Skipping <!-- p32 --> (already translated)
⏭️ Skipping <!-- p33 --> (already translated)
⏭️ Skipping <!-- p34 --> (already translated)
⏭️ Skipping <!-- p35 --> (already translated)
⏭️ Skipping <!-- p36 --> (already translated)
⏭️ Skipping <!-- p37 --> (already translated)
⏭️ Skipping <!-- p38 --> (already translated)
⏭️ Skipping <!-- p39 --> (already translated)
⏭️ Skipping <!-- p40 --> (already translated)
⏭️ Skipping <!-- p41 --> (already translated)
⏭️ Skipping <!-- p42 --> (already translated)
⏭️ Skipping <!-- p43 --> (already translated)
⏭️ Skipping <!-- p44 --> (already translated)
⏭️ Skipping <!-- p45 --> (already translated)
⏭️ Skipping <!-- p46 --> (already translated)
⏭️ Skipping <!-- p47 --> (already translated)
⏭️ Skipping <!-- p48 --> (already translated)
⏭️ Skipping <!-- p49 --> (already translated)
⏭️ Skipping <!-- p50 --> (already translated)
⏭️ Skipping <!-- p51 --> (already translated)
⏭️ Skipping <!-- p52 --> (already translated)
⏭️ Skipping <!-- p53 --> (already translated)
⏭️ Skipping <!-- p54 --> (already translated)
⏭️ Skipping <!-- p55 --> (already translated)
⏭️ Skipping <!-- p56 --> (already translated)
⏭️ Skipping <!-- p57 --> (already translated)
⏭️ Skipping <!-- p58 --> (already translated)
⏭️ Skipping <!-- p59 --> (already translated)
⏭️ Skipping <!-- p60 --> (already translated)
⏭️ Skipping <!-- p61 --> (already translated)
⏭️ Skipping <!-- p62 --> (already translated)
⏭️ Skipping <!-- p63 --> (already translated)
⏭️ Skipping <!-- p64 --> (already translated)
⏭️ Skipping <!-- p65 --> (already translated)
⏭️ Skipping <!-- p66 --> (already translated)
⏭️ Skipping <!-- p67 --> (already translated)
⏭️ Skipping <!-- p68 --> (already translated)
⏭️ Skipping <!-- p69 --> (already translated)
⏭️ Skipping <!-- p70 --> (already translated)
⏭️ Skipping <!-- p71 --> (already translated)
⏭️ Skipping <!-- p72 --> (already translated)
⏭️ Skipping <!-- p73 --> (already translated)
⏭️ Skipping <!-- p74 --> (already translated)
⏭️ Skipping <!-- p75 --> (already translated)
⏭️ Skipping <!-- p76 --> (already translated)
⏭️ Skipping <!-- p77 --> (already translated)
⏭️ Skipping <!-- p78 --> (already translated)
⏭️ Skipping <!-- p79 --> (already translated)
⏭️ Skipping <!-- p80 --> (already translated)
⏭️ Skipping <!-- p81 --> (already translated)
⏭️ Skipping <!-- p82 --> (already translated)
⏭️ Skipping <!-- p83 --> (already translated)
⏭️ Skipping <!-- p84 --> (already translated)
⏭️ Skipping <!-- p85 --> (already translated)
⏭️ Skipping <!-- p86 --> (already translated)
⏭️ Skipping <!-- p87 --> (already translated)
⏭️ Skipping <!-- p88 --> (already translated)
⏭️ Skipping <!-- p89 --> (already translated)
⏭️ Skipping <!-- p90 --> (already translated)
⏭️ Skipping <!-- p91 --> (already translated)
⏭️ Skipping <!-- p92 --> (already translated)
⏭️ Skipping <!-- p93 --> (already translated)
⏭️ Skipping <!-- p94 --> (already translated)
⏭️ Skipping <!-- p95 --> (already translated)
⏭️ Skipping <!-- p96 --> (already translated)
⏭️ Skipping <!-- p97 --> (already translated)
⏭️ Skipping <!-- p98 --> (already translated)
⏭️ Skipping <!-- p99 --> (already translated)
⏭️ Skipping <!-- p100 --> (already translated)
⏭️ Skipping <!-- p101 --> (already translated)
⏭️ Skipping <!-- p102 --> (already translated)
⏭️ Skipping <!-- p103 --> (already translated)
⏭️ Skipping <!-- p104 --> (already translated)
⏭️ Skipping <!-- p105 --> (already translated)
⏭️ Skipping <!-- p106 --> (already translated)
⏭️ Skipping <!-- p107 --> (already translated)
⏭️ Skipping <!-- p108 --> (already translated)
⏭️ Skipping <!-- p109 --> (already translated)
⏭️ Skipping <!-- p110 --> (already translated)
⏭️ Skipping <!-- p111 --> (already translated)
⏭️ Skipping <!-- p112 --> (already translated)
⏭️ Skipping <!-- p113 --> (already translated)
⏭️ Skipping <!-- p114 --> (already translated)
⏭️ Skipping <!-- p115 --> (already translated)
⏭️ Skipping <!-- p116 --> (already translated)
⏭️ Skipping <!-- p117 --> (already translated)
⏭️ Skipping <!-- p118 --> (already translated)
⏭️ Skipping <!-- p119 --> (already translated)
⏭️ Skipping <!-- p120 --> (already translated)
⏭️ Skipping <!-- p121 --> (already translated)
⏭️ Skipping <!-- p122 --> (already translated)
⏭️ Skipping <!-- p123 --> (already translated)
⏭️ Skipping <!-- p124 --> (already translated)
⏭️ Skipping <!-- p125 --> (already translated)
⏭️ Skipping <!-- p126 --> (already translated)
⏭️ Skipping <!-- p127 --> (already translated)
⏭️ Skipping <!-- p128 --> (already translated)
⏭️ Skipping <!-- p129 --> (already translated)
⏭️ Skipping <!-- p130 --> (already translated)
⏭️ Skipping <!-- p131 --> (already translated)
⏭️ Skipping <!-- p132 --> (already translated)
⏭️ Skipping <!-- p133 --> (already translated)
⏭️ Skipping <!-- p134 --> (already translated)
⏭️ Skipping <!-- p135 --> (already translated)
⏭️ Skipping <!-- p136 --> (already translated)
⏭️ Skipping <!-- p137 --> (already translated)
⏭️ Skipping <!-- p138 --> (already translated)
⏭️ Skipping <!-- p139 --> (already translated)
⏭️ Skipping <!-- p140 --> (already translated)
⏭️ Skipping <!-- p141 --> (already translated)
⏭️ Skipping <!-- p142 --> (already translated)
⏭️ Skipping <!-- p143 --> (already translated)
⏭️ Skipping <!-- p144 --> (already translated)
⏭️ Skipping <!-- p145 --> (already translated)
⏭️ Skipping <!-- p146 --> (already translated)
⏭️ Skipping <!-- p147 --> (already translated)
⏭️ Skipping <!-- p148 --> (already translated)
⏭️ Skipping <!-- p149 --> (already translated)
⏭️ Skipping <!-- p150 --> (already translated)
⏭️ Skipping <!-- p151 --> (already translated)
⏭️ Skipping <!-- p152 --> (already translated)
⏭️ Skipping <!-- p153 --> (already translated)
⏭️ Skipping <!-- p154 --> (already translated)
⏭️ Skipping <!-- p155 --> (already translated)
⏭️ Skipping <!-- p156 --> (already translated)
⏭️ Skipping <!-- p157 --> (already translated)
⏭️ Skipping <!-- p158 --> (already translated)
⏭️ Skipping <!-- p159 --> (already translated)
⏭️ Skipping <!-- p160 --> (already translated)
⏭️ Skipping <!-- p161 --> (already translated)
⏭️ Skipping <!-- p162 --> (already translated)
⏭️ Skipping <!-- p163 --> (already translated)
⏭️ Skipping <!-- p164 --> (already translated)
⏭️ Skipping <!-- p165 --> (already translated)
⏭️ Skipping <!-- p166 --> (already translated)
⏭️ Skipping <!-- p167 --> (already translated)
⏭️ Skipping <!-- p168 --> (already translated)
⏭️ Skipping <!-- p169 --> (already translated)
⏭️ Skipping <!-- p170 --> (already translated)
⏭️ Skipping <!-- p171 --> (already translated)
⏭️ Skipping <!-- p172 --> (already translated)
⏭️ Skipping <!-- p173 --> (already translated)
⏭️ Skipping <!-- p174 --> (already translated)
⏭️ Skipping <!-- p175 --> (already translated)
⏭️ Skipping <!-- p176 --> (already translated)
⏭️ Skipping <!-- p177 --> (already translated)
⏭️ Skipping <!-- p178 --> (already translated)
⏭️ Skipping <!-- p179 --> (already translated)
⏭️ Skipping <!-- p180 --> (already translated)
⏭️ Skipping <!-- p181 --> (already translated)
⏭️ Skipping <!-- p182 --> (already translated)
⏭️ Skipping <!-- p183 --> (already translated)
⏭️ Skipping <!-- p184 --> (already translated)
⏭️ Skipping <!-- p185 --> (already translated)
⏭️ Skipping <!-- p186 --> (already translated)
⏭️ Skipping <!-- p187 --> (already translated)
⏭️ Skipping <!-- p188 --> (already translated)
⏭️ Skipping <!-- p189 --> (already translated)
⏭️ Skipping <!-- p190 --> (already translated)
⏭️ Skipping <!-- p191 --> (already translated)
⏭️ Skipping <!-- p192 --> (already translated)
⏭️ Skipping <!-- p193 --> (already translated)
⏭️ Skipping <!-- p194 --> (already translated)
⏭️ Skipping <!-- p195 --> (already translated)
⏭️ Skipping <!-- p196 --> (already translated)
🧮 Token-aware batching: 0 batch(es), budget ~106666 tokens, max batch size 20
✅ Done: /Users/andrew/repo/kli-translation-pipeline_principles-of-faith/japenese/pipeline2/backtranslation/chapters/chapter13_chapter_13_spiritual_authority.md (0/197 translated)

📘 Processing chapter14_back_1_postscript.md...
📑 Paragraph markers found: 12
⏭️ Skipping <!-- p0 --> (already translated)
⏭️ Skipping <!-- p1 --> (already translated)
⏭️ Skipping <!-- p2 --> (already translated)
⏭️ Skipping <!-- p3 --> (already translated)
⏭️ Skipping <!-- p4 --> (already translated)
⏭️ Skipping <!-- p5 --> (already translated)
⏭️ Skipping <!-- p6 --> (already translated)
⏭️ Skipping <!-- p7 --> (already translated)
⏭️ Skipping <!-- p8 --> (already translated)
⏭️ Skipping <!-- p9 --> (already translated)
⏭️ Skipping <!-- p10 --> (already translated)
⏭️ Skipping <!-- p11 --> (already translated)
🧮 Token-aware batching: 0 batch(es), budget ~106666 tokens, max batch size 20
✅ Done: /Users/andrew/repo/kli-translation-pipeline_principles-of-faith/japenese/pipeline2/backtranslation/chapters/chapter14_back_1_postscript.md (0/12 translated)

📘 Processing chapter14_back_3_extended_reference_tables.md...
📑 Paragraph markers found: 5
⏭️ Skipping <!-- p0 --> (already translated)
⏭️ Skipping <!-- p1 --> (already translated)
⏭️ Skipping <!-- p2 --> (already translated)
⏭️ Skipping <!-- p3 --> (already translated)
⏭️ Skipping <!-- p4 --> (already translated)
🧮 Token-aware batching: 0 batch(es), budget ~106666 tokens, max batch size 20
✅ Done: /Users/andrew/repo/kli-translation-pipeline_principles-of-faith/japenese/pipeline2/backtranslation/chapters/chapter14_back_3_extended_reference_tables.md (0/5 translated)

📘 Processing chapter14_back_4_end_of_chapter_activities.md...
📑 Paragraph markers found: 615
⏭️ Skipping <!-- p0 --> (already translated)
⏭️ Skipping <!-- p1 --> (already translated)
⏭️ Skipping <!-- p2 --> (already translated)
⏭️ Skipping <!-- p3 --> (already translated)
⏭️ Skipping <!-- p4 --> (already translated)
⏭️ Skipping <!-- p5 --> (already translated)
⏭️ Skipping <!-- p6 --> (already translated)
⏭️ Skipping <!-- p7 --> (already translated)
⏭️ Skipping <!-- p8 --> (already translated)
⏭️ Skipping <!-- p9 --> (already translated)
⏭️ Skipping <!-- p10 --> (already translated)
⏭️ Skipping <!-- p11 --> (already translated)
⏭️ Skipping <!-- p12 --> (already translated)
⏭️ Skipping <!-- p13 --> (already translated)
⏭️ Skipping <!-- p14 --> (already translated)
⏭️ Skipping <!-- p15 --> (already translated)
⏭️ Skipping <!-- p16 --> (already translated)
⏭️ Skipping <!-- p17 --> (already translated)
⏭️ Skipping <!-- p18 --> (already translated)
⏭️ Skipping <!-- p19 --> (already translated)
⏭️ Skipping <!-- p20 --> (already translated)
⏭️ Skipping <!-- p21 --> (already translated)
⏭️ Skipping <!-- p22 --> (already translated)
⏭️ Skipping <!-- p23 --> (already translated)
⏭️ Skipping <!-- p24 --> (already translated)
⏭️ Skipping <!-- p25 --> (already translated)
⏭️ Skipping <!-- p26 --> (already translated)
⏭️ Skipping <!-- p27 --> (already translated)
⏭️ Skipping <!-- p28 --> (already translated)
⏭️ Skipping <!-- p29 --> (already translated)
⏭️ Skipping <!-- p30 --> (already translated)
⏭️ Skipping <!-- p31 --> (already translated)
⏭️ Skipping <!-- p32 --> (already translated)
⏭️ Skipping <!-- p33 --> (already translated)
⏭️ Skipping <!-- p34 --> (already translated)
⏭️ Skipping <!-- p35 --> (already translated)
⏭️ Skipping <!-- p36 --> (already translated)
⏭️ Skipping <!-- p37 --> (already translated)
⏭️ Skipping <!-- p38 --> (already translated)
⏭️ Skipping <!-- p39 --> (already translated)
⏭️ Skipping <!-- p40 --> (already translated)
⏭️ Skipping <!-- p41 --> (already translated)
⏭️ Skipping <!-- p42 --> (already translated)
⏭️ Skipping <!-- p43 --> (already translated)
⏭️ Skipping <!-- p44 --> (already translated)
⏭️ Skipping <!-- p45 --> (already translated)
⏭️ Skipping <!-- p46 --> (already translated)
⏭️ Skipping <!-- p47 --> (already translated)
⏭️ Skipping <!-- p48 --> (already translated)
⏭️ Skipping <!-- p49 --> (already translated)
⏭️ Skipping <!-- p50 --> (already translated)
⏭️ Skipping <!-- p51 --> (already translated)
⏭️ Skipping <!-- p52 --> (already translated)
⏭️ Skipping <!-- p53 --> (already translated)
⏭️ Skipping <!-- p54 --> (already translated)
⏭️ Skipping <!-- p55 --> (already translated)
⏭️ Skipping <!-- p56 --> (already translated)
⏭️ Skipping <!-- p57 --> (already translated)
⏭️ Skipping <!-- p58 --> (already translated)
⏭️ Skipping <!-- p59 --> (already translated)
⏭️ Skipping <!-- p60 --> (already translated)
⏭️ Skipping <!-- p61 --> (already translated)
⏭️ Skipping <!-- p62 --> (already translated)
⏭️ Skipping <!-- p63 --> (already translated)
⏭️ Skipping <!-- p64 --> (already translated)
⏭️ Skipping <!-- p65 --> (already translated)
⏭️ Skipping <!-- p66 --> (already translated)
⏭️ Skipping <!-- p67 --> (already translated)
⏭️ Skipping <!-- p68 --> (already translated)
⏭️ Skipping <!-- p69 --> (already translated)
⏭️ Skipping <!-- p70 --> (already translated)
⏭️ Skipping <!-- p71 --> (already translated)
⏭️ Skipping <!-- p72 --> (already translated)
⏭️ Skipping <!-- p73 --> (already translated)
⏭️ Skipping <!-- p74 --> (already translated)
⏭️ Skipping <!-- p75 --> (already translated)
⏭️ Skipping <!-- p76 --> (already translated)
⏭️ Skipping <!-- p77 --> (already translated)
⏭️ Skipping <!-- p78 --> (already translated)
⏭️ Skipping <!-- p79 --> (already translated)
⏭️ Skipping <!-- p80 --> (already translated)
⏭️ Skipping <!-- p81 --> (already translated)
⏭️ Skipping <!-- p82 --> (already translated)
⏭️ Skipping <!-- p83 --> (already translated)
⏭️ Skipping <!-- p84 --> (already translated)
⏭️ Skipping <!-- p85 --> (already translated)
⏭️ Skipping <!-- p86 --> (already translated)
⏭️ Skipping <!-- p87 --> (already translated)
⏭️ Skipping <!-- p88 --> (already translated)
⏭️ Skipping <!-- p89 --> (already translated)
⏭️ Skipping <!-- p90 --> (already translated)
⏭️ Skipping <!-- p91 --> (already translated)
⏭️ Skipping <!-- p92 --> (already translated)
⏭️ Skipping <!-- p93 --> (already translated)
⏭️ Skipping <!-- p94 --> (already translated)
⏭️ Skipping <!-- p95 --> (already translated)
⏭️ Skipping <!-- p96 --> (already translated)
⏭️ Skipping <!-- p97 --> (already translated)
⏭️ Skipping <!-- p98 --> (already translated)
⏭️ Skipping <!-- p99 --> (already translated)
⏭️ Skipping <!-- p100 --> (already translated)
⏭️ Skipping <!-- p101 --> (already translated)
⏭️ Skipping <!-- p102 --> (already translated)
⏭️ Skipping <!-- p103 --> (already translated)
⏭️ Skipping <!-- p104 --> (already translated)
⏭️ Skipping <!-- p105 --> (already translated)
⏭️ Skipping <!-- p106 --> (already translated)
⏭️ Skipping <!-- p107 --> (already translated)
⏭️ Skipping <!-- p108 --> (already translated)
⏭️ Skipping <!-- p109 --> (already translated)
⏭️ Skipping <!-- p110 --> (already translated)
⏭️ Skipping <!-- p111 --> (already translated)
⏭️ Skipping <!-- p112 --> (already translated)
⏭️ Skipping <!-- p113 --> (already translated)
⏭️ Skipping <!-- p114 --> (already translated)
⏭️ Skipping <!-- p115 --> (already translated)
⏭️ Skipping <!-- p116 --> (already translated)
⏭️ Skipping <!-- p117 --> (already translated)
⏭️ Skipping <!-- p118 --> (already translated)
⏭️ Skipping <!-- p119 --> (already translated)
⏭️ Skipping <!-- p120 --> (already translated)
⏭️ Skipping <!-- p121 --> (already translated)
⏭️ Skipping <!-- p122 --> (already translated)
⏭️ Skipping <!-- p123 --> (already translated)
⏭️ Skipping <!-- p124 --> (already translated)
⏭️ Skipping <!-- p125 --> (already translated)
⏭️ Skipping <!-- p126 --> (already translated)
⏭️ Skipping <!-- p127 --> (already translated)
⏭️ Skipping <!-- p128 --> (already translated)
⏭️ Skipping <!-- p129 --> (already translated)
⏭️ Skipping <!-- p130 --> (already translated)
⏭️ Skipping <!-- p131 --> (already translated)
⏭️ Skipping <!-- p132 --> (already translated)
⏭️ Skipping <!-- p133 --> (already translated)
⏭️ Skipping <!-- p134 --> (already translated)
⏭️ Skipping <!-- p135 --> (already translated)
⏭️ Skipping <!-- p136 --> (already translated)
⏭️ Skipping <!-- p137 --> (already translated)
⏭️ Skipping <!-- p138 --> (already translated)
⏭️ Skipping <!-- p139 --> (already translated)
⏭️ Skipping <!-- p140 --> (already translated)
⏭️ Skipping <!-- p141 --> (already translated)
⏭️ Skipping <!-- p142 --> (already translated)
⏭️ Skipping <!-- p143 --> (already translated)
⏭️ Skipping <!-- p144 --> (already translated)
⏭️ Skipping <!-- p145 --> (already translated)
⏭️ Skipping <!-- p146 --> (already translated)
⏭️ Skipping <!-- p147 --> (already translated)
⏭️ Skipping <!-- p148 --> (already translated)
⏭️ Skipping <!-- p149 --> (already translated)
⏭️ Skipping <!-- p150 --> (already translated)
⏭️ Skipping <!-- p151 --> (already translated)
⏭️ Skipping <!-- p152 --> (already translated)
⏭️ Skipping <!-- p153 --> (already translated)
⏭️ Skipping <!-- p154 --> (already translated)
⏭️ Skipping <!-- p155 --> (already translated)
⏭️ Skipping <!-- p156 --> (already translated)
⏭️ Skipping <!-- p157 --> (already translated)
⏭️ Skipping <!-- p158 --> (already translated)
⏭️ Skipping <!-- p159 --> (already translated)
⏭️ Skipping <!-- p160 --> (already translated)
⏭️ Skipping <!-- p161 --> (already translated)
⏭️ Skipping <!-- p162 --> (already translated)
⏭️ Skipping <!-- p163 --> (already translated)
⏭️ Skipping <!-- p164 --> (already translated)
⏭️ Skipping <!-- p165 --> (already translated)
⏭️ Skipping <!-- p166 --> (already translated)
⏭️ Skipping <!-- p167 --> (already translated)
⏭️ Skipping <!-- p168 --> (already translated)
⏭️ Skipping <!-- p169 --> (already translated)
⏭️ Skipping <!-- p170 --> (already translated)
⏭️ Skipping <!-- p171 --> (already translated)
⏭️ Skipping <!-- p172 --> (already translated)
⏭️ Skipping <!-- p173 --> (already translated)
⏭️ Skipping <!-- p174 --> (already translated)
⏭️ Skipping <!-- p175 --> (already translated)
⏭️ Skipping <!-- p176 --> (already translated)
⏭️ Skipping <!-- p177 --> (already translated)
⏭️ Skipping <!-- p178 --> (already translated)
⏭️ Skipping <!-- p179 --> (already translated)
⏭️ Skipping <!-- p180 --> (already translated)
⏭️ Skipping <!-- p181 --> (already translated)
⏭️ Skipping <!-- p182 --> (already translated)
⏭️ Skipping <!-- p183 --> (already translated)
⏭️ Skipping <!-- p184 --> (already translated)
⏭️ Skipping <!-- p185 --> (already translated)
⏭️ Skipping <!-- p186 --> (already translated)
⏭️ Skipping <!-- p187 --> (already translated)
⏭️ Skipping <!-- p188 --> (already translated)
⏭️ Skipping <!-- p189 --> (already translated)
⏭️ Skipping <!-- p190 --> (already translated)
⏭️ Skipping <!-- p191 --> (already translated)
⏭️ Skipping <!-- p192 --> (already translated)
⏭️ Skipping <!-- p193 --> (already translated)
⏭️ Skipping <!-- p194 --> (already translated)
⏭️ Skipping <!-- p195 --> (already translated)
⏭️ Skipping <!-- p196 --> (already translated)
⏭️ Skipping <!-- p197 --> (already translated)
⏭️ Skipping <!-- p198 --> (already translated)
⏭️ Skipping <!-- p199 --> (already translated)
⏭️ Skipping <!-- p200 --> (already translated)
⏭️ Skipping <!-- p201 --> (already translated)
⏭️ Skipping <!-- p202 --> (already translated)
⏭️ Skipping <!-- p203 --> (already translated)
⏭️ Skipping <!-- p204 --> (already translated)
⏭️ Skipping <!-- p205 --> (already translated)
⏭️ Skipping <!-- p206 --> (already translated)
⏭️ Skipping <!-- p207 --> (already translated)
⏭️ Skipping <!-- p208 --> (already translated)
⏭️ Skipping <!-- p209 --> (already translated)
⏭️ Skipping <!-- p210 --> (already translated)
⏭️ Skipping <!-- p211 --> (already translated)
⏭️ Skipping <!-- p212 --> (already translated)
⏭️ Skipping <!-- p213 --> (already translated)
⏭️ Skipping <!-- p214 --> (already translated)
⏭️ Skipping <!-- p215 --> (already translated)
⏭️ Skipping <!-- p216 --> (already translated)
⏭️ Skipping <!-- p217 --> (already translated)
⏭️ Skipping <!-- p218 --> (already translated)
⏭️ Skipping <!-- p219 --> (already translated)
⏭️ Skipping <!-- p220 --> (already translated)
⏭️ Skipping <!-- p221 --> (already translated)
⏭️ Skipping <!-- p222 --> (already translated)
⏭️ Skipping <!-- p223 --> (already translated)
⏭️ Skipping <!-- p224 --> (already translated)
⏭️ Skipping <!-- p225 --> (already translated)
⏭️ Skipping <!-- p226 --> (already translated)
⏭️ Skipping <!-- p227 --> (already translated)
⏭️ Skipping <!-- p228 --> (already translated)
⏭️ Skipping <!-- p229 --> (already translated)
⏭️ Skipping <!-- p230 --> (already translated)
⏭️ Skipping <!-- p231 --> (already translated)
⏭️ Skipping <!-- p232 --> (already translated)
⏭️ Skipping <!-- p233 --> (already translated)
⏭️ Skipping <!-- p234 --> (already translated)
⏭️ Skipping <!-- p235 --> (already translated)
⏭️ Skipping <!-- p236 --> (already translated)
⏭️ Skipping <!-- p237 --> (already translated)
⏭️ Skipping <!-- p238 --> (already translated)
⏭️ Skipping <!-- p239 --> (already translated)
⏭️ Skipping <!-- p240 --> (already translated)
⏭️ Skipping <!-- p241 --> (already translated)
⏭️ Skipping <!-- p242 --> (already translated)
⏭️ Skipping <!-- p243 --> (already translated)
⏭️ Skipping <!-- p244 --> (already translated)
⏭️ Skipping <!-- p245 --> (already translated)
⏭️ Skipping <!-- p246 --> (already translated)
⏭️ Skipping <!-- p247 --> (already translated)
⏭️ Skipping <!-- p248 --> (already translated)
⏭️ Skipping <!-- p249 --> (already translated)
⏭️ Skipping <!-- p250 --> (already translated)
⏭️ Skipping <!-- p251 --> (already translated)
⏭️ Skipping <!-- p252 --> (already translated)
⏭️ Skipping <!-- p253 --> (already translated)
⏭️ Skipping <!-- p254 --> (already translated)
⏭️ Skipping <!-- p255 --> (already translated)
⏭️ Skipping <!-- p256 --> (already translated)
⏭️ Skipping <!-- p257 --> (already translated)
⏭️ Skipping <!-- p258 --> (already translated)
⏭️ Skipping <!-- p259 --> (already translated)
⏭️ Skipping <!-- p260 --> (already translated)
⏭️ Skipping <!-- p261 --> (already translated)
⏭️ Skipping <!-- p262 --> (already translated)
⏭️ Skipping <!-- p263 --> (already translated)
⏭️ Skipping <!-- p264 --> (already translated)
⏭️ Skipping <!-- p265 --> (already translated)
⏭️ Skipping <!-- p266 --> (already translated)
⏭️ Skipping <!-- p267 --> (already translated)
⏭️ Skipping <!-- p268 --> (already translated)
⏭️ Skipping <!-- p269 --> (already translated)
⏭️ Skipping <!-- p270 --> (already translated)
⏭️ Skipping <!-- p271 --> (already translated)
⏭️ Skipping <!-- p272 --> (already translated)
⏭️ Skipping <!-- p273 --> (already translated)
⏭️ Skipping <!-- p274 --> (already translated)
⏭️ Skipping <!-- p275 --> (already translated)
⏭️ Skipping <!-- p276 --> (already translated)
⏭️ Skipping <!-- p277 --> (already translated)
⏭️ Skipping <!-- p278 --> (already translated)
⏭️ Skipping <!-- p279 --> (already translated)
⏭️ Skipping <!-- p280 --> (already translated)
⏭️ Skipping <!-- p281 --> (already translated)
⏭️ Skipping <!-- p282 --> (already translated)
⏭️ Skipping <!-- p283 --> (already translated)
⏭️ Skipping <!-- p284 --> (already translated)
⏭️ Skipping <!-- p285 --> (already translated)
⏭️ Skipping <!-- p286 --> (already translated)
⏭️ Skipping <!-- p287 --> (already translated)
⏭️ Skipping <!-- p288 --> (already translated)
⏭️ Skipping <!-- p289 --> (already translated)
⏭️ Skipping <!-- p290 --> (already translated)
⏭️ Skipping <!-- p291 --> (already translated)
⏭️ Skipping <!-- p292 --> (already translated)
⏭️ Skipping <!-- p293 --> (already translated)
⏭️ Skipping <!-- p294 --> (already translated)
⏭️ Skipping <!-- p295 --> (already translated)
⏭️ Skipping <!-- p296 --> (already translated)
⏭️ Skipping <!-- p297 --> (already translated)
⏭️ Skipping <!-- p298 --> (already translated)
⏭️ Skipping <!-- p299 --> (already translated)
⏭️ Skipping <!-- p300 --> (already translated)
⏭️ Skipping <!-- p301 --> (already translated)
⏭️ Skipping <!-- p302 --> (already translated)
⏭️ Skipping <!-- p303 --> (already translated)
⏭️ Skipping <!-- p304 --> (already translated)
⏭️ Skipping <!-- p305 --> (already translated)
⏭️ Skipping <!-- p306 --> (already translated)
⏭️ Skipping <!-- p307 --> (already translated)
⏭️ Skipping <!-- p308 --> (already translated)
⏭️ Skipping <!-- p309 --> (already translated)
⏭️ Skipping <!-- p310 --> (already translated)
⏭️ Skipping <!-- p311 --> (already translated)
⏭️ Skipping <!-- p312 --> (already translated)
⏭️ Skipping <!-- p313 --> (already translated)
⏭️ Skipping <!-- p314 --> (already translated)
⏭️ Skipping <!-- p315 --> (already translated)
⏭️ Skipping <!-- p316 --> (already translated)
⏭️ Skipping <!-- p317 --> (already translated)
⏭️ Skipping <!-- p318 --> (already translated)
⏭️ Skipping <!-- p319 --> (already translated)
⏭️ Skipping <!-- p320 --> (already translated)
⏭️ Skipping <!-- p321 --> (already translated)
⏭️ Skipping <!-- p322 --> (already translated)
⏭️ Skipping <!-- p323 --> (already translated)
⏭️ Skipping <!-- p324 --> (already translated)
⏭️ Skipping <!-- p325 --> (already translated)
⏭️ Skipping <!-- p326 --> (already translated)
⏭️ Skipping <!-- p327 --> (already translated)
⏭️ Skipping <!-- p328 --> (already translated)
⏭️ Skipping <!-- p329 --> (already translated)
⏭️ Skipping <!-- p330 --> (already translated)
⏭️ Skipping <!-- p331 --> (already translated)
⏭️ Skipping <!-- p332 --> (already translated)
⏭️ Skipping <!-- p333 --> (already translated)
⏭️ Skipping <!-- p334 --> (already translated)
⏭️ Skipping <!-- p335 --> (already translated)
⏭️ Skipping <!-- p336 --> (already translated)
⏭️ Skipping <!-- p337 --> (already translated)
⏭️ Skipping <!-- p338 --> (already translated)
⏭️ Skipping <!-- p339 --> (already translated)
⏭️ Skipping <!-- p340 --> (already translated)
⏭️ Skipping <!-- p341 --> (already translated)
⏭️ Skipping <!-- p342 --> (already translated)
⏭️ Skipping <!-- p343 --> (already translated)
⏭️ Skipping <!-- p344 --> (already translated)
⏭️ Skipping <!-- p345 --> (already translated)
⏭️ Skipping <!-- p346 --> (already translated)
⏭️ Skipping <!-- p347 --> (already translated)
⏭️ Skipping <!-- p348 --> (already translated)
⏭️ Skipping <!-- p349 --> (already translated)
⏭️ Skipping <!-- p350 --> (already translated)
⏭️ Skipping <!-- p351 --> (already translated)
⏭️ Skipping <!-- p352 --> (already translated)
⏭️ Skipping <!-- p353 --> (already translated)
⏭️ Skipping <!-- p354 --> (already translated)
⏭️ Skipping <!-- p355 --> (already translated)
⏭️ Skipping <!-- p356 --> (already translated)
⏭️ Skipping <!-- p357 --> (already translated)
⏭️ Skipping <!-- p358 --> (already translated)
⏭️ Skipping <!-- p359 --> (already translated)
⏭️ Skipping <!-- p360 --> (already translated)
⏭️ Skipping <!-- p361 --> (already translated)
⏭️ Skipping <!-- p362 --> (already translated)
⏭️ Skipping <!-- p363 --> (already translated)
⏭️ Skipping <!-- p364 --> (already translated)
⏭️ Skipping <!-- p365 --> (already translated)
⏭️ Skipping <!-- p366 --> (already translated)
⏭️ Skipping <!-- p367 --> (already translated)
⏭️ Skipping <!-- p368 --> (already translated)
⏭️ Skipping <!-- p369 --> (already translated)
⏭️ Skipping <!-- p370 --> (already translated)
⏭️ Skipping <!-- p371 --> (already translated)
⏭️ Skipping <!-- p372 --> (already translated)
⏭️ Skipping <!-- p373 --> (already translated)
⏭️ Skipping <!-- p374 --> (already translated)
⏭️ Skipping <!-- p375 --> (already translated)
⏭️ Skipping <!-- p376 --> (already translated)
⏭️ Skipping <!-- p377 --> (already translated)
⏭️ Skipping <!-- p378 --> (already translated)
⏭️ Skipping <!-- p379 --> (already translated)
⏭️ Skipping <!-- p380 --> (already translated)
⏭️ Skipping <!-- p381 --> (already translated)
⏭️ Skipping <!-- p382 --> (already translated)
⏭️ Skipping <!-- p383 --> (already translated)
⏭️ Skipping <!-- p384 --> (already translated)
⏭️ Skipping <!-- p385 --> (already translated)
⏭️ Skipping <!-- p386 --> (already translated)
⏭️ Skipping <!-- p387 --> (already translated)
⏭️ Skipping <!-- p388 --> (already translated)
⏭️ Skipping <!-- p389 --> (already translated)
⏭️ Skipping <!-- p390 --> (already translated)
⏭️ Skipping <!-- p391 --> (already translated)
⏭️ Skipping <!-- p392 --> (already translated)
⏭️ Skipping <!-- p393 --> (already translated)
⏭️ Skipping <!-- p394 --> (already translated)
⏭️ Skipping <!-- p395 --> (already translated)
⏭️ Skipping <!-- p396 --> (already translated)
⏭️ Skipping <!-- p397 --> (already translated)
⏭️ Skipping <!-- p398 --> (already translated)
⏭️ Skipping <!-- p399 --> (already translated)
⏭️ Skipping <!-- p400 --> (already translated)
⏭️ Skipping <!-- p401 --> (already translated)
⏭️ Skipping <!-- p402 --> (already translated)
⏭️ Skipping <!-- p403 --> (already translated)
⏭️ Skipping <!-- p404 --> (already translated)
⏭️ Skipping <!-- p405 --> (already translated)
⏭️ Skipping <!-- p406 --> (already translated)
⏭️ Skipping <!-- p407 --> (already translated)
⏭️ Skipping <!-- p408 --> (already translated)
⏭️ Skipping <!-- p409 --> (already translated)
⏭️ Skipping <!-- p410 --> (already translated)
⏭️ Skipping <!-- p411 --> (already translated)
⏭️ Skipping <!-- p412 --> (already translated)
⏭️ Skipping <!-- p413 --> (already translated)
⏭️ Skipping <!-- p414 --> (already translated)
⏭️ Skipping <!-- p415 --> (already translated)
⏭️ Skipping <!-- p416 --> (already translated)
⏭️ Skipping <!-- p417 --> (already translated)
⏭️ Skipping <!-- p418 --> (already translated)
⏭️ Skipping <!-- p419 --> (already translated)
⏭️ Skipping <!-- p420 --> (already translated)
⏭️ Skipping <!-- p421 --> (already translated)
⏭️ Skipping <!-- p422 --> (already translated)
⏭️ Skipping <!-- p423 --> (already translated)
⏭️ Skipping <!-- p424 --> (already translated)
⏭️ Skipping <!-- p425 --> (already translated)
⏭️ Skipping <!-- p426 --> (already translated)
⏭️ Skipping <!-- p427 --> (already translated)
⏭️ Skipping <!-- p428 --> (already translated)
⏭️ Skipping <!-- p429 --> (already translated)
⏭️ Skipping <!-- p430 --> (already translated)
⏭️ Skipping <!-- p431 --> (already translated)
⏭️ Skipping <!-- p432 --> (already translated)
⏭️ Skipping <!-- p433 --> (already translated)
⏭️ Skipping <!-- p434 --> (already translated)
⏭️ Skipping <!-- p435 --> (already translated)
⏭️ Skipping <!-- p436 --> (already translated)
⏭️ Skipping <!-- p437 --> (already translated)
⏭️ Skipping <!-- p438 --> (already translated)
⏭️ Skipping <!-- p439 --> (already translated)
⏭️ Skipping <!-- p440 --> (already translated)
⏭️ Skipping <!-- p441 --> (already translated)
⏭️ Skipping <!-- p442 --> (already translated)
⏭️ Skipping <!-- p443 --> (already translated)
⏭️ Skipping <!-- p444 --> (already translated)
⏭️ Skipping <!-- p445 --> (already translated)
⏭️ Skipping <!-- p446 --> (already translated)
⏭️ Skipping <!-- p447 --> (already translated)
⏭️ Skipping <!-- p448 --> (already translated)
⏭️ Skipping <!-- p449 --> (already translated)
⏭️ Skipping <!-- p450 --> (already translated)
⏭️ Skipping <!-- p451 --> (already translated)
⏭️ Skipping <!-- p452 --> (already translated)
⏭️ Skipping <!-- p453 --> (already translated)
⏭️ Skipping <!-- p454 --> (already translated)
⏭️ Skipping <!-- p455 --> (already translated)
⏭️ Skipping <!-- p456 --> (already translated)
⏭️ Skipping <!-- p457 --> (already translated)
⏭️ Skipping <!-- p458 --> (already translated)
⏭️ Skipping <!-- p459 --> (already translated)
⏭️ Skipping <!-- p460 --> (already translated)
⏭️ Skipping <!-- p461 --> (already translated)
⏭️ Skipping <!-- p462 --> (already translated)
⏭️ Skipping <!-- p463 --> (already translated)
⏭️ Skipping <!-- p464 --> (already translated)
⏭️ Skipping <!-- p465 --> (already translated)
⏭️ Skipping <!-- p466 --> (already translated)
⏭️ Skipping <!-- p467 --> (already translated)
⏭️ Skipping <!-- p468 --> (already translated)
⏭️ Skipping <!-- p469 --> (already translated)
⏭️ Skipping <!-- p470 --> (already translated)
⏭️ Skipping <!-- p471 --> (already translated)
⏭️ Skipping <!-- p472 --> (already translated)
⏭️ Skipping <!-- p473 --> (already translated)
⏭️ Skipping <!-- p474 --> (already translated)
⏭️ Skipping <!-- p475 --> (already translated)
⏭️ Skipping <!-- p476 --> (already translated)
⏭️ Skipping <!-- p477 --> (already translated)
⏭️ Skipping <!-- p478 --> (already translated)
⏭️ Skipping <!-- p479 --> (already translated)
⏭️ Skipping <!-- p480 --> (already translated)
⏭️ Skipping <!-- p481 --> (already translated)
⏭️ Skipping <!-- p482 --> (already translated)
⏭️ Skipping <!-- p483 --> (already translated)
⏭️ Skipping <!-- p484 --> (already translated)
⏭️ Skipping <!-- p485 --> (already translated)
⏭️ Skipping <!-- p486 --> (already translated)
⏭️ Skipping <!-- p487 --> (already translated)
⏭️ Skipping <!-- p488 --> (already translated)
⏭️ Skipping <!-- p489 --> (already translated)
⏭️ Skipping <!-- p490 --> (already translated)
⏭️ Skipping <!-- p491 --> (already translated)
⏭️ Skipping <!-- p492 --> (already translated)
⏭️ Skipping <!-- p493 --> (already translated)
⏭️ Skipping <!-- p494 --> (already translated)
⏭️ Skipping <!-- p495 --> (already translated)
⏭️ Skipping <!-- p496 --> (already translated)
⏭️ Skipping <!-- p497 --> (already translated)
⏭️ Skipping <!-- p498 --> (already translated)
⏭️ Skipping <!-- p499 --> (already translated)
⏭️ Skipping <!-- p500 --> (already translated)
⏭️ Skipping <!-- p501 --> (already translated)
⏭️ Skipping <!-- p502 --> (already translated)
⏭️ Skipping <!-- p503 --> (already translated)
⏭️ Skipping <!-- p504 --> (already translated)
⏭️ Skipping <!-- p505 --> (already translated)
⏭️ Skipping <!-- p506 --> (already translated)
⏭️ Skipping <!-- p507 --> (already translated)
⏭️ Skipping <!-- p508 --> (already translated)
⏭️ Skipping <!-- p509 --> (already translated)
⏭️ Skipping <!-- p510 --> (already translated)
⏭️ Skipping <!-- p511 --> (already translated)
⏭️ Skipping <!-- p512 --> (already translated)
⏭️ Skipping <!-- p513 --> (already translated)
⏭️ Skipping <!-- p514 --> (already translated)
⏭️ Skipping <!-- p515 --> (already translated)
⏭️ Skipping <!-- p516 --> (already translated)
⏭️ Skipping <!-- p517 --> (already translated)
⏭️ Skipping <!-- p518 --> (already translated)
⏭️ Skipping <!-- p519 --> (already translated)
⏭️ Skipping <!-- p520 --> (already translated)
⏭️ Skipping <!-- p521 --> (already translated)
⏭️ Skipping <!-- p522 --> (already translated)
⏭️ Skipping <!-- p523 --> (already translated)
⏭️ Skipping <!-- p524 --> (already translated)
⏭️ Skipping <!-- p525 --> (already translated)
⏭️ Skipping <!-- p526 --> (already translated)
⏭️ Skipping <!-- p527 --> (already translated)
⏭️ Skipping <!-- p528 --> (already translated)
⏭️ Skipping <!-- p529 --> (already translated)
⏭️ Skipping <!-- p530 --> (already translated)
⏭️ Skipping <!-- p531 --> (already translated)
⏭️ Skipping <!-- p532 --> (already translated)
⏭️ Skipping <!-- p533 --> (already translated)
⏭️ Skipping <!-- p534 --> (already translated)
⏭️ Skipping <!-- p535 --> (already translated)
⏭️ Skipping <!-- p536 --> (already translated)
⏭️ Skipping <!-- p537 --> (already translated)
⏭️ Skipping <!-- p538 --> (already translated)
⏭️ Skipping <!-- p539 --> (already translated)
⏭️ Skipping <!-- p540 --> (already translated)
⏭️ Skipping <!-- p541 --> (already translated)
⏭️ Skipping <!-- p542 --> (already translated)
⏭️ Skipping <!-- p543 --> (already translated)
⏭️ Skipping <!-- p544 --> (already translated)
⏭️ Skipping <!-- p545 --> (already translated)
⏭️ Skipping <!-- p546 --> (already translated)
⏭️ Skipping <!-- p547 --> (already translated)
⏭️ Skipping <!-- p548 --> (already translated)
⏭️ Skipping <!-- p549 --> (already translated)
⏭️ Skipping <!-- p550 --> (already translated)
⏭️ Skipping <!-- p551 --> (already translated)
⏭️ Skipping <!-- p552 --> (already translated)
⏭️ Skipping <!-- p553 --> (already translated)
⏭️ Skipping <!-- p554 --> (already translated)
⏭️ Skipping <!-- p555 --> (already translated)
⏭️ Skipping <!-- p556 --> (already translated)
⏭️ Skipping <!-- p557 --> (already translated)
⏭️ Skipping <!-- p558 --> (already translated)
⏭️ Skipping <!-- p559 --> (already translated)
⏭️ Skipping <!-- p560 --> (already translated)
⏭️ Skipping <!-- p561 --> (already translated)
⏭️ Skipping <!-- p562 --> (already translated)
⏭️ Skipping <!-- p563 --> (already translated)
⏭️ Skipping <!-- p564 --> (already translated)
⏭️ Skipping <!-- p565 --> (already translated)
⏭️ Skipping <!-- p566 --> (already translated)
⏭️ Skipping <!-- p567 --> (already translated)
⏭️ Skipping <!-- p568 --> (already translated)
⏭️ Skipping <!-- p569 --> (already translated)
⏭️ Skipping <!-- p570 --> (already translated)
⏭️ Skipping <!-- p571 --> (already translated)
⏭️ Skipping <!-- p572 --> (already translated)
⏭️ Skipping <!-- p573 --> (already translated)
⏭️ Skipping <!-- p574 --> (already translated)
⏭️ Skipping <!-- p575 --> (already translated)
⏭️ Skipping <!-- p576 --> (already translated)
⏭️ Skipping <!-- p577 --> (already translated)
⏭️ Skipping <!-- p578 --> (already translated)
⏭️ Skipping <!-- p579 --> (already translated)
⏭️ Skipping <!-- p580 --> (already translated)
⏭️ Skipping <!-- p581 --> (already translated)
⏭️ Skipping <!-- p582 --> (already translated)
⏭️ Skipping <!-- p583 --> (already translated)
⏭️ Skipping <!-- p584 --> (already translated)
⏭️ Skipping <!-- p585 --> (already translated)
⏭️ Skipping <!-- p586 --> (already translated)
⏭️ Skipping <!-- p587 --> (already translated)
⏭️ Skipping <!-- p588 --> (already translated)
⏭️ Skipping <!-- p589 --> (already translated)
⏭️ Skipping <!-- p590 --> (already translated)
⏭️ Skipping <!-- p591 --> (already translated)
⏭️ Skipping <!-- p592 --> (already translated)
⏭️ Skipping <!-- p593 --> (already translated)
⏭️ Skipping <!-- p594 --> (already translated)
⏭️ Skipping <!-- p595 --> (already translated)
⏭️ Skipping <!-- p596 --> (already translated)
⏭️ Skipping <!-- p597 --> (already translated)
⏭️ Skipping <!-- p598 --> (already translated)
⏭️ Skipping <!-- p599 --> (already translated)
⏭️ Skipping <!-- p600 --> (already translated)
⏭️ Skipping <!-- p601 --> (already translated)
⏭️ Skipping <!-- p602 --> (already translated)
⏭️ Skipping <!-- p603 --> (already translated)
⏭️ Skipping <!-- p604 --> (already translated)
⏭️ Skipping <!-- p605 --> (already translated)
⏭️ Skipping <!-- p606 --> (already translated)
⏭️ Skipping <!-- p607 --> (already translated)
⏭️ Skipping <!-- p608 --> (already translated)
⏭️ Skipping <!-- p609 --> (already translated)
⏭️ Skipping <!-- p610 --> (already translated)
⏭️ Skipping <!-- p611 --> (already translated)
⏭️ Skipping <!-- p612 --> (already translated)
⏭️ Skipping <!-- p613 --> (already translated)
⏭️ Skipping <!-- p614 --> (already translated)
🧮 Token-aware batching: 0 batch(es), budget ~106666 tokens, max batch size 20
✅ Done: /Users/andrew/repo/kli-translation-pipeline_principles-of-faith/japenese/pipeline2/backtranslation/chapters/chapter14_back_4_end_of_chapter_activities.md (0/615 translated)

📘 Processing chapter14_back_5_hearing_the_voice_of_god.md...
📑 Paragraph markers found: 49
⏭️ Skipping <!-- p0 --> (already translated)
⏭️ Skipping <!-- p1 --> (already translated)
⏭️ Skipping <!-- p2 --> (already translated)
⏭️ Skipping <!-- p3 --> (already translated)
⏭️ Skipping <!-- p4 --> (already translated)
⏭️ Skipping <!-- p5 --> (already translated)
⏭️ Skipping <!-- p6 --> (already translated)
⏭️ Skipping <!-- p7 --> (already translated)
⏭️ Skipping <!-- p8 --> (already translated)
⏭️ Skipping <!-- p9 --> (already translated)
⏭️ Skipping <!-- p10 --> (already translated)
⏭️ Skipping <!-- p11 --> (already translated)
⏭️ Skipping <!-- p12 --> (already translated)
⏭️ Skipping <!-- p13 --> (already translated)
⏭️ Skipping <!-- p14 --> (already translated)
⏭️ Skipping <!-- p15 --> (already translated)
⏭️ Skipping <!-- p16 --> (already translated)
⏭️ Skipping <!-- p17 --> (already translated)
⏭️ Skipping <!-- p18 --> (already translated)
⏭️ Skipping <!-- p19 --> (already translated)
⏭️ Skipping <!-- p20 --> (already translated)
⏭️ Skipping <!-- p21 --> (already translated)
⏭️ Skipping <!-- p22 --> (already translated)
⏭️ Skipping <!-- p23 --> (already translated)
⏭️ Skipping <!-- p24 --> (already translated)
⏭️ Skipping <!-- p25 --> (already translated)
⏭️ Skipping <!-- p26 --> (already translated)
⏭️ Skipping <!-- p27 --> (already translated)
⏭️ Skipping <!-- p28 --> (already translated)
⏭️ Skipping <!-- p29 --> (already translated)
⏭️ Skipping <!-- p30 --> (already translated)
⏭️ Skipping <!-- p31 --> (already translated)
⏭️ Skipping <!-- p32 --> (already translated)
⏭️ Skipping <!-- p33 --> (already translated)
⏭️ Skipping <!-- p34 --> (already translated)
⏭️ Skipping <!-- p35 --> (already translated)
⏭️ Skipping <!-- p36 --> (already translated)
⏭️ Skipping <!-- p37 --> (already translated)
⏭️ Skipping <!-- p38 --> (already translated)
⏭️ Skipping <!-- p39 --> (already translated)
⏭️ Skipping <!-- p40 --> (already translated)
⏭️ Skipping <!-- p41 --> (already translated)
⏭️ Skipping <!-- p42 --> (already translated)
⏭️ Skipping <!-- p43 --> (already translated)
⏭️ Skipping <!-- p44 --> (already translated)
⏭️ Skipping <!-- p45 --> (already translated)
⏭️ Skipping <!-- p46 --> (already translated)
⏭️ Skipping <!-- p47 --> (already translated)
⏭️ Skipping <!-- p48 --> (already translated)
🧮 Token-aware batching: 0 batch(es), budget ~106666 tokens, max batch size 20
✅ Done: /Users/andrew/repo/kli-translation-pipeline_principles-of-faith/japenese/pipeline2/backtranslation/chapters/chapter14_back_5_hearing_the_voice_of_god.md (0/49 translated)

📘 Processing chapter14_chapter_14_keep_watch.md...
📑 Paragraph markers found: 109
⏭️ Skipping <!-- p0 --> (already translated)
⏭️ Skipping <!-- p1 --> (already translated)
⏭️ Skipping <!-- p2 --> (already translated)
⏭️ Skipping <!-- p3 --> (already translated)
⏭️ Skipping <!-- p4 --> (already translated)
⏭️ Skipping <!-- p5 --> (already translated)
⏭️ Skipping <!-- p6 --> (already translated)
⏭️ Skipping <!-- p7 --> (already translated)
⏭️ Skipping <!-- p8 --> (already translated)
⏭️ Skipping <!-- p9 --> (already translated)
⏭️ Skipping <!-- p10 --> (already translated)
⏭️ Skipping <!-- p11 --> (already translated)
⏭️ Skipping <!-- p12 --> (already translated)
⏭️ Skipping <!-- p13 --> (already translated)
⏭️ Skipping <!-- p14 --> (already translated)
⏭️ Skipping <!-- p15 --> (already translated)
⏭️ Skipping <!-- p16 --> (already translated)
⏭️ Skipping <!-- p17 --> (already translated)
⏭️ Skipping <!-- p18 --> (already translated)
⏭️ Skipping <!-- p19 --> (already translated)
⏭️ Skipping <!-- p20 --> (already translated)
⏭️ Skipping <!-- p21 --> (already translated)
⏭️ Skipping <!-- p22 --> (already translated)
⏭️ Skipping <!-- p23 --> (already translated)
⏭️ Skipping <!-- p24 --> (already translated)
⏭️ Skipping <!-- p25 --> (already translated)
⏭️ Skipping <!-- p26 --> (already translated)
⏭️ Skipping <!-- p27 --> (already translated)
⏭️ Skipping <!-- p28 --> (already translated)
⏭️ Skipping <!-- p29 --> (already translated)
⏭️ Skipping <!-- p30 --> (already translated)
⏭️ Skipping <!-- p31 --> (already translated)
⏭️ Skipping <!-- p32 --> (already translated)
⏭️ Skipping <!-- p33 --> (already translated)
⏭️ Skipping <!-- p34 --> (already translated)
⏭️ Skipping <!-- p35 --> (already translated)
⏭️ Skipping <!-- p36 --> (already translated)
⏭️ Skipping <!-- p37 --> (already translated)
⏭️ Skipping <!-- p38 --> (already translated)
⏭️ Skipping <!-- p39 --> (already translated)
⏭️ Skipping <!-- p40 --> (already translated)
⏭️ Skipping <!-- p41 --> (already translated)
⏭️ Skipping <!-- p42 --> (already translated)
⏭️ Skipping <!-- p43 --> (already translated)
⏭️ Skipping <!-- p44 --> (already translated)
⏭️ Skipping <!-- p45 --> (already translated)
⏭️ Skipping <!-- p46 --> (already translated)
⏭️ Skipping <!-- p47 --> (already translated)
⏭️ Skipping <!-- p48 --> (already translated)
⏭️ Skipping <!-- p49 --> (already translated)
⏭️ Skipping <!-- p50 --> (already translated)
⏭️ Skipping <!-- p51 --> (already translated)
⏭️ Skipping <!-- p52 --> (already translated)
⏭️ Skipping <!-- p53 --> (already translated)
⏭️ Skipping <!-- p54 --> (already translated)
⏭️ Skipping <!-- p55 --> (already translated)
⏭️ Skipping <!-- p56 --> (already translated)
⏭️ Skipping <!-- p57 --> (already translated)
⏭️ Skipping <!-- p58 --> (already translated)
⏭️ Skipping <!-- p59 --> (already translated)
⏭️ Skipping <!-- p60 --> (already translated)
⏭️ Skipping <!-- p61 --> (already translated)
⏭️ Skipping <!-- p62 --> (already translated)
⏭️ Skipping <!-- p63 --> (already translated)
⏭️ Skipping <!-- p64 --> (already translated)
⏭️ Skipping <!-- p65 --> (already translated)
⏭️ Skipping <!-- p66 --> (already translated)
⏭️ Skipping <!-- p67 --> (already translated)
⏭️ Skipping <!-- p68 --> (already translated)
⏭️ Skipping <!-- p69 --> (already translated)
⏭️ Skipping <!-- p70 --> (already translated)
⏭️ Skipping <!-- p71 --> (already translated)
⏭️ Skipping <!-- p72 --> (already translated)
⏭️ Skipping <!-- p73 --> (already translated)
⏭️ Skipping <!-- p74 --> (already translated)
⏭️ Skipping <!-- p75 --> (already translated)
⏭️ Skipping <!-- p76 --> (already translated)
⏭️ Skipping <!-- p77 --> (already translated)
⏭️ Skipping <!-- p78 --> (already translated)
⏭️ Skipping <!-- p79 --> (already translated)
⏭️ Skipping <!-- p80 --> (already translated)
⏭️ Skipping <!-- p81 --> (already translated)
⏭️ Skipping <!-- p82 --> (already translated)
⏭️ Skipping <!-- p83 --> (already translated)
⏭️ Skipping <!-- p84 --> (already translated)
⏭️ Skipping <!-- p85 --> (already translated)
⏭️ Skipping <!-- p86 --> (already translated)
⏭️ Skipping <!-- p87 --> (already translated)
⏭️ Skipping <!-- p88 --> (already translated)
⏭️ Skipping <!-- p89 --> (already translated)
⏭️ Skipping <!-- p90 --> (already translated)
⏭️ Skipping <!-- p91 --> (already translated)
⏭️ Skipping <!-- p92 --> (already translated)
⏭️ Skipping <!-- p93 --> (already translated)
⏭️ Skipping <!-- p94 --> (already translated)
⏭️ Skipping <!-- p95 --> (already translated)
⏭️ Skipping <!-- p96 --> (already translated)
⏭️ Skipping <!-- p97 --> (already translated)
⏭️ Skipping <!-- p98 --> (already translated)
⏭️ Skipping <!-- p99 --> (already translated)
⏭️ Skipping <!-- p100 --> (already translated)
⏭️ Skipping <!-- p101 --> (already translated)
⏭️ Skipping <!-- p102 --> (already translated)
⏭️ Skipping <!-- p103 --> (already translated)
⏭️ Skipping <!-- p104 --> (already translated)
⏭️ Skipping <!-- p105 --> (already translated)
⏭️ Skipping <!-- p106 --> (already translated)
⏭️ Skipping <!-- p107 --> (already translated)
⏭️ Skipping <!-- p108 --> (already translated)
🧮 Token-aware batching: 0 batch(es), budget ~106666 tokens, max batch size 20
✅ Done: /Users/andrew/repo/kli-translation-pipeline_principles-of-faith/japenese/pipeline2/backtranslation/chapters/chapter14_chapter_14_keep_watch.md (0/109 translated)

📘 Processing chapter1_chapter_1_sound_doctrine_matters.md...
📑 Paragraph markers found: 116
⏭️ Skipping <!-- p0 --> (already translated)
⏭️ Skipping <!-- p1 --> (already translated)
⏭️ Skipping <!-- p2 --> (already translated)
⏭️ Skipping <!-- p3 --> (already translated)
⏭️ Skipping <!-- p4 --> (already translated)
⏭️ Skipping <!-- p5 --> (already translated)
⏭️ Skipping <!-- p6 --> (already translated)
⏭️ Skipping <!-- p7 --> (already translated)
⏭️ Skipping <!-- p8 --> (already translated)
⏭️ Skipping <!-- p9 --> (already translated)
⏭️ Skipping <!-- p10 --> (already translated)
⏭️ Skipping <!-- p11 --> (already translated)
⏭️ Skipping <!-- p12 --> (already translated)
⏭️ Skipping <!-- p13 --> (already translated)
⏭️ Skipping <!-- p14 --> (already translated)
⏭️ Skipping <!-- p15 --> (already translated)
⏭️ Skipping <!-- p16 --> (already translated)
⏭️ Skipping <!-- p17 --> (already translated)
⏭️ Skipping <!-- p18 --> (already translated)
⏭️ Skipping <!-- p19 --> (already translated)
⏭️ Skipping <!-- p20 --> (already translated)
⏭️ Skipping <!-- p21 --> (already translated)
⏭️ Skipping <!-- p22 --> (already translated)
⏭️ Skipping <!-- p23 --> (already translated)
⏭️ Skipping <!-- p24 --> (already translated)
⏭️ Skipping <!-- p25 --> (already translated)
⏭️ Skipping <!-- p26 --> (already translated)
⏭️ Skipping <!-- p27 --> (already translated)
⏭️ Skipping <!-- p28 --> (already translated)
⏭️ Skipping <!-- p29 --> (already translated)
⏭️ Skipping <!-- p30 --> (already translated)
⏭️ Skipping <!-- p31 --> (already translated)
⏭️ Skipping <!-- p32 --> (already translated)
⏭️ Skipping <!-- p33 --> (already translated)
⏭️ Skipping <!-- p34 --> (already translated)
⏭️ Skipping <!-- p35 --> (already translated)
⏭️ Skipping <!-- p36 --> (already translated)
⏭️ Skipping <!-- p37 --> (already translated)
⏭️ Skipping <!-- p38 --> (already translated)
⏭️ Skipping <!-- p39 --> (already translated)
⏭️ Skipping <!-- p40 --> (already translated)
⏭️ Skipping <!-- p41 --> (already translated)
⏭️ Skipping <!-- p42 --> (already translated)
⏭️ Skipping <!-- p43 --> (already translated)
⏭️ Skipping <!-- p44 --> (already translated)
⏭️ Skipping <!-- p45 --> (already translated)
⏭️ Skipping <!-- p46 --> (already translated)
⏭️ Skipping <!-- p47 --> (already translated)
⏭️ Skipping <!-- p48 --> (already translated)
⏭️ Skipping <!-- p49 --> (already translated)
⏭️ Skipping <!-- p50 --> (already translated)
⏭️ Skipping <!-- p51 --> (already translated)
⏭️ Skipping <!-- p52 --> (already translated)
⏭️ Skipping <!-- p53 --> (already translated)
⏭️ Skipping <!-- p54 --> (already translated)
⏭️ Skipping <!-- p55 --> (already translated)
⏭️ Skipping <!-- p56 --> (already translated)
⏭️ Skipping <!-- p57 --> (already translated)
⏭️ Skipping <!-- p60 --> (already translated)
⏭️ Skipping <!-- p61 --> (already translated)
⏭️ Skipping <!-- p80 --> (already translated)
⏭️ Skipping <!-- p81 --> (already translated)
⏭️ Skipping <!-- p82 --> (already translated)
⏭️ Skipping <!-- p83 --> (already translated)
⏭️ Skipping <!-- p84 --> (already translated)
⏭️ Skipping <!-- p85 --> (already translated)
⏭️ Skipping <!-- p86 --> (already translated)
⏭️ Skipping <!-- p87 --> (already translated)
⏭️ Skipping <!-- p88 --> (already translated)
⏭️ Skipping <!-- p89 --> (already translated)
⏭️ Skipping <!-- p90 --> (already translated)
⏭️ Skipping <!-- p91 --> (already translated)
⏭️ Skipping <!-- p92 --> (already translated)
⏭️ Skipping <!-- p93 --> (already translated)
⏭️ Skipping <!-- p94 --> (already translated)
⏭️ Skipping <!-- p95 --> (already translated)
⏭️ Skipping <!-- p96 --> (already translated)
⏭️ Skipping <!-- p97 --> (already translated)
⏭️ Skipping <!-- p98 --> (already translated)
⏭️ Skipping <!-- p99 --> (already translated)
⏭️ Skipping <!-- p100 --> (already translated)
⏭️ Skipping <!-- p101 --> (already translated)
⏭️ Skipping <!-- p102 --> (already translated)
⏭️ Skipping <!-- p103 --> (already translated)
⏭️ Skipping <!-- p104 --> (already translated)
⏭️ Skipping <!-- p105 --> (already translated)
⏭️ Skipping <!-- p106 --> (already translated)
⏭️ Skipping <!-- p107 --> (already translated)
⏭️ Skipping <!-- p108 --> (already translated)
⏭️ Skipping <!-- p109 --> (already translated)
⏭️ Skipping <!-- p110 --> (already translated)
⏭️ Skipping <!-- p111 --> (already translated)
⏭️ Skipping <!-- p112 --> (already translated)
⏭️ Skipping <!-- p113 --> (already translated)
⏭️ Skipping <!-- p114 --> (already translated)
⏭️ Skipping <!-- p115 --> (already translated)
🧮 Token-aware batching: 1 batch(es), budget ~106666 tokens, max batch size 20
🟦 Translating batch 1/1 (20 paras, ~1663 tokens input)...
✅ Done: /Users/andrew/repo/kli-translation-pipeline_principles-of-faith/japenese/pipeline2/backtranslation/chapters/chapter1_chapter_1_sound_doctrine_matters.md (20/116 translated)

📘 Processing chapter2_chapter_2_god_eternal_creator_and_loving_father.md...
📑 Paragraph markers found: 70
⏭️ Skipping <!-- p0 --> (already translated)
⏭️ Skipping <!-- p1 --> (already translated)
⏭️ Skipping <!-- p2 --> (already translated)
⏭️ Skipping <!-- p3 --> (already translated)
⏭️ Skipping <!-- p4 --> (already translated)
⏭️ Skipping <!-- p5 --> (already translated)
⏭️ Skipping <!-- p6 --> (already translated)
⏭️ Skipping <!-- p7 --> (already translated)
⏭️ Skipping <!-- p8 --> (already translated)
⏭️ Skipping <!-- p9 --> (already translated)
⏭️ Skipping <!-- p10 --> (already translated)
⏭️ Skipping <!-- p11 --> (already translated)
⏭️ Skipping <!-- p12 --> (already translated)
⏭️ Skipping <!-- p13 --> (already translated)
⏭️ Skipping <!-- p14 --> (already translated)
⏭️ Skipping <!-- p15 --> (already translated)
⏭️ Skipping <!-- p16 --> (already translated)
⏭️ Skipping <!-- p17 --> (already translated)
⏭️ Skipping <!-- p18 --> (already translated)
⏭️ Skipping <!-- p19 --> (already translated)
⏭️ Skipping <!-- p20 --> (already translated)
⏭️ Skipping <!-- p21 --> (already translated)
⏭️ Skipping <!-- p22 --> (already translated)
⏭️ Skipping <!-- p23 --> (already translated)
⏭️ Skipping <!-- p24 --> (already translated)
⏭️ Skipping <!-- p25 --> (already translated)
⏭️ Skipping <!-- p26 --> (already translated)
⏭️ Skipping <!-- p27 --> (already translated)
⏭️ Skipping <!-- p28 --> (already translated)
⏭️ Skipping <!-- p29 --> (already translated)
⏭️ Skipping <!-- p30 --> (already translated)
⏭️ Skipping <!-- p31 --> (already translated)
⏭️ Skipping <!-- p32 --> (already translated)
⏭️ Skipping <!-- p33 --> (already translated)
⏭️ Skipping <!-- p34 --> (already translated)
⏭️ Skipping <!-- p35 --> (already translated)
⏭️ Skipping <!-- p36 --> (already translated)
⏭️ Skipping <!-- p37 --> (already translated)
⏭️ Skipping <!-- p38 --> (already translated)
⏭️ Skipping <!-- p39 --> (already translated)
⏭️ Skipping <!-- p40 --> (already translated)
⏭️ Skipping <!-- p41 --> (already translated)
⏭️ Skipping <!-- p42 --> (already translated)
⏭️ Skipping <!-- p43 --> (already translated)
⏭️ Skipping <!-- p44 --> (already translated)
⏭️ Skipping <!-- p45 --> (already translated)
⏭️ Skipping <!-- p46 --> (already translated)
⏭️ Skipping <!-- p47 --> (already translated)
⏭️ Skipping <!-- p48 --> (already translated)
⏭️ Skipping <!-- p49 --> (already translated)
⏭️ Skipping <!-- p50 --> (already translated)
⏭️ Skipping <!-- p51 --> (already translated)
⏭️ Skipping <!-- p52 --> (already translated)
⏭️ Skipping <!-- p53 --> (already translated)
⏭️ Skipping <!-- p54 --> (already translated)
⏭️ Skipping <!-- p55 --> (already translated)
⏭️ Skipping <!-- p56 --> (already translated)
⏭️ Skipping <!-- p57 --> (already translated)
⏭️ Skipping <!-- p58 --> (already translated)
⏭️ Skipping <!-- p59 --> (already translated)
⏭️ Skipping <!-- p60 --> (already translated)
⏭️ Skipping <!-- p61 --> (already translated)
⏭️ Skipping <!-- p62 --> (already translated)
⏭️ Skipping <!-- p63 --> (already translated)
⏭️ Skipping <!-- p64 --> (already translated)
⏭️ Skipping <!-- p65 --> (already translated)
⏭️ Skipping <!-- p66 --> (already translated)
⏭️ Skipping <!-- p67 --> (already translated)
⏭️ Skipping <!-- p68 --> (already translated)
⏭️ Skipping <!-- p69 --> (already translated)
🧮 Token-aware batching: 0 batch(es), budget ~106666 tokens, max batch size 20
✅ Done: /Users/andrew/repo/kli-translation-pipeline_principles-of-faith/japenese/pipeline2/backtranslation/chapters/chapter2_chapter_2_god_eternal_creator_and_loving_father.md (0/70 translated)

📘 Processing chapter3_chapter_3_sin_and_redemption.md...
📑 Paragraph markers found: 111
⏭️ Skipping <!-- p0 --> (already translated)
⏭️ Skipping <!-- p1 --> (already translated)
⏭️ Skipping <!-- p2 --> (already translated)
⏭️ Skipping <!-- p3 --> (already translated)
⏭️ Skipping <!-- p4 --> (already translated)
⏭️ Skipping <!-- p5 --> (already translated)
⏭️ Skipping <!-- p6 --> (already translated)
⏭️ Skipping <!-- p7 --> (already translated)
⏭️ Skipping <!-- p8 --> (already translated)
⏭️ Skipping <!-- p9 --> (already translated)
⏭️ Skipping <!-- p10 --> (already translated)
⏭️ Skipping <!-- p11 --> (already translated)
⏭️ Skipping <!-- p12 --> (already translated)
⏭️ Skipping <!-- p13 --> (already translated)
⏭️ Skipping <!-- p14 --> (already translated)
⏭️ Skipping <!-- p15 --> (already translated)
⏭️ Skipping <!-- p16 --> (already translated)
⏭️ Skipping <!-- p17 --> (already translated)
⏭️ Skipping <!-- p18 --> (already translated)
⏭️ Skipping <!-- p19 --> (already translated)
⏭️ Skipping <!-- p20 --> (already translated)
⏭️ Skipping <!-- p21 --> (already translated)
⏭️ Skipping <!-- p22 --> (already translated)
⏭️ Skipping <!-- p23 --> (already translated)
⏭️ Skipping <!-- p24 --> (already translated)
⏭️ Skipping <!-- p25 --> (already translated)
⏭️ Skipping <!-- p26 --> (already translated)
⏭️ Skipping <!-- p27 --> (already translated)
⏭️ Skipping <!-- p28 --> (already translated)
⏭️ Skipping <!-- p29 --> (already translated)
⏭️ Skipping <!-- p30 --> (already translated)
⏭️ Skipping <!-- p31 --> (already translated)
⏭️ Skipping <!-- p32 --> (already translated)
⏭️ Skipping <!-- p33 --> (already translated)
⏭️ Skipping <!-- p34 --> (already translated)
⏭️ Skipping <!-- p35 --> (already translated)
⏭️ Skipping <!-- p36 --> (already translated)
⏭️ Skipping <!-- p37 --> (already translated)
⏭️ Skipping <!-- p38 --> (already translated)
⏭️ Skipping <!-- p39 --> (already translated)
⏭️ Skipping <!-- p40 --> (already translated)
⏭️ Skipping <!-- p41 --> (already translated)
⏭️ Skipping <!-- p42 --> (already translated)
⏭️ Skipping <!-- p43 --> (already translated)
⏭️ Skipping <!-- p44 --> (already translated)
⏭️ Skipping <!-- p45 --> (already translated)
⏭️ Skipping <!-- p46 --> (already translated)
⏭️ Skipping <!-- p47 --> (already translated)
⏭️ Skipping <!-- p48 --> (already translated)
⏭️ Skipping <!-- p49 --> (already translated)
⏭️ Skipping <!-- p60 --> (already translated)
⏭️ Skipping <!-- p61 --> (already translated)
⏭️ Skipping <!-- p62 --> (already translated)
⏭️ Skipping <!-- p63 --> (already translated)
⏭️ Skipping <!-- p64 --> (already translated)
⏭️ Skipping <!-- p65 --> (already translated)
⏭️ Skipping <!-- p66 --> (already translated)
⏭️ Skipping <!-- p67 --> (already translated)
⏭️ Skipping <!-- p68 --> (already translated)
⏭️ Skipping <!-- p69 --> (already translated)
⏭️ Skipping <!-- p70 --> (already translated)
⏭️ Skipping <!-- p71 --> (already translated)
⏭️ Skipping <!-- p72 --> (already translated)
⏭️ Skipping <!-- p73 --> (already translated)
⏭️ Skipping <!-- p74 --> (already translated)
⏭️ Skipping <!-- p75 --> (already translated)
⏭️ Skipping <!-- p76 --> (already translated)
⏭️ Skipping <!-- p77 --> (already translated)
⏭️ Skipping <!-- p78 --> (already translated)
⏭️ Skipping <!-- p79 --> (already translated)
⏭️ Skipping <!-- p80 --> (already translated)
⏭️ Skipping <!-- p81 --> (already translated)
⏭️ Skipping <!-- p82 --> (already translated)
⏭️ Skipping <!-- p87 --> (already translated)
⏭️ Skipping <!-- p88 --> (already translated)
⏭️ Skipping <!-- p89 --> (already translated)
⏭️ Skipping <!-- p90 --> (already translated)
⏭️ Skipping <!-- p91 --> (already translated)
⏭️ Skipping <!-- p92 --> (already translated)
⏭️ Skipping <!-- p93 --> (already translated)
⏭️ Skipping <!-- p94 --> (already translated)
⏭️ Skipping <!-- p95 --> (already translated)
⏭️ Skipping <!-- p96 --> (already translated)
⏭️ Skipping <!-- p97 --> (already translated)
⏭️ Skipping <!-- p98 --> (already translated)
⏭️ Skipping <!-- p99 --> (already translated)
⏭️ Skipping <!-- p100 --> (already translated)
⏭️ Skipping <!-- p101 --> (already translated)
⏭️ Skipping <!-- p102 --> (already translated)
⏭️ Skipping <!-- p103 --> (already translated)
⏭️ Skipping <!-- p104 --> (already translated)
⏭️ Skipping <!-- p105 --> (already translated)
⏭️ Skipping <!-- p106 --> (already translated)
⏭️ Skipping <!-- p107 --> (already translated)
⏭️ Skipping <!-- p108 --> (already translated)
⏭️ Skipping <!-- p109 --> (already translated)
⏭️ Skipping <!-- p110 --> (already translated)
⏭️ Skipping <!-- p111 --> (already translated)
⏭️ Skipping <!-- p112 --> (already translated)
⏭️ Skipping <!-- p113 --> (already translated)
⏭️ Skipping <!-- p114 --> (already translated)
🧮 Token-aware batching: 1 batch(es), budget ~106666 tokens, max batch size 20
🟦 Translating batch 1/1 (10 paras, ~585 tokens input)...
✅ Done: /Users/andrew/repo/kli-translation-pipeline_principles-of-faith/japenese/pipeline2/backtranslation/chapters/chapter3_chapter_3_sin_and_redemption.md (10/111 translated)

📘 Processing chapter4_chapter_4_jesus_the_messiah.md...
📑 Paragraph markers found: 105
⏭️ Skipping <!-- p0 --> (already translated)
⏭️ Skipping <!-- p1 --> (already translated)
⏭️ Skipping <!-- p2 --> (already translated)
⏭️ Skipping <!-- p3 --> (already translated)
⏭️ Skipping <!-- p4 --> (already translated)
⏭️ Skipping <!-- p5 --> (already translated)
⏭️ Skipping <!-- p6 --> (already translated)
⏭️ Skipping <!-- p7 --> (already translated)
⏭️ Skipping <!-- p8 --> (already translated)
⏭️ Skipping <!-- p9 --> (already translated)
⏭️ Skipping <!-- p10 --> (already translated)
⏭️ Skipping <!-- p11 --> (already translated)
⏭️ Skipping <!-- p12 --> (already translated)
⏭️ Skipping <!-- p13 --> (already translated)
⏭️ Skipping <!-- p14 --> (already translated)
⏭️ Skipping <!-- p15 --> (already translated)
⏭️ Skipping <!-- p16 --> (already translated)
⏭️ Skipping <!-- p17 --> (already translated)
⏭️ Skipping <!-- p18 --> (already translated)
⏭️ Skipping <!-- p19 --> (already translated)
⏭️ Skipping <!-- p20 --> (already translated)
⏭️ Skipping <!-- p21 --> (already translated)
⏭️ Skipping <!-- p22 --> (already translated)
⏭️ Skipping <!-- p23 --> (already translated)
⏭️ Skipping <!-- p24 --> (already translated)
⏭️ Skipping <!-- p25 --> (already translated)
⏭️ Skipping <!-- p26 --> (already translated)
⏭️ Skipping <!-- p27 --> (already translated)
⏭️ Skipping <!-- p28 --> (already translated)
⏭️ Skipping <!-- p29 --> (already translated)
⏭️ Skipping <!-- p30 --> (already translated)
⏭️ Skipping <!-- p31 --> (already translated)
⏭️ Skipping <!-- p32 --> (already translated)
⏭️ Skipping <!-- p33 --> (already translated)
⏭️ Skipping <!-- p34 --> (already translated)
⏭️ Skipping <!-- p35 --> (already translated)
⏭️ Skipping <!-- p36 --> (already translated)
⏭️ Skipping <!-- p37 --> (already translated)
⏭️ Skipping <!-- p38 --> (already translated)
⏭️ Skipping <!-- p39 --> (already translated)
⏭️ Skipping <!-- p40 --> (already translated)
⏭️ Skipping <!-- p41 --> (already translated)
⏭️ Skipping <!-- p42 --> (already translated)
⏭️ Skipping <!-- p43 --> (already translated)
⏭️ Skipping <!-- p44 --> (already translated)
⏭️ Skipping <!-- p45 --> (already translated)
⏭️ Skipping <!-- p46 --> (already translated)
⏭️ Skipping <!-- p47 --> (already translated)
⏭️ Skipping <!-- p48 --> (already translated)
⏭️ Skipping <!-- p49 --> (already translated)
⏭️ Skipping <!-- p50 --> (already translated)
⏭️ Skipping <!-- p51 --> (already translated)
⏭️ Skipping <!-- p52 --> (already translated)
⏭️ Skipping <!-- p53 --> (already translated)
⏭️ Skipping <!-- p54 --> (already translated)
⏭️ Skipping <!-- p55 --> (already translated)
⏭️ Skipping <!-- p56 --> (already translated)
⏭️ Skipping <!-- p57 --> (already translated)
⏭️ Skipping <!-- p58 --> (already translated)
⏭️ Skipping <!-- p59 --> (already translated)
⏭️ Skipping <!-- p60 --> (already translated)
⏭️ Skipping <!-- p61 --> (already translated)
⏭️ Skipping <!-- p62 --> (already translated)
⏭️ Skipping <!-- p63 --> (already translated)
⏭️ Skipping <!-- p64 --> (already translated)
⏭️ Skipping <!-- p65 --> (already translated)
⏭️ Skipping <!-- p66 --> (already translated)
⏭️ Skipping <!-- p67 --> (already translated)
⏭️ Skipping <!-- p68 --> (already translated)
⏭️ Skipping <!-- p69 --> (already translated)
⏭️ Skipping <!-- p70 --> (already translated)
⏭️ Skipping <!-- p71 --> (already translated)
⏭️ Skipping <!-- p72 --> (already translated)
⏭️ Skipping <!-- p73 --> (already translated)
⏭️ Skipping <!-- p74 --> (already translated)
⏭️ Skipping <!-- p75 --> (already translated)
⏭️ Skipping <!-- p76 --> (already translated)
⏭️ Skipping <!-- p77 --> (already translated)
⏭️ Skipping <!-- p78 --> (already translated)
⏭️ Skipping <!-- p79 --> (already translated)
⏭️ Skipping <!-- p80 --> (already translated)
⏭️ Skipping <!-- p81 --> (already translated)
⏭️ Skipping <!-- p82 --> (already translated)
⏭️ Skipping <!-- p83 --> (already translated)
⏭️ Skipping <!-- p84 --> (already translated)
⏭️ Skipping <!-- p85 --> (already translated)
⏭️ Skipping <!-- p86 --> (already translated)
⏭️ Skipping <!-- p87 --> (already translated)
⏭️ Skipping <!-- p88 --> (already translated)
⏭️ Skipping <!-- p89 --> (already translated)
⏭️ Skipping <!-- p90 --> (already translated)
⏭️ Skipping <!-- p91 --> (already translated)
⏭️ Skipping <!-- p92 --> (already translated)
⏭️ Skipping <!-- p93 --> (already translated)
⏭️ Skipping <!-- p94 --> (already translated)
⏭️ Skipping <!-- p95 --> (already translated)
⏭️ Skipping <!-- p96 --> (already translated)
⏭️ Skipping <!-- p97 --> (already translated)
⏭️ Skipping <!-- p98 --> (already translated)
⏭️ Skipping <!-- p99 --> (already translated)
⏭️ Skipping <!-- p100 --> (already translated)
⏭️ Skipping <!-- p101 --> (already translated)
⏭️ Skipping <!-- p102 --> (already translated)
⏭️ Skipping <!-- p103 --> (already translated)
⏭️ Skipping <!-- p104 --> (already translated)
🧮 Token-aware batching: 0 batch(es), budget ~106666 tokens, max batch size 20
✅ Done: /Users/andrew/repo/kli-translation-pipeline_principles-of-faith/japenese/pipeline2/backtranslation/chapters/chapter4_chapter_4_jesus_the_messiah.md (0/105 translated)

📘 Processing chapter5_chapter_5_repentance_from_dead_works.md...
📑 Paragraph markers found: 148
⏭️ Skipping <!-- p0 --> (already translated)
⏭️ Skipping <!-- p1 --> (already translated)
⏭️ Skipping <!-- p2 --> (already translated)
⏭️ Skipping <!-- p3 --> (already translated)
⏭️ Skipping <!-- p4 --> (already translated)
⏭️ Skipping <!-- p5 --> (already translated)
⏭️ Skipping <!-- p6 --> (already translated)
⏭️ Skipping <!-- p7 --> (already translated)
⏭️ Skipping <!-- p8 --> (already translated)
⏭️ Skipping <!-- p9 --> (already translated)
⏭️ Skipping <!-- p10 --> (already translated)
⏭️ Skipping <!-- p11 --> (already translated)
⏭️ Skipping <!-- p12 --> (already translated)
⏭️ Skipping <!-- p13 --> (already translated)
⏭️ Skipping <!-- p14 --> (already translated)
⏭️ Skipping <!-- p15 --> (already translated)
⏭️ Skipping <!-- p16 --> (already translated)
⏭️ Skipping <!-- p17 --> (already translated)
⏭️ Skipping <!-- p18 --> (already translated)
⏭️ Skipping <!-- p19 --> (already translated)
⏭️ Skipping <!-- p20 --> (already translated)
⏭️ Skipping <!-- p21 --> (already translated)
⏭️ Skipping <!-- p22 --> (already translated)
⏭️ Skipping <!-- p23 --> (already translated)
⏭️ Skipping <!-- p24 --> (already translated)
⏭️ Skipping <!-- p25 --> (already translated)
⏭️ Skipping <!-- p26 --> (already translated)
⏭️ Skipping <!-- p27 --> (already translated)
⏭️ Skipping <!-- p28 --> (already translated)
⏭️ Skipping <!-- p29 --> (already translated)
⏭️ Skipping <!-- p30 --> (already translated)
⏭️ Skipping <!-- p31 --> (already translated)
⏭️ Skipping <!-- p32 --> (already translated)
⏭️ Skipping <!-- p33 --> (already translated)
⏭️ Skipping <!-- p34 --> (already translated)
⏭️ Skipping <!-- p35 --> (already translated)
⏭️ Skipping <!-- p36 --> (already translated)
⏭️ Skipping <!-- p37 --> (already translated)
⏭️ Skipping <!-- p38 --> (already translated)
⏭️ Skipping <!-- p39 --> (already translated)
⏭️ Skipping <!-- p40 --> (already translated)
⏭️ Skipping <!-- p41 --> (already translated)
⏭️ Skipping <!-- p42 --> (already translated)
⏭️ Skipping <!-- p43 --> (already translated)
⏭️ Skipping <!-- p44 --> (already translated)
⏭️ Skipping <!-- p45 --> (already translated)
⏭️ Skipping <!-- p46 --> (already translated)
⏭️ Skipping <!-- p47 --> (already translated)
⏭️ Skipping <!-- p48 --> (already translated)
⏭️ Skipping <!-- p49 --> (already translated)
⏭️ Skipping <!-- p50 --> (already translated)
⏭️ Skipping <!-- p51 --> (already translated)
⏭️ Skipping <!-- p52 --> (already translated)
⏭️ Skipping <!-- p53 --> (already translated)
⏭️ Skipping <!-- p54 --> (already translated)
⏭️ Skipping <!-- p55 --> (already translated)
⏭️ Skipping <!-- p56 --> (already translated)
⏭️ Skipping <!-- p57 --> (already translated)
⏭️ Skipping <!-- p58 --> (already translated)
⏭️ Skipping <!-- p59 --> (already translated)
⏭️ Skipping <!-- p60 --> (already translated)
⏭️ Skipping <!-- p61 --> (already translated)
⏭️ Skipping <!-- p62 --> (already translated)
⏭️ Skipping <!-- p63 --> (already translated)
⏭️ Skipping <!-- p64 --> (already translated)
⏭️ Skipping <!-- p65 --> (already translated)
⏭️ Skipping <!-- p66 --> (already translated)
⏭️ Skipping <!-- p67 --> (already translated)
⏭️ Skipping <!-- p68 --> (already translated)
⏭️ Skipping <!-- p69 --> (already translated)
⏭️ Skipping <!-- p70 --> (already translated)
⏭️ Skipping <!-- p71 --> (already translated)
⏭️ Skipping <!-- p72 --> (already translated)
⏭️ Skipping <!-- p73 --> (already translated)
⏭️ Skipping <!-- p74 --> (already translated)
⏭️ Skipping <!-- p75 --> (already translated)
⏭️ Skipping <!-- p76 --> (already translated)
⏭️ Skipping <!-- p77 --> (already translated)
⏭️ Skipping <!-- p78 --> (already translated)
⏭️ Skipping <!-- p79 --> (already translated)
⏭️ Skipping <!-- p80 --> (already translated)
⏭️ Skipping <!-- p81 --> (already translated)
⏭️ Skipping <!-- p82 --> (already translated)
⏭️ Skipping <!-- p83 --> (already translated)
⏭️ Skipping <!-- p84 --> (already translated)
⏭️ Skipping <!-- p85 --> (already translated)
⏭️ Skipping <!-- p86 --> (already translated)
⏭️ Skipping <!-- p87 --> (already translated)
⏭️ Skipping <!-- p88 --> (already translated)
⏭️ Skipping <!-- p89 --> (already translated)
⏭️ Skipping <!-- p90 --> (already translated)
⏭️ Skipping <!-- p91 --> (already translated)
⏭️ Skipping <!-- p92 --> (already translated)
⏭️ Skipping <!-- p93 --> (already translated)
⏭️ Skipping <!-- p94 --> (already translated)
⏭️ Skipping <!-- p95 --> (already translated)
⏭️ Skipping <!-- p96 --> (already translated)
⏭️ Skipping <!-- p97 --> (already translated)
⏭️ Skipping <!-- p98 --> (already translated)
⏭️ Skipping <!-- p99 --> (already translated)
⏭️ Skipping <!-- p100 --> (already translated)
⏭️ Skipping <!-- p101 --> (already translated)
⏭️ Skipping <!-- p102 --> (already translated)
⏭️ Skipping <!-- p103 --> (already translated)
⏭️ Skipping <!-- p104 --> (already translated)
⏭️ Skipping <!-- p105 --> (already translated)
⏭️ Skipping <!-- p106 --> (already translated)
⏭️ Skipping <!-- p107 --> (already translated)
⏭️ Skipping <!-- p108 --> (already translated)
⏭️ Skipping <!-- p109 --> (already translated)
⏭️ Skipping <!-- p110 --> (already translated)
⏭️ Skipping <!-- p111 --> (already translated)
⏭️ Skipping <!-- p112 --> (already translated)
⏭️ Skipping <!-- p113 --> (already translated)
⏭️ Skipping <!-- p114 --> (already translated)
⏭️ Skipping <!-- p115 --> (already translated)
⏭️ Skipping <!-- p116 --> (already translated)
⏭️ Skipping <!-- p117 --> (already translated)
⏭️ Skipping <!-- p120 --> (already translated)
⏭️ Skipping <!-- p121 --> (already translated)
⏭️ Skipping <!-- p122 --> (already translated)
⏭️ Skipping <!-- p123 --> (already translated)
⏭️ Skipping <!-- p124 --> (already translated)
⏭️ Skipping <!-- p125 --> (already translated)
⏭️ Skipping <!-- p126 --> (already translated)
⏭️ Skipping <!-- p127 --> (already translated)
⏭️ Skipping <!-- p128 --> (already translated)
⏭️ Skipping <!-- p129 --> (already translated)
⏭️ Skipping <!-- p130 --> (already translated)
⏭️ Skipping <!-- p131 --> (already translated)
⏭️ Skipping <!-- p132 --> (already translated)
⏭️ Skipping <!-- p133 --> (already translated)
⏭️ Skipping <!-- p134 --> (already translated)
⏭️ Skipping <!-- p135 --> (already translated)
⏭️ Skipping <!-- p136 --> (already translated)
⏭️ Skipping <!-- p137 --> (already translated)
⏭️ Skipping <!-- p138 --> (already translated)
⏭️ Skipping <!-- p139 --> (already translated)
⏭️ Skipping <!-- p140 --> (already translated)
⏭️ Skipping <!-- p141 --> (already translated)
⏭️ Skipping <!-- p142 --> (already translated)
⏭️ Skipping <!-- p143 --> (already translated)
⏭️ Skipping <!-- p144 --> (already translated)
⏭️ Skipping <!-- p145 --> (already translated)
⏭️ Skipping <!-- p146 --> (already translated)
⏭️ Skipping <!-- p147 --> (already translated)
🧮 Token-aware batching: 1 batch(es), budget ~106666 tokens, max batch size 20
🟦 Translating batch 1/1 (2 paras, ~138 tokens input)...
✅ Done: /Users/andrew/repo/kli-translation-pipeline_principles-of-faith/japenese/pipeline2/backtranslation/chapters/chapter5_chapter_5_repentance_from_dead_works.md (2/148 translated)

📘 Processing chapter6_chapter_6_faith_toward_god.md...
📑 Paragraph markers found: 169
⏭️ Skipping <!-- p0 --> (already translated)
⏭️ Skipping <!-- p1 --> (already translated)
⏭️ Skipping <!-- p2 --> (already translated)
⏭️ Skipping <!-- p3 --> (already translated)
⏭️ Skipping <!-- p4 --> (already translated)
⏭️ Skipping <!-- p5 --> (already translated)
⏭️ Skipping <!-- p6 --> (already translated)
⏭️ Skipping <!-- p7 --> (already translated)
⏭️ Skipping <!-- p8 --> (already translated)
⏭️ Skipping <!-- p9 --> (already translated)
⏭️ Skipping <!-- p10 --> (already translated)
⏭️ Skipping <!-- p11 --> (already translated)
⏭️ Skipping <!-- p12 --> (already translated)
⏭️ Skipping <!-- p13 --> (already translated)
⏭️ Skipping <!-- p14 --> (already translated)
⏭️ Skipping <!-- p15 --> (already translated)
⏭️ Skipping <!-- p16 --> (already translated)
⏭️ Skipping <!-- p17 --> (already translated)
⏭️ Skipping <!-- p18 --> (already translated)
⏭️ Skipping <!-- p19 --> (already translated)
⏭️ Skipping <!-- p20 --> (already translated)
⏭️ Skipping <!-- p21 --> (already translated)
⏭️ Skipping <!-- p22 --> (already translated)
⏭️ Skipping <!-- p23 --> (already translated)
⏭️ Skipping <!-- p24 --> (already translated)
⏭️ Skipping <!-- p25 --> (already translated)
⏭️ Skipping <!-- p26 --> (already translated)
⏭️ Skipping <!-- p27 --> (already translated)
⏭️ Skipping <!-- p28 --> (already translated)
⏭️ Skipping <!-- p29 --> (already translated)
⏭️ Skipping <!-- p30 --> (already translated)
⏭️ Skipping <!-- p31 --> (already translated)
⏭️ Skipping <!-- p32 --> (already translated)
⏭️ Skipping <!-- p33 --> (already translated)
⏭️ Skipping <!-- p34 --> (already translated)
⏭️ Skipping <!-- p35 --> (already translated)
⏭️ Skipping <!-- p36 --> (already translated)
⏭️ Skipping <!-- p37 --> (already translated)
⏭️ Skipping <!-- p38 --> (already translated)
⏭️ Skipping <!-- p39 --> (already translated)
⏭️ Skipping <!-- p40 --> (already translated)
⏭️ Skipping <!-- p41 --> (already translated)
⏭️ Skipping <!-- p42 --> (already translated)
⏭️ Skipping <!-- p43 --> (already translated)
⏭️ Skipping <!-- p44 --> (already translated)
⏭️ Skipping <!-- p45 --> (already translated)
⏭️ Skipping <!-- p46 --> (already translated)
⏭️ Skipping <!-- p47 --> (already translated)
⏭️ Skipping <!-- p48 --> (already translated)
⏭️ Skipping <!-- p49 --> (already translated)
⏭️ Skipping <!-- p50 --> (already translated)
⏭️ Skipping <!-- p51 --> (already translated)
⏭️ Skipping <!-- p52 --> (already translated)
⏭️ Skipping <!-- p58 --> (already translated)
⏭️ Skipping <!-- p59 --> (already translated)
⏭️ Skipping <!-- p60 --> (already translated)
⏭️ Skipping <!-- p61 --> (already translated)
⏭️ Skipping <!-- p62 --> (already translated)
⏭️ Skipping <!-- p63 --> (already translated)
⏭️ Skipping <!-- p64 --> (already translated)
⏭️ Skipping <!-- p65 --> (already translated)
⏭️ Skipping <!-- p66 --> (already translated)
⏭️ Skipping <!-- p67 --> (already translated)
⏭️ Skipping <!-- p68 --> (already translated)
⏭️ Skipping <!-- p69 --> (already translated)
⏭️ Skipping <!-- p70 --> (already translated)
⏭️ Skipping <!-- p71 --> (already translated)
⏭️ Skipping <!-- p72 --> (already translated)
⏭️ Skipping <!-- p90 --> (already translated)
⏭️ Skipping <!-- p91 --> (already translated)
⏭️ Skipping <!-- p92 --> (already translated)
⏭️ Skipping <!-- p93 --> (already translated)
⏭️ Skipping <!-- p94 --> (already translated)
⏭️ Skipping <!-- p95 --> (already translated)
⏭️ Skipping <!-- p96 --> (already translated)
⏭️ Skipping <!-- p97 --> (already translated)
⏭️ Skipping <!-- p98 --> (already translated)
⏭️ Skipping <!-- p99 --> (already translated)
⏭️ Skipping <!-- p100 --> (already translated)
⏭️ Skipping <!-- p101 --> (already translated)
⏭️ Skipping <!-- p102 --> (already translated)
⏭️ Skipping <!-- p103 --> (already translated)
⏭️ Skipping <!-- p104 --> (already translated)
⏭️ Skipping <!-- p105 --> (already translated)
⏭️ Skipping <!-- p106 --> (already translated)
⏭️ Skipping <!-- p107 --> (already translated)
⏭️ Skipping <!-- p108 --> (already translated)
⏭️ Skipping <!-- p109 --> (already translated)
⏭️ Skipping <!-- p110 --> (already translated)
⏭️ Skipping <!-- p111 --> (already translated)
⏭️ Skipping <!-- p112 --> (already translated)
⏭️ Skipping <!-- p113 --> (already translated)
⏭️ Skipping <!-- p114 --> (already translated)
⏭️ Skipping <!-- p115 --> (already translated)
⏭️ Skipping <!-- p116 --> (already translated)
⏭️ Skipping <!-- p117 --> (already translated)
⏭️ Skipping <!-- p118 --> (already translated)
⏭️ Skipping <!-- p119 --> (already translated)
⏭️ Skipping <!-- p120 --> (already translated)
⏭️ Skipping <!-- p121 --> (already translated)
⏭️ Skipping <!-- p122 --> (already translated)
⏭️ Skipping <!-- p123 --> (already translated)
⏭️ Skipping <!-- p124 --> (already translated)
⏭️ Skipping <!-- p125 --> (already translated)
⏭️ Skipping <!-- p126 --> (already translated)
⏭️ Skipping <!-- p127 --> (already translated)
⏭️ Skipping <!-- p128 --> (already translated)
⏭️ Skipping <!-- p129 --> (already translated)
⏭️ Skipping <!-- p130 --> (already translated)
⏭️ Skipping <!-- p131 --> (already translated)
⏭️ Skipping <!-- p132 --> (already translated)
⏭️ Skipping <!-- p133 --> (already translated)
⏭️ Skipping <!-- p134 --> (already translated)
⏭️ Skipping <!-- p135 --> (already translated)
⏭️ Skipping <!-- p136 --> (already translated)
⏭️ Skipping <!-- p137 --> (already translated)
⏭️ Skipping <!-- p138 --> (already translated)
⏭️ Skipping <!-- p139 --> (already translated)
⏭️ Skipping <!-- p140 --> (already translated)
⏭️ Skipping <!-- p141 --> (already translated)
⏭️ Skipping <!-- p142 --> (already translated)
⏭️ Skipping <!-- p143 --> (already translated)
⏭️ Skipping <!-- p144 --> (already translated)
⏭️ Skipping <!-- p145 --> (already translated)
⏭️ Skipping <!-- p146 --> (already translated)
⏭️ Skipping <!-- p147 --> (already translated)
⏭️ Skipping <!-- p148 --> (already translated)
⏭️ Skipping <!-- p149 --> (already translated)
⏭️ Skipping <!-- p150 --> (already translated)
⏭️ Skipping <!-- p151 --> (already translated)
⏭️ Skipping <!-- p152 --> (already translated)
⏭️ Skipping <!-- p153 --> (already translated)
⏭️ Skipping <!-- p154 --> (already translated)
⏭️ Skipping <!-- p155 --> (already translated)
⏭️ Skipping <!-- p156 --> (already translated)
⏭️ Skipping <!-- p157 --> (already translated)
⏭️ Skipping <!-- p158 --> (already translated)
⏭️ Skipping <!-- p159 --> (already translated)
⏭️ Skipping <!-- p160 --> (already translated)
⏭️ Skipping <!-- p161 --> (already translated)
⏭️ Skipping <!-- p162 --> (already translated)
⏭️ Skipping <!-- p163 --> (already translated)
⏭️ Skipping <!-- p164 --> (already translated)
⏭️ Skipping <!-- p165 --> (already translated)
⏭️ Skipping <!-- p166 --> (already translated)
⏭️ Skipping <!-- p167 --> (already translated)
⏭️ Skipping <!-- p168 --> (already translated)
⏭️ Skipping <!-- p169 --> (already translated)
⏭️ Skipping <!-- p170 --> (already translated)
⏭️ Skipping <!-- p171 --> (already translated)
⏭️ Skipping <!-- p172 --> (already translated)
⏭️ Skipping <!-- p173 --> (already translated)
⏭️ Skipping <!-- p174 --> (already translated)
⏭️ Skipping <!-- p175 --> (already translated)
⏭️ Skipping <!-- p176 --> (already translated)
⏭️ Skipping <!-- p177 --> (already translated)
⏭️ Skipping <!-- p178 --> (already translated)
🧮 Token-aware batching: 1 batch(es), budget ~106666 tokens, max batch size 20
🟦 Translating batch 1/1 (12 paras, ~954 tokens input)...
✅ Done: /Users/andrew/repo/kli-translation-pipeline_principles-of-faith/japenese/pipeline2/backtranslation/chapters/chapter6_chapter_6_faith_toward_god.md (12/169 translated)

📘 Processing chapter7_chapter_7_jesus_the_foundation_of_our_faith.md...
📑 Paragraph markers found: 78
⏭️ Skipping <!-- p0 --> (already translated)
⏭️ Skipping <!-- p1 --> (already translated)
⏭️ Skipping <!-- p2 --> (already translated)
⏭️ Skipping <!-- p3 --> (already translated)
⏭️ Skipping <!-- p4 --> (already translated)
⏭️ Skipping <!-- p5 --> (already translated)
⏭️ Skipping <!-- p6 --> (already translated)
⏭️ Skipping <!-- p7 --> (already translated)
⏭️ Skipping <!-- p8 --> (already translated)
⏭️ Skipping <!-- p9 --> (already translated)
⏭️ Skipping <!-- p10 --> (already translated)
⏭️ Skipping <!-- p11 --> (already translated)
⏭️ Skipping <!-- p12 --> (already translated)
⏭️ Skipping <!-- p13 --> (already translated)
⏭️ Skipping <!-- p14 --> (already translated)
⏭️ Skipping <!-- p15 --> (already translated)
⏭️ Skipping <!-- p16 --> (already translated)
⏭️ Skipping <!-- p17 --> (already translated)
⏭️ Skipping <!-- p18 --> (already translated)
⏭️ Skipping <!-- p19 --> (already translated)
⏭️ Skipping <!-- p20 --> (already translated)
⏭️ Skipping <!-- p21 --> (already translated)
⏭️ Skipping <!-- p22 --> (already translated)
⏭️ Skipping <!-- p23 --> (already translated)
⏭️ Skipping <!-- p24 --> (already translated)
⏭️ Skipping <!-- p25 --> (already translated)
⏭️ Skipping <!-- p26 --> (already translated)
⏭️ Skipping <!-- p27 --> (already translated)
⏭️ Skipping <!-- p28 --> (already translated)
⏭️ Skipping <!-- p29 --> (already translated)
⏭️ Skipping <!-- p30 --> (already translated)
⏭️ Skipping <!-- p31 --> (already translated)
⏭️ Skipping <!-- p32 --> (already translated)
⏭️ Skipping <!-- p33 --> (already translated)
⏭️ Skipping <!-- p34 --> (already translated)
⏭️ Skipping <!-- p35 --> (already translated)
⏭️ Skipping <!-- p36 --> (already translated)
⏭️ Skipping <!-- p37 --> (already translated)
⏭️ Skipping <!-- p38 --> (already translated)
⏭️ Skipping <!-- p39 --> (already translated)
⏭️ Skipping <!-- p40 --> (already translated)
⏭️ Skipping <!-- p41 --> (already translated)
⏭️ Skipping <!-- p42 --> (already translated)
⏭️ Skipping <!-- p43 --> (already translated)
⏭️ Skipping <!-- p44 --> (already translated)
⏭️ Skipping <!-- p45 --> (already translated)
⏭️ Skipping <!-- p46 --> (already translated)
⏭️ Skipping <!-- p47 --> (already translated)
⏭️ Skipping <!-- p48 --> (already translated)
⏭️ Skipping <!-- p49 --> (already translated)
⏭️ Skipping <!-- p50 --> (already translated)
⏭️ Skipping <!-- p51 --> (already translated)
⏭️ Skipping <!-- p52 --> (already translated)
⏭️ Skipping <!-- p53 --> (already translated)
⏭️ Skipping <!-- p54 --> (already translated)
⏭️ Skipping <!-- p55 --> (already translated)
⏭️ Skipping <!-- p56 --> (already translated)
⏭️ Skipping <!-- p57 --> (already translated)
⏭️ Skipping <!-- p58 --> (already translated)
⏭️ Skipping <!-- p59 --> (already translated)
⏭️ Skipping <!-- p60 --> (already translated)
⏭️ Skipping <!-- p61 --> (already translated)
⏭️ Skipping <!-- p62 --> (already translated)
⏭️ Skipping <!-- p63 --> (already translated)
⏭️ Skipping <!-- p64 --> (already translated)
⏭️ Skipping <!-- p65 --> (already translated)
⏭️ Skipping <!-- p66 --> (already translated)
⏭️ Skipping <!-- p67 --> (already translated)
⏭️ Skipping <!-- p68 --> (already translated)
⏭️ Skipping <!-- p69 --> (already translated)
⏭️ Skipping <!-- p70 --> (already translated)
⏭️ Skipping <!-- p71 --> (already translated)
⏭️ Skipping <!-- p72 --> (already translated)
⏭️ Skipping <!-- p73 --> (already translated)
⏭️ Skipping <!-- p74 --> (already translated)
⏭️ Skipping <!-- p75 --> (already translated)
⏭️ Skipping <!-- p76 --> (already translated)
⏭️ Skipping <!-- p77 --> (already translated)
🧮 Token-aware batching: 0 batch(es), budget ~106666 tokens, max batch size 20
✅ Done: /Users/andrew/repo/kli-translation-pipeline_principles-of-faith/japenese/pipeline2/backtranslation/chapters/chapter7_chapter_7_jesus_the_foundation_of_our_faith.md (0/78 translated)

📘 Processing chapter8_chapter_8_holy_spirit_comforter_guide_and_power.md...
📑 Paragraph markers found: 147
⏭️ Skipping <!-- p0 --> (already translated)
⏭️ Skipping <!-- p1 --> (already translated)
⏭️ Skipping <!-- p2 --> (already translated)
⏭️ Skipping <!-- p3 --> (already translated)
⏭️ Skipping <!-- p4 --> (already translated)
⏭️ Skipping <!-- p5 --> (already translated)
⏭️ Skipping <!-- p6 --> (already translated)
⏭️ Skipping <!-- p7 --> (already translated)
⏭️ Skipping <!-- p8 --> (already translated)
⏭️ Skipping <!-- p9 --> (already translated)
⏭️ Skipping <!-- p10 --> (already translated)
⏭️ Skipping <!-- p11 --> (already translated)
⏭️ Skipping <!-- p12 --> (already translated)
⏭️ Skipping <!-- p13 --> (already translated)
⏭️ Skipping <!-- p14 --> (already translated)
⏭️ Skipping <!-- p15 --> (already translated)
⏭️ Skipping <!-- p16 --> (already translated)
⏭️ Skipping <!-- p17 --> (already translated)
⏭️ Skipping <!-- p18 --> (already translated)
⏭️ Skipping <!-- p19 --> (already translated)
⏭️ Skipping <!-- p20 --> (already translated)
⏭️ Skipping <!-- p21 --> (already translated)
⏭️ Skipping <!-- p22 --> (already translated)
⏭️ Skipping <!-- p23 --> (already translated)
⏭️ Skipping <!-- p24 --> (already translated)
⏭️ Skipping <!-- p25 --> (already translated)
⏭️ Skipping <!-- p26 --> (already translated)
⏭️ Skipping <!-- p27 --> (already translated)
⏭️ Skipping <!-- p28 --> (already translated)
⏭️ Skipping <!-- p29 --> (already translated)
⏭️ Skipping <!-- p30 --> (already translated)
⏭️ Skipping <!-- p31 --> (already translated)
⏭️ Skipping <!-- p32 --> (already translated)
⏭️ Skipping <!-- p33 --> (already translated)
⏭️ Skipping <!-- p34 --> (already translated)
⏭️ Skipping <!-- p35 --> (already translated)
⏭️ Skipping <!-- p36 --> (already translated)
⏭️ Skipping <!-- p37 --> (already translated)
⏭️ Skipping <!-- p38 --> (already translated)
⏭️ Skipping <!-- p39 --> (already translated)
⏭️ Skipping <!-- p40 --> (already translated)
⏭️ Skipping <!-- p41 --> (already translated)
⏭️ Skipping <!-- p42 --> (already translated)
⏭️ Skipping <!-- p43 --> (already translated)
⏭️ Skipping <!-- p44 --> (already translated)
⏭️ Skipping <!-- p45 --> (already translated)
⏭️ Skipping <!-- p46 --> (already translated)
⏭️ Skipping <!-- p47 --> (already translated)
⏭️ Skipping <!-- p48 --> (already translated)
⏭️ Skipping <!-- p49 --> (already translated)
⏭️ Skipping <!-- p50 --> (already translated)
⏭️ Skipping <!-- p51 --> (already translated)
⏭️ Skipping <!-- p52 --> (already translated)
⏭️ Skipping <!-- p53 --> (already translated)
⏭️ Skipping <!-- p54 --> (already translated)
⏭️ Skipping <!-- p55 --> (already translated)
⏭️ Skipping <!-- p56 --> (already translated)
⏭️ Skipping <!-- p57 --> (already translated)
⏭️ Skipping <!-- p58 --> (already translated)
⏭️ Skipping <!-- p59 --> (already translated)
⏭️ Skipping <!-- p60 --> (already translated)
⏭️ Skipping <!-- p61 --> (already translated)
⏭️ Skipping <!-- p62 --> (already translated)
⏭️ Skipping <!-- p63 --> (already translated)
⏭️ Skipping <!-- p64 --> (already translated)
⏭️ Skipping <!-- p65 --> (already translated)
⏭️ Skipping <!-- p66 --> (already translated)
⏭️ Skipping <!-- p67 --> (already translated)
⏭️ Skipping <!-- p68 --> (already translated)
⏭️ Skipping <!-- p69 --> (already translated)
⏭️ Skipping <!-- p70 --> (already translated)
⏭️ Skipping <!-- p71 --> (already translated)
⏭️ Skipping <!-- p72 --> (already translated)
⏭️ Skipping <!-- p73 --> (already translated)
⏭️ Skipping <!-- p74 --> (already translated)
⏭️ Skipping <!-- p75 --> (already translated)
⏭️ Skipping <!-- p76 --> (already translated)
⏭️ Skipping <!-- p77 --> (already translated)
⏭️ Skipping <!-- p78 --> (already translated)
⏭️ Skipping <!-- p79 --> (already translated)
⏭️ Skipping <!-- p80 --> (already translated)
⏭️ Skipping <!-- p81 --> (already translated)
⏭️ Skipping <!-- p82 --> (already translated)
⏭️ Skipping <!-- p83 --> (already translated)
⏭️ Skipping <!-- p84 --> (already translated)
⏭️ Skipping <!-- p85 --> (already translated)
⏭️ Skipping <!-- p86 --> (already translated)
⏭️ Skipping <!-- p87 --> (already translated)
⏭️ Skipping <!-- p88 --> (already translated)
⏭️ Skipping <!-- p89 --> (already translated)
⏭️ Skipping <!-- p90 --> (already translated)
⏭️ Skipping <!-- p91 --> (already translated)
⏭️ Skipping <!-- p92 --> (already translated)
⏭️ Skipping <!-- p93 --> (already translated)
⏭️ Skipping <!-- p94 --> (already translated)
⏭️ Skipping <!-- p95 --> (already translated)
⏭️ Skipping <!-- p96 --> (already translated)
⏭️ Skipping <!-- p97 --> (already translated)
⏭️ Skipping <!-- p98 --> (already translated)
⏭️ Skipping <!-- p99 --> (already translated)
⏭️ Skipping <!-- p100 --> (already translated)
⏭️ Skipping <!-- p101 --> (already translated)
⏭️ Skipping <!-- p102 --> (already translated)
⏭️ Skipping <!-- p103 --> (already translated)
⏭️ Skipping <!-- p104 --> (already translated)
⏭️ Skipping <!-- p105 --> (already translated)
⏭️ Skipping <!-- p106 --> (already translated)
⏭️ Skipping <!-- p107 --> (already translated)
⏭️ Skipping <!-- p108 --> (already translated)
⏭️ Skipping <!-- p109 --> (already translated)
⏭️ Skipping <!-- p110 --> (already translated)
⏭️ Skipping <!-- p111 --> (already translated)
⏭️ Skipping <!-- p112 --> (already translated)
⏭️ Skipping <!-- p113 --> (already translated)
⏭️ Skipping <!-- p114 --> (already translated)
⏭️ Skipping <!-- p115 --> (already translated)
⏭️ Skipping <!-- p116 --> (already translated)
⏭️ Skipping <!-- p117 --> (already translated)
⏭️ Skipping <!-- p118 --> (already translated)
⏭️ Skipping <!-- p119 --> (already translated)
⏭️ Skipping <!-- p120 --> (already translated)
⏭️ Skipping <!-- p121 --> (already translated)
⏭️ Skipping <!-- p122 --> (already translated)
⏭️ Skipping <!-- p123 --> (already translated)
⏭️ Skipping <!-- p124 --> (already translated)
⏭️ Skipping <!-- p125 --> (already translated)
⏭️ Skipping <!-- p126 --> (already translated)
⏭️ Skipping <!-- p127 --> (already translated)
⏭️ Skipping <!-- p128 --> (already translated)
⏭️ Skipping <!-- p129 --> (already translated)
⏭️ Skipping <!-- p130 --> (already translated)
⏭️ Skipping <!-- p131 --> (already translated)
⏭️ Skipping <!-- p132 --> (already translated)
⏭️ Skipping <!-- p133 --> (already translated)
⏭️ Skipping <!-- p134 --> (already translated)
⏭️ Skipping <!-- p135 --> (already translated)
⏭️ Skipping <!-- p136 --> (already translated)
⏭️ Skipping <!-- p137 --> (already translated)
⏭️ Skipping <!-- p138 --> (already translated)
⏭️ Skipping <!-- p139 --> (already translated)
⏭️ Skipping <!-- p140 --> (already translated)
⏭️ Skipping <!-- p141 --> (already translated)
⏭️ Skipping <!-- p142 --> (already translated)
⏭️ Skipping <!-- p143 --> (already translated)
⏭️ Skipping <!-- p144 --> (already translated)
⏭️ Skipping <!-- p145 --> (already translated)
⏭️ Skipping <!-- p146 --> (already translated)
🧮 Token-aware batching: 0 batch(es), budget ~106666 tokens, max batch size 20
✅ Done: /Users/andrew/repo/kli-translation-pipeline_principles-of-faith/japenese/pipeline2/backtranslation/chapters/chapter8_chapter_8_holy_spirit_comforter_guide_and_power.md (0/147 translated)

📘 Processing chapter9_chapter_9_the_church_our_role_in_it.md...
📑 Paragraph markers found: 195
⏭️ Skipping <!-- p0 --> (already translated)
⏭️ Skipping <!-- p1 --> (already translated)
⏭️ Skipping <!-- p2 --> (already translated)
⏭️ Skipping <!-- p3 --> (already translated)
⏭️ Skipping <!-- p4 --> (already translated)
⏭️ Skipping <!-- p5 --> (already translated)
⏭️ Skipping <!-- p6 --> (already translated)
⏭️ Skipping <!-- p7 --> (already translated)
⏭️ Skipping <!-- p8 --> (already translated)
⏭️ Skipping <!-- p9 --> (already translated)
⏭️ Skipping <!-- p10 --> (already translated)
⏭️ Skipping <!-- p11 --> (already translated)
⏭️ Skipping <!-- p12 --> (already translated)
⏭️ Skipping <!-- p13 --> (already translated)
⏭️ Skipping <!-- p14 --> (already translated)
⏭️ Skipping <!-- p15 --> (already translated)
⏭️ Skipping <!-- p16 --> (already translated)
⏭️ Skipping <!-- p17 --> (already translated)
⏭️ Skipping <!-- p18 --> (already translated)
⏭️ Skipping <!-- p19 --> (already translated)
⏭️ Skipping <!-- p20 --> (already translated)
⏭️ Skipping <!-- p21 --> (already translated)
⏭️ Skipping <!-- p22 --> (already translated)
⏭️ Skipping <!-- p23 --> (already translated)
⏭️ Skipping <!-- p24 --> (already translated)
⏭️ Skipping <!-- p25 --> (already translated)
⏭️ Skipping <!-- p26 --> (already translated)
⏭️ Skipping <!-- p27 --> (already translated)
⏭️ Skipping <!-- p28 --> (already translated)
⏭️ Skipping <!-- p29 --> (already translated)
⏭️ Skipping <!-- p30 --> (already translated)
⏭️ Skipping <!-- p31 --> (already translated)
⏭️ Skipping <!-- p32 --> (already translated)
⏭️ Skipping <!-- p33 --> (already translated)
⏭️ Skipping <!-- p34 --> (already translated)
⏭️ Skipping <!-- p35 --> (already translated)
⏭️ Skipping <!-- p36 --> (already translated)
⏭️ Skipping <!-- p37 --> (already translated)
⏭️ Skipping <!-- p38 --> (already translated)
⏭️ Skipping <!-- p39 --> (already translated)
⏭️ Skipping <!-- p40 --> (already translated)
⏭️ Skipping <!-- p41 --> (already translated)
⏭️ Skipping <!-- p42 --> (already translated)
⏭️ Skipping <!-- p43 --> (already translated)
⏭️ Skipping <!-- p44 --> (already translated)
⏭️ Skipping <!-- p45 --> (already translated)
⏭️ Skipping <!-- p46 --> (already translated)
⏭️ Skipping <!-- p47 --> (already translated)
⏭️ Skipping <!-- p48 --> (already translated)
⏭️ Skipping <!-- p49 --> (already translated)
⏭️ Skipping <!-- p50 --> (already translated)
⏭️ Skipping <!-- p51 --> (already translated)
⏭️ Skipping <!-- p52 --> (already translated)
⏭️ Skipping <!-- p53 --> (already translated)
⏭️ Skipping <!-- p54 --> (already translated)
⏭️ Skipping <!-- p55 --> (already translated)
⏭️ Skipping <!-- p56 --> (already translated)
⏭️ Skipping <!-- p57 --> (already translated)
⏭️ Skipping <!-- p58 --> (already translated)
⏭️ Skipping <!-- p59 --> (already translated)
⏭️ Skipping <!-- p60 --> (already translated)
⏭️ Skipping <!-- p61 --> (already translated)
⏭️ Skipping <!-- p62 --> (already translated)
⏭️ Skipping <!-- p63 --> (already translated)
⏭️ Skipping <!-- p64 --> (already translated)
⏭️ Skipping <!-- p65 --> (already translated)
⏭️ Skipping <!-- p66 --> (already translated)
⏭️ Skipping <!-- p67 --> (already translated)
⏭️ Skipping <!-- p68 --> (already translated)
⏭️ Skipping <!-- p69 --> (already translated)
⏭️ Skipping <!-- p70 --> (already translated)
⏭️ Skipping <!-- p71 --> (already translated)
⏭️ Skipping <!-- p72 --> (already translated)
⏭️ Skipping <!-- p73 --> (already translated)
⏭️ Skipping <!-- p74 --> (already translated)
⏭️ Skipping <!-- p75 --> (already translated)
⏭️ Skipping <!-- p76 --> (already translated)
⏭️ Skipping <!-- p77 --> (already translated)
⏭️ Skipping <!-- p78 --> (already translated)
⏭️ Skipping <!-- p79 --> (already translated)
⏭️ Skipping <!-- p80 --> (already translated)
⏭️ Skipping <!-- p81 --> (already translated)
⏭️ Skipping <!-- p82 --> (already translated)
⏭️ Skipping <!-- p83 --> (already translated)
⏭️ Skipping <!-- p84 --> (already translated)
⏭️ Skipping <!-- p85 --> (already translated)
⏭️ Skipping <!-- p86 --> (already translated)
⏭️ Skipping <!-- p87 --> (already translated)
⏭️ Skipping <!-- p88 --> (already translated)
⏭️ Skipping <!-- p89 --> (already translated)
⏭️ Skipping <!-- p90 --> (already translated)
⏭️ Skipping <!-- p91 --> (already translated)
⏭️ Skipping <!-- p92 --> (already translated)
⏭️ Skipping <!-- p93 --> (already translated)
⏭️ Skipping <!-- p94 --> (already translated)
⏭️ Skipping <!-- p95 --> (already translated)
⏭️ Skipping <!-- p96 --> (already translated)
⏭️ Skipping <!-- p97 --> (already translated)
⏭️ Skipping <!-- p98 --> (already translated)
⏭️ Skipping <!-- p99 --> (already translated)
⏭️ Skipping <!-- p100 --> (already translated)
⏭️ Skipping <!-- p101 --> (already translated)
⏭️ Skipping <!-- p102 --> (already translated)
⏭️ Skipping <!-- p103 --> (already translated)
⏭️ Skipping <!-- p104 --> (already translated)
⏭️ Skipping <!-- p105 --> (already translated)
⏭️ Skipping <!-- p106 --> (already translated)
⏭️ Skipping <!-- p107 --> (already translated)
⏭️ Skipping <!-- p108 --> (already translated)
⏭️ Skipping <!-- p109 --> (already translated)
⏭️ Skipping <!-- p110 --> (already translated)
⏭️ Skipping <!-- p111 --> (already translated)
⏭️ Skipping <!-- p112 --> (already translated)
⏭️ Skipping <!-- p113 --> (already translated)
⏭️ Skipping <!-- p114 --> (already translated)
⏭️ Skipping <!-- p115 --> (already translated)
⏭️ Skipping <!-- p116 --> (already translated)
⏭️ Skipping <!-- p117 --> (already translated)
⏭️ Skipping <!-- p118 --> (already translated)
⏭️ Skipping <!-- p119 --> (already translated)
⏭️ Skipping <!-- p120 --> (already translated)
⏭️ Skipping <!-- p121 --> (already translated)
⏭️ Skipping <!-- p122 --> (already translated)
⏭️ Skipping <!-- p123 --> (already translated)
⏭️ Skipping <!-- p124 --> (already translated)
⏭️ Skipping <!-- p125 --> (already translated)
⏭️ Skipping <!-- p126 --> (already translated)
⏭️ Skipping <!-- p127 --> (already translated)
⏭️ Skipping <!-- p128 --> (already translated)
⏭️ Skipping <!-- p129 --> (already translated)
⏭️ Skipping <!-- p130 --> (already translated)
⏭️ Skipping <!-- p131 --> (already translated)
⏭️ Skipping <!-- p132 --> (already translated)
⏭️ Skipping <!-- p133 --> (already translated)
⏭️ Skipping <!-- p134 --> (already translated)
⏭️ Skipping <!-- p135 --> (already translated)
⏭️ Skipping <!-- p136 --> (already translated)
⏭️ Skipping <!-- p137 --> (already translated)
⏭️ Skipping <!-- p138 --> (already translated)
⏭️ Skipping <!-- p139 --> (already translated)
⏭️ Skipping <!-- p140 --> (already translated)
⏭️ Skipping <!-- p141 --> (already translated)
⏭️ Skipping <!-- p142 --> (already translated)
⏭️ Skipping <!-- p143 --> (already translated)
⏭️ Skipping <!-- p144 --> (already translated)
⏭️ Skipping <!-- p145 --> (already translated)
⏭️ Skipping <!-- p146 --> (already translated)
⏭️ Skipping <!-- p147 --> (already translated)
⏭️ Skipping <!-- p148 --> (already translated)
⏭️ Skipping <!-- p149 --> (already translated)
⏭️ Skipping <!-- p150 --> (already translated)
⏭️ Skipping <!-- p151 --> (already translated)
⏭️ Skipping <!-- p152 --> (already translated)
⏭️ Skipping <!-- p153 --> (already translated)
⏭️ Skipping <!-- p154 --> (already translated)
⏭️ Skipping <!-- p155 --> (already translated)
⏭️ Skipping <!-- p156 --> (already translated)
⏭️ Skipping <!-- p157 --> (already translated)
⏭️ Skipping <!-- p158 --> (already translated)
⏭️ Skipping <!-- p159 --> (already translated)
⏭️ Skipping <!-- p160 --> (already translated)
⏭️ Skipping <!-- p161 --> (already translated)
⏭️ Skipping <!-- p162 --> (already translated)
⏭️ Skipping <!-- p163 --> (already translated)
⏭️ Skipping <!-- p164 --> (already translated)
⏭️ Skipping <!-- p165 --> (already translated)
⏭️ Skipping <!-- p166 --> (already translated)
⏭️ Skipping <!-- p167 --> (already translated)
⏭️ Skipping <!-- p168 --> (already translated)
⏭️ Skipping <!-- p169 --> (already translated)
⏭️ Skipping <!-- p170 --> (already translated)
⏭️ Skipping <!-- p171 --> (already translated)
⏭️ Skipping <!-- p172 --> (already translated)
⏭️ Skipping <!-- p173 --> (already translated)
⏭️ Skipping <!-- p174 --> (already translated)
⏭️ Skipping <!-- p175 --> (already translated)
⏭️ Skipping <!-- p176 --> (already translated)
⏭️ Skipping <!-- p177 --> (already translated)
⏭️ Skipping <!-- p178 --> (already translated)
⏭️ Skipping <!-- p179 --> (already translated)
⏭️ Skipping <!-- p180 --> (already translated)
⏭️ Skipping <!-- p181 --> (already translated)
⏭️ Skipping <!-- p182 --> (already translated)
⏭️ Skipping <!-- p183 --> (already translated)
⏭️ Skipping <!-- p184 --> (already translated)
⏭️ Skipping <!-- p185 --> (already translated)
⏭️ Skipping <!-- p186 --> (already translated)
⏭️ Skipping <!-- p187 --> (already translated)
⏭️ Skipping <!-- p188 --> (already translated)
⏭️ Skipping <!-- p189 --> (already translated)
⏭️ Skipping <!-- p190 --> (already translated)
⏭️ Skipping <!-- p191 --> (already translated)
⏭️ Skipping <!-- p192 --> (already translated)
⏭️ Skipping <!-- p193 --> (already translated)
⏭️ Skipping <!-- p194 --> (already translated)
🧮 Token-aware batching: 0 batch(es), budget ~106666 tokens, max batch size 20
✅ Done: /Users/andrew/repo/kli-translation-pipeline_principles-of-faith/japenese/pipeline2/backtranslation/chapters/chapter9_chapter_9_the_church_our_role_in_it.md (0/195 translated)

🎯 All files processed.
🔍 Found 25 matching file pairs:
  - chapter0_0_intro.md
  - chapter0_1_dedication.md
  - chapter0_2_acknowledgements.md
  - chapter0_3_table_of_contents.md
  - chapter0_4_list_of_tables.md
  - chapter0_5_foreword.md
  - chapter0_6_preface.md
  - chapter10_chapter_10_sanctified_prepared_for_god_s_purpose.md
  - chapter11_chapter_11_baptisms_water_and_spirit.md
  - chapter12_chapter_12_discipleship.md
  - chapter13_chapter_13_spiritual_authority.md
  - chapter14_back_1_postscript.md
  - chapter14_back_3_extended_reference_tables.md
  - chapter14_back_4_end_of_chapter_activities.md
  - chapter14_back_5_hearing_the_voice_of_god.md
  - chapter14_chapter_14_keep_watch.md
  - chapter1_chapter_1_sound_doctrine_matters.md
  - chapter2_chapter_2_god_eternal_creator_and_loving_father.md
  - chapter3_chapter_3_sin_and_redemption.md
  - chapter4_chapter_4_jesus_the_messiah.md
  - chapter5_chapter_5_repentance_from_dead_works.md
  - chapter6_chapter_6_faith_toward_god.md
  - chapter7_chapter_7_jesus_the_foundation_of_our_faith.md
  - chapter8_chapter_8_holy_spirit_comforter_guide_and_power.md
  - chapter9_chapter_9_the_church_our_role_in_it.md

=== Processing: chapter0_0_intro.md ===
⏭️  Skipping drift_report_chapter0_0_intro_vs_chapter0_0_intro.csv (already exists). Use --overwrite to regenerate.

=== Processing: chapter0_1_dedication.md ===
⏭️  Skipping drift_report_chapter0_1_dedication_vs_chapter0_1_dedication.csv (already exists). Use --overwrite to regenerate.

=== Processing: chapter0_2_acknowledgements.md ===
⏭️  Skipping drift_report_chapter0_2_acknowledgements_vs_chapter0_2_acknowledgements.csv (already exists). Use --overwrite to regenerate.

=== Processing: chapter0_3_table_of_contents.md ===
⏭️  Skipping drift_report_chapter0_3_table_of_contents_vs_chapter0_3_table_of_contents.csv (already exists). Use --overwrite to regenerate.

=== Processing: chapter0_4_list_of_tables.md ===
⏭️  Skipping drift_report_chapter0_4_list_of_tables_vs_chapter0_4_list_of_tables.csv (already exists). Use --overwrite to regenerate.

=== Processing: chapter0_5_foreword.md ===
⏭️  Skipping drift_report_chapter0_5_foreword_vs_chapter0_5_foreword.csv (already exists). Use --overwrite to regenerate.

=== Processing: chapter0_6_preface.md ===
⏭️  Skipping drift_report_chapter0_6_preface_vs_chapter0_6_preface.csv (already exists). Use --overwrite to regenerate.

=== Processing: chapter10_chapter_10_sanctified_prepared_for_god_s_purpose.md ===
⏭️  Skipping drift_report_chapter10_chapter_10_sanctified_prepared_for_god_s_purpose_vs_chapter10_chapter_10_sanctified_prepared_for_god_s_purpose.csv (already exists). Use --overwrite to regenerate.

=== Processing: chapter11_chapter_11_baptisms_water_and_spirit.md ===
⏭️  Skipping drift_report_chapter11_chapter_11_baptisms_water_and_spirit_vs_chapter11_chapter_11_baptisms_water_and_spirit.csv (already exists). Use --overwrite to regenerate.

=== Processing: chapter12_chapter_12_discipleship.md ===
⏭️  Skipping drift_report_chapter12_chapter_12_discipleship_vs_chapter12_chapter_12_discipleship.csv (already exists). Use --overwrite to regenerate.

=== Processing: chapter13_chapter_13_spiritual_authority.md ===
⏭️  Skipping drift_report_chapter13_chapter_13_spiritual_authority_vs_chapter13_chapter_13_spiritual_authority.csv (already exists). Use --overwrite to regenerate.

=== Processing: chapter14_back_1_postscript.md ===
⏭️  Skipping drift_report_chapter14_back_1_postscript_vs_chapter14_back_1_postscript.csv (already exists). Use --overwrite to regenerate.

=== Processing: chapter14_back_3_extended_reference_tables.md ===
⏭️  Skipping drift_report_chapter14_back_3_extended_reference_tables_vs_chapter14_back_3_extended_reference_tables.csv (already exists). Use --overwrite to regenerate.

=== Processing: chapter14_back_4_end_of_chapter_activities.md ===
⏭️  Skipping drift_report_chapter14_back_4_end_of_chapter_activities_vs_chapter14_back_4_end_of_chapter_activities.csv (already exists). Use --overwrite to regenerate.

=== Processing: chapter14_back_5_hearing_the_voice_of_god.md ===
⏭️  Skipping drift_report_chapter14_back_5_hearing_the_voice_of_god_vs_chapter14_back_5_hearing_the_voice_of_god.csv (already exists). Use --overwrite to regenerate.

=== Processing: chapter14_chapter_14_keep_watch.md ===
⏭️  Skipping drift_report_chapter14_chapter_14_keep_watch_vs_chapter14_chapter_14_keep_watch.csv (already exists). Use --overwrite to regenerate.

=== Processing: chapter1_chapter_1_sound_doctrine_matters.md ===
⏭️  Skipping drift_report_chapter1_chapter_1_sound_doctrine_matters_vs_chapter1_chapter_1_sound_doctrine_matters.csv (already exists). Use --overwrite to regenerate.

=== Processing: chapter2_chapter_2_god_eternal_creator_and_loving_father.md ===
⏭️  Skipping drift_report_chapter2_chapter_2_god_eternal_creator_and_loving_father_vs_chapter2_chapter_2_god_eternal_creator_and_loving_father.csv (already exists). Use --overwrite to regenerate.

=== Processing: chapter3_chapter_3_sin_and_redemption.md ===
⏭️  Skipping drift_report_chapter3_chapter_3_sin_and_redemption_vs_chapter3_chapter_3_sin_and_redemption.csv (already exists). Use --overwrite to regenerate.

=== Processing: chapter4_chapter_4_jesus_the_messiah.md ===
⏭️  Skipping drift_report_chapter4_chapter_4_jesus_the_messiah_vs_chapter4_chapter_4_jesus_the_messiah.csv (already exists). Use --overwrite to regenerate.

=== Processing: chapter5_chapter_5_repentance_from_dead_works.md ===
⏭️  Skipping drift_report_chapter5_chapter_5_repentance_from_dead_works_vs_chapter5_chapter_5_repentance_from_dead_works.csv (already exists). Use --overwrite to regenerate.

=== Processing: chapter6_chapter_6_faith_toward_god.md ===
⏭️  Skipping drift_report_chapter6_chapter_6_faith_toward_god_vs_chapter6_chapter_6_faith_toward_god.csv (already exists). Use --overwrite to regenerate.

=== Processing: chapter7_chapter_7_jesus_the_foundation_of_our_faith.md ===
⏭️  Skipping drift_report_chapter7_chapter_7_jesus_the_foundation_of_our_faith_vs_chapter7_chapter_7_jesus_the_foundation_of_our_faith.csv (already exists). Use --overwrite to regenerate.

=== Processing: chapter8_chapter_8_holy_spirit_comforter_guide_and_power.md ===
⏭️  Skipping drift_report_chapter8_chapter_8_holy_spirit_comforter_guide_and_power_vs_chapter8_chapter_8_holy_spirit_comforter_guide_and_power.csv (already exists). Use --overwrite to regenerate.

=== Processing: chapter9_chapter_9_the_church_our_role_in_it.md ===
⏭️  Skipping drift_report_chapter9_chapter_9_the_church_our_role_in_it_vs_chapter9_chapter_9_the_church_our_role_in_it.csv (already exists). Use --overwrite to regenerate.
🗂 Found 25 drift reports in /Users/andrew/repo/kli-translation-pipeline_principles-of-faith/japenese/pipeline2/analysis/chapters. Processing...

Analyzing 12 flagged paragraphs in drift_report_chapter0_6_preface_vs_chapter0_6_preface.csv...

Explaining differences: 0it [00:00, ?it/s]
Explaining differences: 1it [00:02,  2.85s/it]
Explaining differences: 2it [00:04,  2.00s/it]
Explaining differences: 3it [00:06,  1.89s/it]
Explaining differences: 4it [00:08,  2.13s/it]
Explaining differences: 5it [00:10,  2.09s/it]
Explaining differences: 6it [00:11,  1.80s/it]
Explaining differences: 7it [00:13,  1.85s/it]
Explaining differences: 8it [00:15,  1.74s/it]
Explaining differences: 9it [00:16,  1.69s/it]
Explaining differences: 10it [00:18,  1.68s/it]
Explaining differences: 11it [00:19,  1.61s/it]
Explaining differences: 12it [00:21,  1.68s/it]
Explaining differences: 12it [00:21,  1.81s/it]
⏭️  Skipping drift_report_chapter0_6_preface_vs_chapter0_6_preface.csv — explained report already exists (use --overwrite to regenerate).
Analyzing 33 flagged paragraphs in drift_report_chapter5_chapter_5_repentance_from_dead_works_vs_chapter5_chapter_5_repentance_from_dead_works.csv...

Explaining differences: 0it [00:00, ?it/s]
Explaining differences: 1it [00:02,  2.13s/it]
Explaining differences: 2it [00:03,  1.93s/it]
Explaining differences: 3it [00:05,  1.78s/it]
Explaining differences: 4it [00:07,  1.86s/it]
Explaining differences: 5it [00:08,  1.73s/it]
Explaining differences: 6it [00:10,  1.68s/it]
Explaining differences: 7it [00:12,  1.63s/it]
Explaining differences: 8it [00:12,  1.35s/it]
Explaining differences: 9it [00:14,  1.40s/it]
Explaining differences: 10it [00:15,  1.41s/it]
Explaining differences: 11it [00:17,  1.51s/it]
Explaining differences: 12it [00:19,  1.58s/it]
Explaining differences: 13it [00:21,  1.88s/it]
Explaining differences: 14it [00:23,  1.93s/it]
Explaining differences: 15it [00:26,  2.09s/it]
Explaining differences: 16it [00:28,  2.03s/it]
Explaining differences: 17it [00:30,  1.96s/it]
Explaining differences: 18it [00:31,  1.77s/it]
Explaining differences: 19it [00:33,  1.85s/it]
Explaining differences: 20it [00:34,  1.76s/it]
Explaining differences: 21it [00:36,  1.63s/it]
Explaining differences: 22it [00:39,  1.97s/it]
Explaining differences: 23it [00:40,  1.84s/it]
Explaining differences: 24it [00:41,  1.66s/it]
Explaining differences: 25it [00:42,  1.38s/it]
Explaining differences: 26it [00:44,  1.50s/it]
Explaining differences: 27it [00:45,  1.55s/it]
Explaining differences: 28it [00:47,  1.58s/it]
Explaining differences: 29it [00:49,  1.72s/it]
Explaining differences: 30it [00:51,  1.65s/it]
Explaining differences: 31it [00:52,  1.65s/it]
Explaining differences: 32it [00:54,  1.66s/it]
Explaining differences: 33it [00:55,  1.56s/it]
Explaining differences: 33it [00:55,  1.69s/it]
⏭️  Skipping drift_report_chapter5_chapter_5_repentance_from_dead_works_vs_chapter5_chapter_5_repentance_from_dead_works.csv — explained report already exists (use --overwrite to regenerate).
Analyzing 1 flagged paragraphs in drift_report_chapter14_back_1_postscript_vs_chapter14_back_1_postscript.csv...

Explaining differences: 0it [00:00, ?it/s]
Explaining differences: 1it [00:01,  1.41s/it]
Explaining differences: 1it [00:01,  1.41s/it]
⏭️  Skipping drift_report_chapter14_back_1_postscript_vs_chapter14_back_1_postscript.csv — explained report already exists (use --overwrite to regenerate).
Analyzing 13 flagged paragraphs in drift_report_chapter3_chapter_3_sin_and_redemption_vs_chapter3_chapter_3_sin_and_redemption.csv...

Explaining differences: 0it [00:00, ?it/s]
Explaining differences: 1it [00:01,  1.23s/it]
Explaining differences: 2it [00:02,  1.35s/it]
Explaining differences: 3it [00:04,  1.53s/it]
Explaining differences: 4it [00:05,  1.53s/it]
Explaining differences: 5it [00:07,  1.47s/it]
Explaining differences: 6it [00:08,  1.41s/it]
Explaining differences: 7it [00:09,  1.32s/it]
Explaining differences: 8it [00:11,  1.59s/it]
Explaining differences: 9it [00:13,  1.55s/it]
Explaining differences: 10it [00:15,  1.63s/it]
Explaining differences: 11it [00:16,  1.57s/it]
Explaining differences: 12it [00:17,  1.36s/it]
Explaining differences: 13it [00:19,  1.52s/it]
Explaining differences: 13it [00:19,  1.49s/it]
⏭️  Skipping drift_report_chapter3_chapter_3_sin_and_redemption_vs_chapter3_chapter_3_sin_and_redemption.csv — explained report already exists (use --overwrite to regenerate).
Analyzing 24 flagged paragraphs in drift_report_chapter4_chapter_4_jesus_the_messiah_vs_chapter4_chapter_4_jesus_the_messiah.csv...

Explaining differences: 0it [00:00, ?it/s]
Explaining differences: 1it [00:01,  1.59s/it]
Explaining differences: 2it [00:03,  1.60s/it]
Explaining differences: 3it [00:04,  1.64s/it]
Explaining differences: 4it [00:06,  1.74s/it]
Explaining differences: 5it [00:07,  1.47s/it]
Explaining differences: 6it [00:09,  1.53s/it]
Explaining differences: 7it [00:10,  1.54s/it]
Explaining differences: 8it [00:12,  1.52s/it]
Explaining differences: 9it [00:14,  1.57s/it]
Explaining differences: 10it [00:15,  1.49s/it]
Explaining differences: 11it [00:16,  1.41s/it]
Explaining differences: 12it [00:18,  1.42s/it]
Explaining differences: 13it [00:19,  1.45s/it]
Explaining differences: 14it [00:21,  1.50s/it]
Explaining differences: 15it [00:22,  1.34s/it]
Explaining differences: 16it [00:23,  1.36s/it]
Explaining differences: 17it [00:25,  1.45s/it]
Explaining differences: 18it [00:26,  1.40s/it]
Explaining differences: 19it [00:28,  1.42s/it]
Explaining differences: 20it [00:29,  1.52s/it]
Explaining differences: 21it [00:31,  1.50s/it]
Explaining differences: 22it [00:32,  1.36s/it]
Explaining differences: 23it [00:33,  1.34s/it]
Explaining differences: 24it [00:35,  1.38s/it]
Explaining differences: 24it [00:35,  1.46s/it]
⏭️  Skipping drift_report_chapter4_chapter_4_jesus_the_messiah_vs_chapter4_chapter_4_jesus_the_messiah.csv — explained report already exists (use --overwrite to regenerate).
Analyzing 8 flagged paragraphs in drift_report_chapter2_chapter_2_god_eternal_creator_and_loving_father_vs_chapter2_chapter_2_god_eternal_creator_and_loving_father.csv...

Explaining differences: 0it [00:00, ?it/s]
Explaining differences: 1it [00:01,  1.36s/it]
Explaining differences: 2it [00:02,  1.49s/it]
Explaining differences: 3it [00:05,  1.91s/it]
Explaining differences: 4it [00:06,  1.75s/it]
Explaining differences: 5it [00:08,  1.67s/it]
Explaining differences: 6it [00:10,  1.83s/it]
Explaining differences: 7it [00:12,  1.80s/it]
Explaining differences: 8it [00:13,  1.51s/it]
Explaining differences: 8it [00:13,  1.64s/it]
⏭️  Skipping drift_report_chapter2_chapter_2_god_eternal_creator_and_loving_father_vs_chapter2_chapter_2_god_eternal_creator_and_loving_father.csv — explained report already exists (use --overwrite to regenerate).
Analyzing 15 flagged paragraphs in drift_report_chapter11_chapter_11_baptisms_water_and_spirit_vs_chapter11_chapter_11_baptisms_water_and_spirit.csv...

Explaining differences: 0it [00:00, ?it/s]
Explaining differences: 1it [00:01,  1.75s/it]
Explaining differences: 2it [00:03,  2.00s/it]
Explaining differences: 3it [00:05,  1.88s/it]
Explaining differences: 4it [00:06,  1.66s/it]
Explaining differences: 5it [00:08,  1.60s/it]
Explaining differences: 6it [00:09,  1.57s/it]
Explaining differences: 7it [00:11,  1.52s/it]
Explaining differences: 8it [00:12,  1.43s/it]
Explaining differences: 9it [00:14,  1.46s/it]
Explaining differences: 10it [00:15,  1.55s/it]
Explaining differences: 11it [00:17,  1.70s/it]
Explaining differences: 12it [00:19,  1.68s/it]
Explaining differences: 13it [00:21,  1.64s/it]
Explaining differences: 14it [00:22,  1.67s/it]
Explaining differences: 15it [00:24,  1.65s/it]
Explaining differences: 15it [00:24,  1.63s/it]
⏭️  Skipping drift_report_chapter11_chapter_11_baptisms_water_and_spirit_vs_chapter11_chapter_11_baptisms_water_and_spirit.csv — explained report already exists (use --overwrite to regenerate).
ℹ️  No non-HIGH paragraphs in drift_report_chapter0_4_list_of_tables_vs_chapter0_4_list_of_tables.csv — skipping.
Analyzing 53 flagged paragraphs in drift_report_chapter9_chapter_9_the_church_our_role_in_it_vs_chapter9_chapter_9_the_church_our_role_in_it.csv...

Explaining differences: 0it [00:00, ?it/s]
Explaining differences: 1it [00:01,  1.54s/it]
Explaining differences: 2it [00:02,  1.48s/it]
Explaining differences: 3it [00:04,  1.33s/it]
Explaining differences: 4it [00:05,  1.36s/it]
Explaining differences: 5it [00:07,  1.50s/it]
Explaining differences: 6it [00:08,  1.50s/it]
Explaining differences: 7it [00:10,  1.71s/it]
Explaining differences: 8it [00:12,  1.60s/it]
Explaining differences: 9it [00:13,  1.55s/it]
Explaining differences: 10it [00:14,  1.42s/it]
Explaining differences: 11it [00:16,  1.62s/it]
Explaining differences: 12it [00:18,  1.57s/it]
Explaining differences: 13it [00:19,  1.57s/it]
Explaining differences: 14it [00:21,  1.65s/it]
Explaining differences: 15it [00:23,  1.74s/it]
Explaining differences: 16it [00:25,  1.73s/it]
Explaining differences: 17it [00:27,  1.75s/it]
Explaining differences: 18it [00:29,  1.84s/it]
Explaining differences: 19it [00:31,  1.93s/it]
Explaining differences: 20it [00:32,  1.80s/it]
Explaining differences: 21it [00:34,  1.74s/it]
Explaining differences: 22it [00:36,  1.67s/it]
Explaining differences: 23it [00:37,  1.54s/it]
Explaining differences: 24it [00:39,  1.61s/it]
Explaining differences: 25it [00:40,  1.61s/it]
Explaining differences: 26it [00:42,  1.59s/it]
Explaining differences: 27it [00:43,  1.39s/it]
Explaining differences: 28it [00:44,  1.49s/it]
Explaining differences: 29it [00:45,  1.36s/it]
Explaining differences: 30it [00:47,  1.44s/it]
Explaining differences: 31it [00:48,  1.37s/it]
Explaining differences: 32it [00:50,  1.39s/it]
Explaining differences: 33it [00:51,  1.34s/it]
Explaining differences: 34it [00:53,  1.43s/it]
Explaining differences: 35it [00:54,  1.49s/it]
Explaining differences: 36it [00:56,  1.57s/it]
Explaining differences: 37it [00:58,  1.65s/it]
Explaining differences: 38it [00:59,  1.48s/it]
Explaining differences: 39it [01:00,  1.51s/it]
Explaining differences: 40it [01:02,  1.49s/it]
Explaining differences: 41it [01:03,  1.36s/it]
Explaining differences: 42it [01:04,  1.28s/it]
Explaining differences: 43it [01:05,  1.26s/it]
Explaining differences: 44it [01:06,  1.25s/it]
Explaining differences: 45it [01:08,  1.34s/it]
Explaining differences: 46it [01:09,  1.37s/it]
Explaining differences: 47it [01:11,  1.37s/it]
Explaining differences: 48it [01:12,  1.33s/it]
Explaining differences: 49it [01:14,  1.44s/it]
Explaining differences: 50it [01:15,  1.44s/it]
Explaining differences: 51it [01:17,  1.45s/it]
Explaining differences: 52it [01:18,  1.47s/it]
Explaining differences: 53it [01:20,  1.51s/it]
Explaining differences: 53it [01:20,  1.51s/it]
⏭️  Skipping drift_report_chapter9_chapter_9_the_church_our_role_in_it_vs_chapter9_chapter_9_the_church_our_role_in_it.csv — explained report already exists (use --overwrite to regenerate).
Analyzing 25 flagged paragraphs in drift_report_chapter1_chapter_1_sound_doctrine_matters_vs_chapter1_chapter_1_sound_doctrine_matters.csv...

Explaining differences: 0it [00:00, ?it/s]
Explaining differences: 1it [00:01,  1.62s/it]
Explaining differences: 2it [00:03,  1.51s/it]
Explaining differences: 3it [00:05,  1.99s/it]
Explaining differences: 4it [00:07,  1.83s/it]
Explaining differences: 5it [00:09,  1.90s/it]
Explaining differences: 6it [00:10,  1.67s/it]
Explaining differences: 7it [00:12,  1.67s/it]
Explaining differences: 8it [00:13,  1.54s/it]
Explaining differences: 9it [00:14,  1.51s/it]
Explaining differences: 10it [00:15,  1.39s/it]
Explaining differences: 11it [00:17,  1.33s/it]
Explaining differences: 12it [00:18,  1.33s/it]
Explaining differences: 13it [00:20,  1.44s/it]
Explaining differences: 14it [00:21,  1.40s/it]
Explaining differences: 15it [00:22,  1.41s/it]
Explaining differences: 16it [00:24,  1.48s/it]
Explaining differences: 17it [00:25,  1.47s/it]
Explaining differences: 18it [00:27,  1.41s/it]
Explaining differences: 19it [00:29,  1.74s/it]
Explaining differences: 20it [00:31,  1.62s/it]
Explaining differences: 21it [00:32,  1.53s/it]
Explaining differences: 22it [00:33,  1.50s/it]
Explaining differences: 23it [00:35,  1.48s/it]
Explaining differences: 24it [00:37,  1.59s/it]
Explaining differences: 25it [00:38,  1.54s/it]
Explaining differences: 25it [00:38,  1.54s/it]
⏭️  Skipping drift_report_chapter1_chapter_1_sound_doctrine_matters_vs_chapter1_chapter_1_sound_doctrine_matters.csv — explained report already exists (use --overwrite to regenerate).
Analyzing 26 flagged paragraphs in drift_report_chapter8_chapter_8_holy_spirit_comforter_guide_and_power_vs_chapter8_chapter_8_holy_spirit_comforter_guide_and_power.csv...

Explaining differences: 0it [00:00, ?it/s]
Explaining differences: 1it [00:02,  2.06s/it]
Explaining differences: 2it [00:03,  1.74s/it]
Explaining differences: 3it [00:04,  1.59s/it]
Explaining differences: 4it [00:06,  1.48s/it]
Explaining differences: 5it [00:08,  1.69s/it]
Explaining differences: 6it [00:09,  1.66s/it]
Explaining differences: 7it [00:12,  1.81s/it]
Explaining differences: 8it [00:16,  2.61s/it]
Explaining differences: 9it [00:18,  2.30s/it]
Explaining differences: 10it [00:19,  2.06s/it]
Explaining differences: 11it [00:20,  1.84s/it]
Explaining differences: 12it [00:22,  1.68s/it]
Explaining differences: 13it [00:23,  1.61s/it]
Explaining differences: 14it [00:24,  1.50s/it]
Explaining differences: 15it [00:30,  2.73s/it]
Explaining differences: 16it [00:31,  2.35s/it]
Explaining differences: 17it [00:33,  1.98s/it]
Explaining differences: 18it [00:34,  1.73s/it]
Explaining differences: 19it [00:35,  1.61s/it]
Explaining differences: 20it [00:36,  1.56s/it]
Explaining differences: 21it [00:38,  1.56s/it]
Explaining differences: 22it [00:40,  1.57s/it]
Explaining differences: 23it [00:41,  1.45s/it]
Explaining differences: 24it [00:42,  1.34s/it]
Explaining differences: 25it [00:43,  1.37s/it]
Explaining differences: 26it [00:45,  1.45s/it]
Explaining differences: 26it [00:45,  1.75s/it]
⏭️  Skipping drift_report_chapter8_chapter_8_holy_spirit_comforter_guide_and_power_vs_chapter8_chapter_8_holy_spirit_comforter_guide_and_power.csv — explained report already exists (use --overwrite to regenerate).
Analyzing 2 flagged paragraphs in drift_report_chapter0_3_table_of_contents_vs_chapter0_3_table_of_contents.csv...

Explaining differences: 0it [00:00, ?it/s]
Explaining differences: 1it [00:01,  1.53s/it]
Explaining differences: 2it [00:02,  1.41s/it]
Explaining differences: 2it [00:02,  1.43s/it]
⏭️  Skipping drift_report_chapter0_3_table_of_contents_vs_chapter0_3_table_of_contents.csv — explained report already exists (use --overwrite to regenerate).
Analyzing 204 flagged paragraphs in drift_report_chapter14_back_4_end_of_chapter_activities_vs_chapter14_back_4_end_of_chapter_activities.csv...

Explaining differences: 0it [00:00, ?it/s]
Explaining differences: 1it [00:01,  1.12s/it]
Explaining differences: 2it [00:02,  1.16s/it]
Explaining differences: 3it [00:03,  1.40s/it]
Explaining differences: 4it [00:05,  1.49s/it]
Explaining differences: 5it [00:07,  1.62s/it]
Explaining differences: 6it [00:08,  1.49s/it]
Explaining differences: 7it [00:10,  1.60s/it]
Explaining differences: 8it [00:12,  1.71s/it]
Explaining differences: 9it [00:13,  1.59s/it]
Explaining differences: 10it [00:15,  1.51s/it]
Explaining differences: 11it [00:16,  1.43s/it]
Explaining differences: 12it [00:17,  1.40s/it]
Explaining differences: 13it [00:19,  1.36s/it]
Explaining differences: 14it [00:20,  1.41s/it]
Explaining differences: 15it [00:22,  1.43s/it]
Explaining differences: 16it [00:23,  1.32s/it]
Explaining differences: 17it [00:24,  1.38s/it]
Explaining differences: 18it [00:25,  1.39s/it]
Explaining differences: 19it [00:27,  1.50s/it]
Explaining differences: 20it [00:29,  1.51s/it]
Explaining differences: 21it [00:30,  1.41s/it]
Explaining differences: 22it [00:31,  1.40s/it]
Explaining differences: 23it [00:33,  1.39s/it]
Explaining differences: 24it [00:34,  1.43s/it]
Explaining differences: 25it [00:36,  1.49s/it]
Explaining differences: 26it [00:38,  1.56s/it]
Explaining differences: 27it [00:39,  1.50s/it]
Explaining differences: 28it [00:40,  1.47s/it]
Explaining differences: 29it [00:42,  1.40s/it]
Explaining differences: 30it [00:43,  1.39s/it]
Explaining differences: 31it [00:44,  1.31s/it]
Explaining differences: 32it [00:46,  1.43s/it]
Explaining differences: 33it [00:48,  1.55s/it]
Explaining differences: 34it [00:51,  2.15s/it]
Explaining differences: 35it [00:52,  1.71s/it]
Explaining differences: 36it [00:53,  1.57s/it]
Explaining differences: 37it [00:55,  1.63s/it]
Explaining differences: 38it [01:28, 11.12s/it]
Explaining differences: 39it [01:29,  8.14s/it]
Explaining differences: 40it [01:31,  6.19s/it]
Explaining differences: 41it [01:33,  4.80s/it]
Explaining differences: 42it [01:34,  3.69s/it]
Explaining differences: 43it [01:35,  3.07s/it]
Explaining differences: 44it [01:37,  2.61s/it]
Explaining differences: 45it [01:38,  2.17s/it]
Explaining differences: 46it [01:39,  1.99s/it]
Explaining differences: 47it [01:41,  1.81s/it]
Explaining differences: 48it [01:42,  1.71s/it]
Explaining differences: 49it [01:44,  1.61s/it]
Explaining differences: 50it [01:45,  1.53s/it]
Explaining differences: 51it [01:46,  1.49s/it]
Explaining differences: 52it [01:48,  1.39s/it]
Explaining differences: 53it [01:49,  1.41s/it]
Explaining differences: 54it [01:50,  1.37s/it]
Explaining differences: 55it [01:53,  1.61s/it]
Explaining differences: 56it [01:54,  1.50s/it]
Explaining differences: 57it [01:55,  1.49s/it]
Explaining differences: 58it [01:57,  1.59s/it]
Explaining differences: 59it [01:58,  1.53s/it]
Explaining differences: 60it [02:00,  1.51s/it]
Explaining differences: 61it [02:01,  1.47s/it]
Explaining differences: 62it [02:03,  1.41s/it]
Explaining differences: 63it [02:04,  1.55s/it]
Explaining differences: 64it [02:06,  1.70s/it]
Explaining differences: 65it [1:11:51, 1256.52s/it]
Explaining differences: 66it [1:11:53, 880.04s/it] 
Explaining differences: 67it [1:11:55, 616.64s/it]
Explaining differences: 68it [1:11:56, 432.12s/it]
Explaining differences: 69it [1:11:57, 302.86s/it]
Explaining differences: 70it [1:11:59, 212.61s/it]
Explaining differences: 71it [1:12:01, 149.35s/it]
Explaining differences: 72it [1:12:02, 104.94s/it]
Explaining differences: 73it [1:12:05, 74.12s/it] 
Explaining differences: 74it [1:12:06, 52.20s/it]
Explaining differences: 75it [1:12:07, 36.98s/it]
Explaining differences: 76it [1:12:08, 26.26s/it]
Explaining differences: 77it [1:12:10, 18.77s/it]
Explaining differences: 78it [1:12:11, 13.63s/it]
Explaining differences: 79it [1:12:13, 10.07s/it]
Explaining differences: 80it [1:12:14,  7.41s/it]
Explaining differences: 81it [1:12:16,  5.68s/it]
Explaining differences: 82it [1:12:17,  4.37s/it]
Explaining differences: 83it [1:12:20,  3.75s/it]
Explaining differences: 84it [1:12:21,  3.10s/it]
Explaining differences: 85it [1:12:23,  2.85s/it]
Explaining differences: 86it [1:12:25,  2.52s/it]
Explaining differences: 87it [1:12:27,  2.25s/it]
Explaining differences: 88it [1:12:28,  1.98s/it]
Explaining differences: 89it [1:56:41, 797.33s/it]
Explaining differences: 90it [1:56:43, 558.54s/it]
Explaining differences: 91it [1:56:44, 391.38s/it]
Explaining differences: 92it [1:56:46, 274.44s/it]
Explaining differences: 93it [1:56:47, 192.46s/it]
Explaining differences: 94it [1:56:48, 135.10s/it]
Explaining differences: 95it [1:56:49, 94.96s/it] 
Explaining differences: 96it [1:56:51, 66.97s/it]
Explaining differences: 97it [1:56:52, 47.31s/it]
Explaining differences: 98it [1:56:54, 33.48s/it]
Explaining differences: 99it [1:56:55, 23.75s/it]
Explaining differences: 100it [1:56:56, 16.99s/it]
Explaining differences: 101it [1:56:57, 12.29s/it]
Explaining differences: 102it [1:56:59,  9.05s/it]
Explaining differences: 103it [1:57:00,  6.80s/it]
Explaining differences: 104it [1:57:02,  5.21s/it]
Explaining differences: 105it [1:57:03,  4.02s/it]
Explaining differences: 106it [1:57:04,  3.16s/it]
Explaining differences: 107it [1:57:05,  2.58s/it]
Explaining differences: 108it [1:57:07,  2.18s/it]
Explaining differences: 109it [1:57:08,  1.90s/it]
Explaining differences: 110it [1:57:09,  1.65s/it]
Explaining differences: 111it [1:57:10,  1.57s/it]
Explaining differences: 112it [1:57:12,  1.74s/it]
Explaining differences: 113it [1:57:14,  1.62s/it]
Explaining differences: 114it [1:57:15,  1.55s/it]
Explaining differences: 115it [1:57:17,  1.67s/it]
Explaining differences: 116it [1:57:18,  1.52s/it]
Explaining differences: 117it [1:57:20,  1.53s/it]
Explaining differences: 118it [1:57:21,  1.52s/it]
Explaining differences: 119it [1:57:23,  1.44s/it]
Explaining differences: 120it [1:57:24,  1.44s/it]
Explaining differences: 121it [2:12:45, 277.28s/it]
Explaining differences: 122it [2:12:46, 194.49s/it]
Explaining differences: 123it [2:12:48, 136.67s/it]
Explaining differences: 124it [2:12:50, 96.22s/it] 
Explaining differences: 125it [2:12:51, 67.81s/it]
Explaining differences: 126it [2:12:52, 47.78s/it]
Explaining differences: 127it [2:12:54, 34.00s/it]
Explaining differences: 128it [2:12:55, 24.17s/it]
Explaining differences: 129it [2:12:57, 17.30s/it]
Explaining differences: 130it [2:12:58, 12.53s/it]
Explaining differences: 131it [2:13:00,  9.35s/it]
Explaining differences: 132it [2:13:01,  6.91s/it]
Explaining differences: 133it [2:13:02,  5.18s/it]
Explaining differences: 134it [2:13:04,  4.05s/it]
Explaining differences: 135it [2:13:05,  3.28s/it]
Explaining differences: 136it [2:13:06,  2.62s/it]
Explaining differences: 137it [2:13:08,  2.33s/it]
Explaining differences: 138it [2:13:10,  2.09s/it]
Explaining differences: 139it [2:13:11,  2.02s/it]
Explaining differences: 140it [2:13:13,  1.75s/it]
Explaining differences: 141it [2:13:14,  1.62s/it]
Explaining differences: 142it [2:13:16,  1.63s/it]
Explaining differences: 143it [2:13:17,  1.60s/it]
Explaining differences: 144it [2:13:19,  1.61s/it]
Explaining differences: 145it [2:13:20,  1.62s/it]
Explaining differences: 146it [2:13:22,  1.58s/it]
Explaining differences: 147it [2:13:24,  1.80s/it]
Explaining differences: 148it [2:13:25,  1.59s/it]
Explaining differences: 149it [2:13:27,  1.70s/it]
Explaining differences: 150it [2:13:29,  1.60s/it]
Explaining differences: 151it [2:13:30,  1.57s/it]
Explaining differences: 152it [2:13:33,  1.87s/it]
Explaining differences: 153it [2:13:33,  1.55s/it]
Explaining differences: 154it [2:13:35,  1.61s/it]
Explaining differences: 155it [2:13:41,  2.94s/it]
Explaining differences: 156it [2:13:43,  2.49s/it]
Explaining differences: 157it [2:13:44,  2.17s/it]
Explaining differences: 158it [2:13:45,  1.92s/it]
Explaining differences: 159it [2:13:47,  1.77s/it]
Explaining differences: 160it [2:13:48,  1.67s/it]
Explaining differences: 161it [2:13:49,  1.52s/it]
Explaining differences: 162it [2:13:51,  1.44s/it]
Explaining differences: 163it [2:13:52,  1.42s/it]
Explaining differences: 164it [2:13:53,  1.34s/it]
Explaining differences: 165it [2:13:55,  1.42s/it]
Explaining differences: 166it [2:13:57,  1.55s/it]
Explaining differences: 167it [2:13:58,  1.51s/it]
Explaining differences: 168it [2:13:59,  1.41s/it]
Explaining differences: 169it [2:14:01,  1.34s/it]
Explaining differences: 170it [2:14:02,  1.43s/it]
Explaining differences: 171it [2:14:04,  1.43s/it]
Explaining differences: 172it [2:14:05,  1.43s/it]
Explaining differences: 173it [2:14:08,  1.83s/it]
Explaining differences: 174it [2:14:10,  1.84s/it]
Explaining differences: 175it [2:14:12,  1.86s/it]
Explaining differences: 176it [2:14:13,  1.68s/it]
Explaining differences: 177it [2:14:14,  1.66s/it]
Explaining differences: 178it [2:14:16,  1.66s/it]
Explaining differences: 179it [2:14:18,  1.63s/it]
Explaining differences: 180it [2:14:19,  1.59s/it]
Explaining differences: 181it [2:14:20,  1.48s/it]
Explaining differences: 182it [2:14:22,  1.47s/it]
Explaining differences: 183it [2:14:24,  1.58s/it]
Explaining differences: 184it [2:14:26,  1.75s/it]
Explaining differences: 185it [2:14:27,  1.63s/it]
Explaining differences: 186it [2:14:29,  1.60s/it]
Explaining differences: 187it [2:14:31,  1.76s/it]
Explaining differences: 188it [2:14:32,  1.73s/it]
Explaining differences: 189it [2:14:34,  1.73s/it]
Explaining differences: 190it [2:14:36,  1.70s/it]
Explaining differences: 191it [2:14:37,  1.53s/it]
Explaining differences: 192it [2:14:39,  1.65s/it]
Explaining differences: 193it [2:14:40,  1.53s/it]
Explaining differences: 194it [2:14:42,  1.59s/it]
Explaining differences: 195it [2:14:43,  1.57s/it]
Explaining differences: 196it [2:14:45,  1.56s/it]
Explaining differences: 197it [2:14:46,  1.49s/it]
Explaining differences: 198it [2:14:48,  1.51s/it]
Explaining differences: 199it [2:14:49,  1.42s/it]
Explaining differences: 200it [2:14:52,  1.73s/it]
Explaining differences: 201it [2:14:53,  1.55s/it]
Explaining differences: 202it [2:14:55,  1.82s/it]
Explaining differences: 203it [2:14:57,  1.83s/it]
Explaining differences: 204it [2:14:58,  1.68s/it]
Explaining differences: 204it [2:14:58, 39.70s/it]
⏭️  Skipping drift_report_chapter14_back_4_end_of_chapter_activities_vs_chapter14_back_4_end_of_chapter_activities.csv — explained report already exists (use --overwrite to regenerate).
Analyzing 10 flagged paragraphs in drift_report_chapter14_back_5_hearing_the_voice_of_god_vs_chapter14_back_5_hearing_the_voice_of_god.csv...

Explaining differences: 0it [00:00, ?it/s]
Explaining differences: 1it [00:03,  3.27s/it]
Explaining differences: 2it [00:05,  2.37s/it]
Explaining differences: 3it [00:06,  1.95s/it]
Explaining differences: 4it [00:08,  2.02s/it]
Explaining differences: 5it [00:11,  2.22s/it]
Explaining differences: 6it [00:13,  2.19s/it]
Explaining differences: 7it [00:15,  2.35s/it]
Explaining differences: 8it [00:17,  2.15s/it]
Explaining differences: 9it [00:19,  1.99s/it]
Explaining differences: 10it [00:21,  2.03s/it]
Explaining differences: 10it [00:21,  2.15s/it]
⏭️  Skipping drift_report_chapter14_back_5_hearing_the_voice_of_god_vs_chapter14_back_5_hearing_the_voice_of_god.csv — explained report already exists (use --overwrite to regenerate).
Analyzing 22 flagged paragraphs in drift_report_chapter14_chapter_14_keep_watch_vs_chapter14_chapter_14_keep_watch.csv...

Explaining differences: 0it [00:00, ?it/s]
Explaining differences: 1it [00:01,  1.67s/it]
Explaining differences: 2it [00:03,  1.71s/it]
Explaining differences: 3it [00:04,  1.63s/it]
Explaining differences: 4it [00:06,  1.49s/it]
Explaining differences: 5it [00:08,  1.70s/it]
Explaining differences: 6it [00:10,  1.75s/it]
Explaining differences: 7it [00:12,  1.79s/it]
Explaining differences: 8it [00:13,  1.71s/it]
Explaining differences: 9it [00:14,  1.62s/it]
Explaining differences: 10it [00:16,  1.56s/it]
Explaining differences: 11it [00:17,  1.56s/it]
Explaining differences: 12it [00:19,  1.54s/it]
Explaining differences: 13it [00:20,  1.52s/it]
Explaining differences: 14it [00:22,  1.56s/it]
Explaining differences: 15it [00:24,  1.55s/it]
Explaining differences: 16it [00:25,  1.58s/it]
Explaining differences: 17it [00:26,  1.47s/it]
Explaining differences: 18it [00:29,  1.66s/it]
Explaining differences: 19it [00:30,  1.64s/it]
Explaining differences: 20it [00:32,  1.58s/it]
Explaining differences: 21it [00:33,  1.56s/it]
Explaining differences: 22it [00:35,  1.58s/it]
Explaining differences: 22it [00:35,  1.60s/it]
⏭️  Skipping drift_report_chapter14_chapter_14_keep_watch_vs_chapter14_chapter_14_keep_watch.csv — explained report already exists (use --overwrite to regenerate).
ℹ️  No non-HIGH paragraphs in drift_report_chapter0_1_dedication_vs_chapter0_1_dedication.csv — skipping.
Analyzing 1 flagged paragraphs in drift_report_chapter0_0_intro_vs_chapter0_0_intro.csv...

Explaining differences: 0it [00:00, ?it/s]
Explaining differences: 1it [00:01,  1.34s/it]
Explaining differences: 1it [00:01,  1.34s/it]
⏭️  Skipping drift_report_chapter0_0_intro_vs_chapter0_0_intro.csv — explained report already exists (use --overwrite to regenerate).
Analyzing 8 flagged paragraphs in drift_report_chapter7_chapter_7_jesus_the_foundation_of_our_faith_vs_chapter7_chapter_7_jesus_the_foundation_of_our_faith.csv...

Explaining differences: 0it [00:00, ?it/s]
Explaining differences: 1it [00:02,  2.14s/it]
Explaining differences: 2it [00:03,  1.80s/it]
Explaining differences: 3it [00:05,  1.75s/it]
Explaining differences: 4it [00:07,  1.73s/it]
Explaining differences: 5it [00:08,  1.62s/it]
Explaining differences: 6it [00:11,  1.98s/it]
Explaining differences: 7it [00:13,  2.00s/it]
Explaining differences: 8it [00:15,  1.98s/it]
Explaining differences: 8it [00:15,  1.89s/it]
⏭️  Skipping drift_report_chapter7_chapter_7_jesus_the_foundation_of_our_faith_vs_chapter7_chapter_7_jesus_the_foundation_of_our_faith.csv — explained report already exists (use --overwrite to regenerate).
Analyzing 31 flagged paragraphs in drift_report_chapter13_chapter_13_spiritual_authority_vs_chapter13_chapter_13_spiritual_authority.csv...

Explaining differences: 0it [00:00, ?it/s]
Explaining differences: 1it [00:01,  1.18s/it]
Explaining differences: 2it [00:02,  1.42s/it]
Explaining differences: 3it [00:04,  1.71s/it]
Explaining differences: 4it [00:06,  1.72s/it]
Explaining differences: 5it [00:08,  1.80s/it]
Explaining differences: 6it [00:10,  1.76s/it]
Explaining differences: 7it [00:11,  1.64s/it]
Explaining differences: 8it [00:13,  1.64s/it]
Explaining differences: 9it [00:14,  1.64s/it]
Explaining differences: 10it [00:16,  1.70s/it]
Explaining differences: 11it [00:18,  1.87s/it]
Explaining differences: 12it [00:20,  1.77s/it]
Explaining differences: 13it [00:21,  1.64s/it]
Explaining differences: 14it [00:23,  1.61s/it]
Explaining differences: 15it [00:24,  1.52s/it]
Explaining differences: 16it [00:30,  2.73s/it]
Explaining differences: 17it [00:32,  2.48s/it]
Explaining differences: 18it [21:47, 384.99s/it]
Explaining differences: 19it [21:49, 269.95s/it]
Explaining differences: 20it [21:50, 189.33s/it]
Explaining differences: 21it [21:52, 132.87s/it]
Explaining differences: 22it [21:53, 93.50s/it] 
Explaining differences: 23it [21:55, 65.98s/it]
Explaining differences: 24it [21:57, 46.67s/it]
Explaining differences: 25it [21:58, 33.10s/it]
Explaining differences: 26it [22:00, 23.65s/it]
Explaining differences: 27it [22:03, 17.55s/it]
Explaining differences: 28it [22:05, 12.75s/it]
Explaining differences: 29it [22:06,  9.41s/it]
Explaining differences: 30it [22:08,  6.96s/it]
Explaining differences: 31it [22:09,  5.30s/it]
Explaining differences: 31it [22:09, 42.89s/it]
⏭️  Skipping drift_report_chapter13_chapter_13_spiritual_authority_vs_chapter13_chapter_13_spiritual_authority.csv — explained report already exists (use --overwrite to regenerate).
Analyzing 32 flagged paragraphs in drift_report_chapter12_chapter_12_discipleship_vs_chapter12_chapter_12_discipleship.csv...

Explaining differences: 0it [00:00, ?it/s]
Explaining differences: 1it [00:01,  1.27s/it]
Explaining differences: 2it [00:02,  1.43s/it]
Explaining differences: 3it [00:04,  1.50s/it]
Explaining differences: 4it [00:06,  1.56s/it]
Explaining differences: 5it [00:08,  1.81s/it]
Explaining differences: 6it [00:09,  1.71s/it]
Explaining differences: 7it [00:11,  1.74s/it]
Explaining differences: 8it [00:12,  1.56s/it]
Explaining differences: 9it [2:37:27, 2950.50s/it]
Explaining differences: 10it [2:41:25, 2113.24s/it]
Explaining differences: 11it [2:41:27, 1466.98s/it]
Explaining differences: 12it [2:41:31, 1021.87s/it]
Explaining differences: 13it [2:41:34, 713.21s/it] 
Explaining differences: 14it [2:41:36, 498.49s/it]
Explaining differences: 15it [2:41:38, 348.86s/it]
Explaining differences: 16it [2:41:40, 244.50s/it]
Explaining differences: 17it [2:41:43, 171.87s/it]
Explaining differences: 18it [2:41:46, 120.90s/it]
Explaining differences: 19it [2:41:48, 85.17s/it] 
Explaining differences: 20it [2:41:49, 60.06s/it]
Explaining differences: 21it [2:41:51, 42.59s/it]
Explaining differences: 22it [2:41:52, 30.21s/it]
Explaining differences: 23it [2:41:54, 21.54s/it]
Explaining differences: 24it [2:41:55, 15.60s/it]
Explaining differences: 25it [2:41:57, 11.44s/it]
Explaining differences: 26it [2:41:59,  8.44s/it]
Explaining differences: 27it [4:17:32, 1725.92s/it]
Explaining differences: 28it [4:17:33, 1208.60s/it]
Explaining differences: 29it [4:17:35, 846.55s/it] 
Explaining differences: 30it [4:17:37, 593.07s/it]
Explaining differences: 31it [4:17:38, 415.50s/it]
Explaining differences: 32it [4:17:40, 291.43s/it]
Explaining differences: 32it [4:17:40, 483.13s/it]
⏭️  Skipping drift_report_chapter12_chapter_12_discipleship_vs_chapter12_chapter_12_discipleship.csv — explained report already exists (use --overwrite to regenerate).
Analyzing 1 flagged paragraphs in drift_report_chapter14_back_3_extended_reference_tables_vs_chapter14_back_3_extended_reference_tables.csv...

Explaining differences: 0it [00:00, ?it/s]
Explaining differences: 1it [00:01,  1.92s/it]
Explaining differences: 1it [00:01,  1.92s/it]
⏭️  Skipping drift_report_chapter14_back_3_extended_reference_tables_vs_chapter14_back_3_extended_reference_tables.csv — explained report already exists (use --overwrite to regenerate).
Analyzing 2 flagged paragraphs in drift_report_chapter0_2_acknowledgements_vs_chapter0_2_acknowledgements.csv...

Explaining differences: 0it [00:00, ?it/s]
Explaining differences: 1it [00:00,  1.12it/s]
Explaining differences: 2it [00:03,  1.97s/it]
Explaining differences: 2it [00:03,  1.81s/it]
⏭️  Skipping drift_report_chapter0_2_acknowledgements_vs_chapter0_2_acknowledgements.csv — explained report already exists (use --overwrite to regenerate).
Analyzing 39 flagged paragraphs in drift_report_chapter6_chapter_6_faith_toward_god_vs_chapter6_chapter_6_faith_toward_god.csv...

Explaining differences: 0it [00:00, ?it/s]
Explaining differences: 1it [00:01,  1.55s/it]
Explaining differences: 2it [00:02,  1.31s/it]
Explaining differences: 3it [00:04,  1.65s/it]
Explaining differences: 4it [00:07,  2.13s/it]
Explaining differences: 5it [00:08,  1.84s/it]
Explaining differences: 6it [00:10,  1.70s/it]
Explaining differences: 7it [00:12,  1.73s/it]
Explaining differences: 8it [00:13,  1.62s/it]
Explaining differences: 9it [00:15,  1.85s/it]
Explaining differences: 10it [00:17,  1.66s/it]
Explaining differences: 11it [00:18,  1.50s/it]
Explaining differences: 12it [00:20,  1.63s/it]
Explaining differences: 13it [00:21,  1.55s/it]
Explaining differences: 14it [00:22,  1.45s/it]
Explaining differences: 15it [00:23,  1.33s/it]
Explaining differences: 16it [00:25,  1.32s/it]
Explaining differences: 17it [00:26,  1.27s/it]
Explaining differences: 18it [00:27,  1.24s/it]
Explaining differences: 19it [00:28,  1.23s/it]
Explaining differences: 20it [00:30,  1.28s/it]
Explaining differences: 21it [00:31,  1.29s/it]
Explaining differences: 22it [00:32,  1.34s/it]
Explaining differences: 23it [00:34,  1.33s/it]
Explaining differences: 24it [00:35,  1.31s/it]
Explaining differences: 25it [00:36,  1.31s/it]
Explaining differences: 26it [00:38,  1.31s/it]
Explaining differences: 27it [00:39,  1.29s/it]
Explaining differences: 28it [00:40,  1.28s/it]
Explaining differences: 29it [00:42,  1.35s/it]
Explaining differences: 30it [00:42,  1.22s/it]
Explaining differences: 31it [00:44,  1.22s/it]
Explaining differences: 32it [00:45,  1.32s/it]
Explaining differences: 33it [00:46,  1.25s/it]
Explaining differences: 34it [00:48,  1.34s/it]
Explaining differences: 35it [00:49,  1.37s/it]
Explaining differences: 36it [00:51,  1.33s/it]
Explaining differences: 37it [00:52,  1.40s/it]
Explaining differences: 38it [00:54,  1.41s/it]
Explaining differences: 39it [00:55,  1.45s/it]
Explaining differences: 39it [00:55,  1.42s/it]
⏭️  Skipping drift_report_chapter6_chapter_6_faith_toward_god_vs_chapter6_chapter_6_faith_toward_god.csv — explained report already exists (use --overwrite to regenerate).
ℹ️  No non-HIGH paragraphs in drift_report_chapter0_5_foreword_vs_chapter0_5_foreword.csv — skipping.
Analyzing 7 flagged paragraphs in drift_report_chapter10_chapter_10_sanctified_prepared_for_god_s_purpose_vs_chapter10_chapter_10_sanctified_prepared_for_god_s_purpose.csv...

Explaining differences: 0it [00:00, ?it/s]
Explaining differences: 1it [00:01,  1.36s/it]
Explaining differences: 2it [00:02,  1.31s/it]
Explaining differences: 3it [00:03,  1.22s/it]
Explaining differences: 4it [00:04,  1.18s/it]
Explaining differences: 5it [00:06,  1.28s/it]
Explaining differences: 6it [00:07,  1.17s/it]
Explaining differences: 7it [00:08,  1.24s/it]
Explaining differences: 7it [00:08,  1.24s/it]
⏭️  Skipping drift_report_chapter10_chapter_10_sanctified_prepared_for_god_s_purpose_vs_chapter10_chapter_10_sanctified_prepared_for_god_s_purpose.csv — explained report already exists (use --overwrite to regenerate).
🎉 All files processed.
⚠️  Unknown model for tokenizer; using cl100k_base.

📘 Processing table1.md...
🧮 Auto batch size determined: 20 paragraphs per request (input budget ≈ 246400.0 tokens)
⏭️ Skipping <!-- p0 --> (already translated)
✅ Done: /Users/andrew/repo/kli-translation-pipeline_principles-of-faith/japenese/pipeline2/translation/tables/table1.md (0/1 translated)

📘 Processing table10.md...
🧮 Auto batch size determined: 20 paragraphs per request (input budget ≈ 246400.0 tokens)
⏭️ Skipping <!-- p0 --> (already translated)
✅ Done: /Users/andrew/repo/kli-translation-pipeline_principles-of-faith/japenese/pipeline2/translation/tables/table10.md (0/1 translated)

📘 Processing table11.md...
🧮 Auto batch size determined: 20 paragraphs per request (input budget ≈ 246400.0 tokens)
⏭️ Skipping <!-- p0 --> (already translated)
✅ Done: /Users/andrew/repo/kli-translation-pipeline_principles-of-faith/japenese/pipeline2/translation/tables/table11.md (0/1 translated)

📘 Processing table12.md...
🧮 Auto batch size determined: 20 paragraphs per request (input budget ≈ 246400.0 tokens)
⏭️ Skipping <!-- p0 --> (already translated)
✅ Done: /Users/andrew/repo/kli-translation-pipeline_principles-of-faith/japenese/pipeline2/translation/tables/table12.md (0/1 translated)

📘 Processing table2.md...
🧮 Auto batch size determined: 20 paragraphs per request (input budget ≈ 246400.0 tokens)
⏭️ Skipping <!-- p0 --> (already translated)
✅ Done: /Users/andrew/repo/kli-translation-pipeline_principles-of-faith/japenese/pipeline2/translation/tables/table2.md (0/1 translated)

📘 Processing table3.md...
🧮 Auto batch size determined: 20 paragraphs per request (input budget ≈ 246400.0 tokens)
⏭️ Skipping <!-- p0 --> (already translated)
✅ Done: /Users/andrew/repo/kli-translation-pipeline_principles-of-faith/japenese/pipeline2/translation/tables/table3.md (0/1 translated)

📘 Processing table4.md...
🧮 Auto batch size determined: 20 paragraphs per request (input budget ≈ 246400.0 tokens)
⏭️ Skipping <!-- p0 --> (already translated)
✅ Done: /Users/andrew/repo/kli-translation-pipeline_principles-of-faith/japenese/pipeline2/translation/tables/table4.md (0/1 translated)

📘 Processing table5.md...
🧮 Auto batch size determined: 20 paragraphs per request (input budget ≈ 246400.0 tokens)
⏭️ Skipping <!-- p0 --> (already translated)
✅ Done: /Users/andrew/repo/kli-translation-pipeline_principles-of-faith/japenese/pipeline2/translation/tables/table5.md (0/1 translated)

📘 Processing table6.md...
🧮 Auto batch size determined: 20 paragraphs per request (input budget ≈ 246400.0 tokens)
⏭️ Skipping <!-- p0 --> (already translated)
✅ Done: /Users/andrew/repo/kli-translation-pipeline_principles-of-faith/japenese/pipeline2/translation/tables/table6.md (0/1 translated)

📘 Processing table7.md...
🧮 Auto batch size determined: 20 paragraphs per request (input budget ≈ 246400.0 tokens)
⏭️ Skipping <!-- p0 --> (already translated)
✅ Done: /Users/andrew/repo/kli-translation-pipeline_principles-of-faith/japenese/pipeline2/translation/tables/table7.md (0/1 translated)

📘 Processing table8.md...
🧮 Auto batch size determined: 20 paragraphs per request (input budget ≈ 246400.0 tokens)
⏭️ Skipping <!-- p0 --> (already translated)
✅ Done: /Users/andrew/repo/kli-translation-pipeline_principles-of-faith/japenese/pipeline2/translation/tables/table8.md (0/1 translated)

📘 Processing table9.md...
🧮 Auto batch size determined: 20 paragraphs per request (input budget ≈ 246400.0 tokens)
🟦 Translating batch of 1 paragraphs (1/1)...
✅ Done: /Users/andrew/repo/kli-translation-pipeline_principles-of-faith/japenese/pipeline2/translation/tables/table9.md (1/1 translated)

🎯 All files processed.
